-- always use right database
USE bbpet;
GO

-- set identity insert on and off for all table have column id

SET IDENTITY_INSERT Employee ON;

INSERT INTO Employee (id, name, address, phoneNumber)
VALUES
    (1, 'John Doe', '123 Main St, Irvine, CA 92602', '555-1234'),
    (2, 'Jane Smith', '456 Oak St, Anaheim, CA 92801', '555-5678'),
    (3, 'Bob Johnson', '789 Pine St, Santa Ana, CA 92703', '555-9012'),
    (4, 'Alice Williams', '321 Elm St, Huntington Beach, CA 92647', '555-3456'),
    (5, 'Charlie Brown', '654 Maple St, Fullerton, CA 92831', '555-7890'),
    (6, 'Emma Davis', '987 Birch St, Costa Mesa, CA 92626', '555-2345'),
    (7, 'Michael Wilson', '135 Cedar St, Newport Beach, CA 92660', '555-6789'),
    (8, 'Olivia Taylor', '246 Cherry St, Garden Grove, CA 92840', '555-0123'),
    (9, 'William Moore', '864 Walnut St, Orange, CA 92866', '555-4567'),
    (10, 'Sophia Martin', '579 Hickory St, Tustin, CA 92780', '555-8901');

SET IDENTITY_INSERT Employee OFF;



-- ShopItem
SET IDENTITY_INSERT ShopItem ON;
INSERT INTO ShopItem (id, name, type, price)
VALUES
    (1, 'Dog Grooming', 'SERVICE', 30.00),
    (2, 'Cat Grooming', 'SERVICE', 25.00),
    (3, 'Dog Training', 'SERVICE', 50.00),
    (4, 'Cat Training', 'SERVICE', 40.00),
    (5, 'Dog Boarding', 'SERVICE', 30.00),
    (6, 'Cat Boarding', 'SERVICE', 25.00),
    (7, 'Dog Walking', 'SERVICE', 15.00),
    (8, 'Pet Sitting', 'SERVICE', 20.00),
    (9, 'Pet Taxi', 'SERVICE', 25.00),
    (10, 'Veterinary Consultation', 'SERVICE', 50.00);
SET IDENTITY_INSERT ShopItem OFF;


-- Service
SET IDENTITY_INSERT Service ON;
INSERT INTO Service (id, shopItemId, name, description)
VALUES
    (1, 1, 'Dog Grooming', 'Professional grooming service for dogs.'),
    (2, 2, 'Cat Grooming', 'Professional grooming service for cats.'),
    (3, 3, 'Dog Training', 'Professional training service for dogs.'),
    (4, 4, 'Cat Training', 'Professional training service for cats.'),
    (5, 5, 'Dog Boarding', 'Boarding service for dogs.'),
    (6, 6, 'Cat Boarding', 'Boarding service for cats.'),
    (7, 7, 'Dog Walking', 'Dog walking service.'),
    (8, 8, 'Pet Sitting', 'Pet sitting service.'),
    (9, 9, 'Pet Taxi', 'Pet transportation service.'),
    (10, 10, 'Veterinary Consultation', 'Consultation with a licensed veterinarian.');
SET IDENTITY_INSERT Service OFF;


-- ShopItem
SET IDENTITY_INSERT ShopItem ON;
INSERT INTO ShopItem (id, name, type, price)
VALUES
    (11, 'Dog Food', 'PRODUCT', 20.00),
    (12, 'Cat Food', 'PRODUCT', 15.00),
    (13, 'Bird Food', 'PRODUCT', 10.00),
    (14, 'Fish Food', 'PRODUCT', 5.00),
    (15, 'Dog Toy', 'PRODUCT', 10.00),
    (16, 'Cat Toy', 'PRODUCT', 8.00),
    (17, 'Bird Cage', 'PRODUCT', 50.00),
    (18, 'Fish Tank', 'PRODUCT', 100.00),
    (19, 'Dog Bed', 'PRODUCT', 30.00),
    (20, 'Cat Bed', 'PRODUCT', 25.00),
    (21, 'Dog Leash', 'PRODUCT', 15.00),
    (22, 'Cat Collar', 'PRODUCT', 10.00),
    (23, 'Bird Swing', 'PRODUCT', 12.00),
    (24, 'Fish Filter', 'PRODUCT', 20.00),
    (25, 'Dog Shampoo', 'PRODUCT', 10.00),
    (26, 'Cat Litter', 'PRODUCT', 8.00),
    (27, 'Bird Treat', 'PRODUCT', 5.00),
    (28, 'Fish Food Flakes', 'PRODUCT', 3.00),
    (29, 'Dog Brush', 'PRODUCT', 12.00),
    (30, 'Cat Brush', 'PRODUCT', 10.00);
SET IDENTITY_INSERT ShopItem OFF;

-- Product
SET IDENTITY_INSERT Product ON;
INSERT INTO Product (id, shopItemId, name, description)
VALUES
    (1, 11, 'Dog Food', 'High-quality dog food for all breeds.'),
    (2, 12, 'Cat Food', 'High-quality cat food for all breeds.'),
    (3, 13, 'Bird Food', 'High-quality bird food for all species.'),
    (4, 14, 'Fish Food', 'High-quality fish food for all species.'),
    (5, 15, 'Dog Toy', 'Durable dog toy for play and exercise.'),
    (6, 16, 'Cat Toy', 'Durable cat toy for play and exercise.'),
    (7, 17, 'Bird Cage', 'Spacious bird cage for all bird species.'),
    (8, 18, 'Fish Tank', 'Spacious fish tank for all fish species.'),
    (9, 19, 'Dog Bed', 'Comfortable dog bed for all breeds.'),
    (10, 20, 'Cat Bed', 'Comfortable cat bed for all breeds.'),
    (11, 21, 'Dog Leash', 'Durable dog leash for all breeds.'),
    (12, 22, 'Cat Collar', 'Durable cat collar with ID tag.'),
    (13, 23, 'Bird Swing', 'Fun bird swing for all bird species.'),
    (14, 24, 'Fish Filter', 'Efficient fish tank filter for clear water.'),
    (15, 25, 'Dog Shampoo', 'Gentle dog shampoo for all breeds.'),
    (16, 26, 'Cat Litter', 'Natural cat litter for odor control.'),
    (17, 27, 'Bird Treat', 'Healthy bird treat for all species.'),
    (18, 28, 'Fish Food Flakes', 'Nutritious fish food flakes for all species.'),
    (19, 29, 'Dog Brush', 'Durable dog brush for all breeds.'),
    (20, 30, 'Cat Brush', 'Durable cat brush for all breeds.');
SET IDENTITY_INSERT Product OFF;

-- ProductInventory
SET IDENTITY_INSERT ProductInventory ON;
INSERT INTO ProductInventory (id, productId, storeDate, storeLocation, priceEach, quantity, mgfDate, expDate)
VALUES
-- Product 1: Dog Food
(1, 1, '2022-01-01', 'Warehouse 1 - Westminster, CA 92683', 17.00, 100000, '2022-01-01', '2023-01-01'),
(2, 1, '2023-01-01', 'Warehouse 2 - Westminster, CA 92683', 17.50, 100000, '2023-01-01', '2024-01-01'),
(3, 1, '2024-01-01', 'Warehouse 3 - Westminster, CA 92683', 18.00, 100000, '2024-01-01', '2025-01-01'),

-- Product 2: Cat Food
(4, 2, '2022-01-01', 'Warehouse 1 - Westminster, CA 92683', 13.00, 100000, '2022-01-01', '2023-01-01'),
(5, 2, '2023-01-01', 'Warehouse 2 - Westminster, CA 92683', 13.50, 100000, '2023-01-01', '2024-01-01'),
(6, 2, '2024-01-01', 'Warehouse 3 - Westminster, CA 92683', 14.00, 100000, '2024-01-01', '2025-01-01'),

-- Product 3: Bird Food
(7, 3, '2022-01-01', 'Warehouse 1 - Westminster, CA 92683', 8.00, 100000, '2022-01-01', '2023-01-01'),
(8, 3, '2023-01-01', 'Warehouse 2 - Westminster, CA 92683', 8.50, 100000, '2023-01-01', '2024-01-01'),
(9, 3, '2024-01-01', 'Warehouse 3 - Westminster, CA 92683', 9.00, 100000, '2024-01-01', '2025-01-01'),

-- Product 4: Fish Food
(10, 4, '2022-01-01', 'Warehouse 1 - Westminster, CA 92683', 3.00, 100000, '2022-01-01', '2023-01-01'),
(11, 4, '2023-01-01', 'Warehouse 2 - Westminster, CA 92683', 3.50, 100000, '2023-01-01', '2024-01-01'),
(12, 4, '2024-01-01', 'Warehouse 3 - Westminster, CA 92683', 4.00, 100000, '2024-01-01', '2025-01-01'),

-- Product 5: Dog Toy
(13, 5, '2022-01-01', 'Warehouse 1 - Westminster, CA 92683', 8.00, 100000, '2022-01-01', '2023-01-01'),
(14, 5, '2023-01-01', 'Warehouse 2 - Westminster, CA 92683', 8.50, 100000, '2023-01-01', '2024-01-01'),
(15, 5, '2024-01-01', 'Warehouse 3 - Westminster, CA 92683', 9.00, 100000, '2024-01-01', '2025-01-01'),

-- Product 6: Cat Toy
(16, 6, '2022-01-01', 'Warehouse 1 - Westminster, CA 92683', 6.00, 100000, '2022-01-01', '2023-01-01'),
(17, 6, '2023-01-01', 'Warehouse 2 - Westminster, CA 92683', 6.50, 100000, '2023-01-01', '2024-01-01'),
(18, 6, '2024-01-01', 'Warehouse 3 - Westminster, CA 92683', 7.00, 100000, '2024-01-01', '2025-01-01'),

-- Product 7: Bird Cage
(19, 7, '2022-01-01', 'Warehouse 1 - Westminster, CA 92683', 40.00, 100000, '2022-01-01', '2023-01-01'),
(20, 7, '2023-01-01', 'Warehouse 2 - Westminster, CA 92683', 42.00, 100000, '2023-01-01', '2024-01-01'),
(21, 7, '2024-01-01', 'Warehouse 3 - Westminster, CA 92683', 44.00, 100000, '2024-01-01', '2025-01-01'),

-- Product 8: Fish Tank
(22, 8, '2022-01-01', 'Warehouse 1 - Westminster, CA 92683', 80.00, 100000, '2022-01-01', '2023-01-01'),
(23, 8, '2023-01-01', 'Warehouse 2 - Westminster, CA 92683', 85.00, 100000, '2023-01-01', '2024-01-01'),
(24, 8, '2024-01-01', 'Warehouse 3 - Westminster, CA 92683', 90.00, 100000, '2024-01-01', '2025-01-01'),

-- Product 9: Dog Bed
(25, 9, '2022-01-01', 'Warehouse 1 - Westminster, CA 92683', 24.00, 100000, '2022-01-01', '2023-01-01'),
(26, 9, '2023-01-01', 'Warehouse 2 - Westminster, CA 92683', 25.00, 100000, '2023-01-01', '2024-01-01'),
(27, 9, '2024-01-01', 'Warehouse 3 - Westminster, CA 92683', 26.00, 100000, '2024-01-01', '2025-01-01'),

-- Product 10: Cat Bed
(28, 10, '2022-01-01', 'Warehouse 1 - Westminster, CA 92683', 20.00, 100000, '2022-01-01', '2023-01-01'),
(29, 10, '2023-01-01', 'Warehouse 2 - Westminster, CA 92683', 21.00, 100000, '2023-01-01', '2024-01-01'),
(30, 10, '2024-01-01', 'Warehouse 3 - Westminster, CA 92683', 22.00, 100000, '2024-01-01', '2025-01-01'),

-- Product 11: Dog Leash
(31, 11, '2022-01-01', 'Warehouse 1 - Westminster, CA 92683', 12.00, 100000, '2022-01-01', '2023-01-01'),
(32, 11, '2023-01-01', 'Warehouse 2 - Westminster, CA 92683', 13.00, 100000, '2023-01-01', '2024-01-01'),
(33, 11, '2024-01-01', 'Warehouse 3 - Westminster, CA 92683', 14.00, 100000, '2024-01-01', '2025-01-01'),

-- Product 12: Cat Collar
(34, 12, '2022-01-01', 'Warehouse 1 - Westminster, CA 92683', 8.00, 100000, '2022-01-01', '2023-01-01'),
(35, 12, '2023-01-01', 'Warehouse 2 - Westminster, CA 92683', 9.00, 100000, '2023-01-01', '2024-01-01'),
(36, 12, '2024-01-01', 'Warehouse 3 - Westminster, CA 92683', 10.00, 100000, '2024-01-01', '2025-01-01'),

-- Product 13: Bird Swing
(37, 13, '2022-01-01', 'Warehouse 1 - Westminster, CA 92683', 9.00, 100000, '2022-01-01', '2023-01-01'),
(38, 13, '2023-01-01', 'Warehouse 2 - Westminster, CA 92683', 10.00, 100000, '2023-01-01', '2024-01-01'),
(39, 13, '2024-01-01', 'Warehouse 3 - Westminster, CA 92683', 11.00, 100000, '2024-01-01', '2025-01-01'),

-- Product 14: Fish Filter
(40, 14, '2022-01-01', 'Warehouse 1 - Westminster, CA 92683', 16.00, 100000, '2022-01-01', '2023-01-01'),
(41, 14, '2023-01-01', 'Warehouse 2 - Westminster, CA 92683', 17.00, 100000, '2023-01-01', '2024-01-01'),
(42, 14, '2024-01-01', 'Warehouse 3 - Westminster, CA 92683', 18.00, 100000, '2024-01-01', '2025-01-01'),

-- Product 15: Dog Shampoo
(43, 15, '2022-01-01', 'Warehouse 1 - Westminster, CA 92683', 8.00, 100000, '2022-01-01', '2023-01-01'),
(44, 15, '2023-01-01', 'Warehouse 2 - Westminster, CA 92683', 9.00, 100000, '2023-01-01', '2024-01-01'),
(45, 15, '2024-01-01', 'Warehouse 3 - Westminster, CA 92683', 10.00, 100000, '2024-01-01', '2025-01-01'),

-- Product 16: Cat Litter
(46, 16, '2022-01-01', 'Warehouse 1 - Westminster, CA 92683', 6.00, 100000, '2022-01-01', '2023-01-01'),
(47, 16, '2023-01-01', 'Warehouse 2 - Westminster, CA 92683', 7.00, 100000, '2023-01-01', '2024-01-01'),
(48, 16, '2024-01-01', 'Warehouse 3 - Westminster, CA 92683', 8.00, 100000, '2024-01-01', '2025-01-01'),

-- Product 17: Bird Treat
(49, 17, '2022-01-01', 'Warehouse 1 - Westminster, CA 92683', 4.00, 100000, '2022-01-01', '2023-01-01'),
(50, 17, '2023-01-01', 'Warehouse 2 - Westminster, CA 92683', 4.50, 100000, '2023-01-01', '2024-01-01'),
(51, 17, '2024-01-01', 'Warehouse 3 - Westminster, CA 92683', 5.00, 100000, '2024-01-01', '2025-01-01'),

-- Product 18: Fish Food Flakes
(52, 18, '2022-01-01', 'Warehouse 1 - Westminster, CA 92683', 2.00, 100000, '2022-01-01', '2023-01-01'),
(53, 18, '2023-01-01', 'Warehouse 2 - Westminster, CA 92683', 2.50, 100000, '2023-01-01', '2024-01-01'),
(54, 18, '2024-01-01', 'Warehouse 3 - Westminster, CA 92683', 3.00, 100000, '2024-01-01', '2025-01-01'),

-- Product 19: Dog Brush
(55, 19, '2022-01-01', 'Warehouse 1 - Westminster, CA 92683', 10.00, 100000, '2022-01-01', '2023-01-01'),
(56, 19, '2023-01-01', 'Warehouse 2 - Westminster, CA 92683', 11.00, 100000, '2023-01-01', '2024-01-01'),
(57, 19, '2024-01-01', 'Warehouse 3 - Westminster, CA 92683', 12.00, 100000, '2024-01-01', '2025-01-01'),

-- Product 20: Cat Brush
(58, 20, '2022-01-01', 'Warehouse 1 - Westminster, CA 92683', 8.00, 100000, '2022-01-01', '2023-01-01'),
(59, 20, '2023-01-01', 'Warehouse 2 - Westminster, CA 92683', 9.00, 100000, '2023-01-01', '2024-01-01'),
(60, 20, '2024-01-01', 'Warehouse 3 - Westminster, CA 92683', 10.00, 100000, '2024-01-01', '2025-01-01');
SET IDENTITY_INSERT ProductInventory OFF;


-- customer
SET IDENTITY_INSERT Customer ON;
INSERT INTO Customer (id, name, address, phoneNumber, accumulatedPoints)
VALUES
    (1, 'John Doe', '123 Main St, Los Angeles, CA 90001', '424-123-0001', 0),
    (2, 'Jane Smith', '456 Oak St, Portland, OR 97201', '503-555-0002', 0),
    (3, 'Bob Johnson', '789 Pine St, Phoenix, AZ 85001', '602-555-0003', 0),
    (4, 'Sally Lee', '321 Elm St, Las Vegas, NV 89101', '702-555-0004', 0),
    (5, 'Tom Brown', '654 Maple St, San Diego, CA 92101', '619-555-0005', 0),
    (6, 'Karen Davis', '987 Birch St, Seattle, WA 98101', '206-555-0006', 0),
    (7, 'Mike Miller', '135 Cedar St, San Francisco, CA 94102', '415-555-0007', 0),
    (8, 'Amy Taylor', '246 Cherry St, Eugene, OR 97401', '541-555-0008', 0),
    (9, 'David Clark', '864 Walnut St, Tucson, AZ 85701', '520-555-0009', 0),
    (10, 'Linda White', '579 Hickory St, Reno, NV 89501', '775-555-0010', 0),
    (11, 'Emily Davis', '123 Main St, Sacramento, CA 94203', '916-555-0011', 0),
    (12, 'Mark Johnson', '456 Oak St, Vancouver, WA 98660', '360-555-0012', 0),
    (13, 'Sarah Smith', '789 Pine St, Flagstaff, AZ 86001', '928-555-0013', 0),
    (14, 'William Lee', '321 Elm St, Henderson, NV 89002', '702-555-0014', 0),
    (15, 'Kevin Brown', '654 Maple St, Santa Ana, CA 92701', '714-555-0015', 0),
    (16, 'Jessica Davis', '987 Birch St, Salem, OR 97301', '503-555-0016', 0),
    (17, 'Robert Miller', '135 Cedar St, Mesa, AZ 85201', '480-555-0017', 0),
    (18, 'Michael Taylor', '246 Cherry St, Sparks, NV 89431', '775-555-0018', 0),
    (19, 'Steve Clark', '864 Walnut St, Long Beach, CA 90802', '562-555-0019', 0),
    (20, 'Katherine White', '579 Hickory St, Bend, OR 97701', '541-555-0020', 0),
    (21, 'James Davis', '123 Main St, Glendale, AZ 85301', '623-555-0021', 0),
    (22, 'Thomas Johnson', '456 Oak St, Carson City, NV 89701', '775-555-0022', 0),
    (23, 'Michelle Smith', '789 Pine St, Fresno, CA 93702', '559-555-0023', 0),
    (24, 'Brian Lee', '321 Elm St, Medford, OR 97501', '541-555-0024', 0),
    (25, 'Andrew Brown', '654 Maple St, Tempe, AZ 85281', '480-555-0025', 0),
    (26, 'Rebecca Davis', '987 Birch St, Lake Tahoe, NV 89449', '775-555-0026', 0),
    (27, 'Charles Miller', '135 Cedar St, Oakland, CA 94607', '510-555-0027', 0),
    (28, 'Laura Taylor', '246 Cherry St, Yuma, AZ 85364', '928-555-0028', 0),
    (29, 'Daniel Clark', '864 Walnut St, Santa Rosa, CA 95404', '707-555-0029', 0),
    (30, 'Amanda White', '579 Hickory St, Corvallis, OR 97330', '541-555-0030', 0),
    (31, 'Kimberly Davis', '123 Main St, Scottsdale, AZ 85250', '480-555-0031', 0),
    (32, 'David Johnson', '456 Oak St, San Jose, CA 95113', '408-555-0032', 0),
    (33, 'Emily Smith', '789 Pine St, Portland, OR 97201', '503-555-0033', 0),
    (34, 'Ryan Lee', '321 Elm St, Tucson, AZ 85701', '520-555-0034', 0),
    (35, 'Nicole Brown', '654 Maple St, Reno, NV 89501', '775-555-0035', 0),
    (36, 'Adam Davis', '987 Birch St, Sacramento, CA 94203', '916-555-0036', 0),
    (37, 'Samantha Miller', '135 Cedar St, Eugene, OR 97401', '541-555-0037', 0),
    (38, 'Joshua Taylor', '246 Cherry St, Las Vegas, NV 89101', '702-555-0038', 0),
    (39, 'Matthew Clark', '864 Walnut St, San Francisco, CA 94102', '415-555-0039', 0),
    (40, 'Heather White', '579 Hickory St, Seattle, WA 98101', '206-555-0040', 0),
    (41, 'Brandon Davis', '123 Main St, Phoenix, AZ 85001', '602-555-0041', 0),
    (42, 'Jennifer Johnson', '456 Oak St, Vancouver, WA 98660', '360-555-0042', 0),
    (43, 'Sarah Smith', '789 Pine St, Flagstaff, AZ 86001', '928-555-0043', 0),
    (44, 'Kevin Lee', '321 Elm St, Henderson, NV 89002', '702-555-0044', 0),
    (45, 'Linda Brown', '654 Maple St, Santa Ana, CA 92701', '714-555-0045', 0),
    (46, 'Elizabeth Davis', '987 Birch St, Salem, OR 97301', '503-555-0046', 0),
    (47, 'Anthony Miller', '135 Cedar St, Mesa, AZ 85201', '480-555-0047', 0),
    (48, 'Stephanie Taylor', '246 Cherry St, Sparks, NV 89431', '775-555-0048', 0),
    (49, 'Christopher Clark', '864 Walnut St, Long Beach, CA 90802', '562-555-0049', 0),
    (50, 'Jessica White', '579 Hickory St, Bend, OR 97701', '541-555-0050', 0),
    (51, 'Michael Davis', '123 Main St, Glendale, AZ 85301', '623-555-0051', 0),
    (52, 'Rachel Johnson', '456 Oak St, Carson City, NV 89701', '775-555-0052', 0),
    (53, 'William Smith', '789 Pine St, Fresno, CA 93702', '559-555-0053', 0),
    (54, 'Jason Lee', '321 Elm St, Medford, OR 97501', '541-555-0054', 0),
    (55, 'Amy Brown', '654 Maple St, Tempe, AZ 85281', '480-555-0055', 0),
    (56, 'James Davis', '987 Birch St, Lake Tahoe, NV 89449', '775-555-0056', 0),
    (57, 'Katherine Miller', '135 Cedar St, Oakland, CA 94607', '510-555-0057', 0),
    (58, 'Laura Taylor', '246 Cherry St, Yuma, AZ 85364', '928-555-0058', 0),
    (59, 'Daniel Clark', '864 Walnut St, Santa Rosa, CA 95404', '707-555-0059', 0),
    (60, 'Amanda White', '579 Hickory St, Corvallis, OR 97330', '541-555-0060', 0),
    (61, 'Kimberly Davis', '123 Main St, Scottsdale, AZ 85250', '480-555-0061', 0),
    (62, 'David Johnson', '456 Oak St, San Jose, CA 95113', '408-555-0062', 0),
    (63, 'Emily Smith', '789 Pine St, Portland, OR 97201', '503-555-0063', 0),
    (64, 'Ryan Lee', '321 Elm St, Tucson, AZ 85701', '520-555-0064', 0),
    (65, 'Nicole Brown', '654 Maple St, Reno, NV 89501', '775-555-0065', 0),
    (66, 'Adam Davis', '987 Birch St, Sacramento, CA 94203', '916-555-0066', 0),
    (67, 'Samantha Miller', '135 Cedar St, Eugene, OR 97401', '541-555-0067', 0),
    (68, 'Joshua Taylor', '246 Cherry St, Las Vegas, NV 89101', '702-555-0068', 0),
    (69, 'Matthew Clark', '864 Walnut St, San Francisco, CA 94102', '415-555-0069', 0),
    (70, 'Heather White', '579 Hickory St, Seattle, WA 98101', '206-555-0070', 0),
    (71, 'Brandon Davis', '123 Main St, Phoenix, AZ 85001', '602-555-0071', 0),
    (72, 'Jennifer Johnson', '456 Oak St, Vancouver, WA 98660', '360-555-0072', 0),
    (73, 'Sarah Smith', '789 Pine St, Flagstaff, AZ 86001', '928-555-0073', 0),
    (74, 'Kevin Lee', '321 Elm St, Henderson, NV 89002', '702-555-0074', 0),
    (75, 'Linda Brown', '654 Maple St, Santa Ana, CA 92701', '714-555-0075', 0),
    (76, 'Elizabeth Davis', '987 Birch St, Salem, OR 97301', '503-555-0076', 0),
    (77, 'Anthony Miller', '135 Cedar St, Mesa, AZ 85201', '480-555-0077', 0),
    (78, 'Stephanie Taylor', '246 Cherry St, Sparks, NV 89431', '775-555-0078', 0),
    (79, 'Christopher Clark', '864 Walnut St, Long Beach, CA 90802', '562-555-0079', 0),
    (80, 'Jessica White', '579 Hickory St, Bend, OR 97701', '541-555-0080', 0),
    (81, 'Michael Davis', '123 Main St, Glendale, AZ 85301', '623-555-0081', 0),
    (82, 'Rachel Johnson', '456 Oak St, Carson City, NV 89701', '775-555-0082', 0),
    (83, 'William Smith', '789 Pine St, Fresno, CA 93702', '559-555-0083', 0),
    (84, 'Jason Lee', '321 Elm St, Medford, OR 97501', '541-555-0084', 0),
    (85, 'Amy Brown', '654 Maple St, Tempe, AZ 85281', '480-555-0085', 0),
    (86, 'James Davis', '987 Birch St, Lake Tahoe, NV 89449', '775-555-0086', 0),
    (87, 'Katherine Miller', '135 Cedar St, Oakland, CA 94607', '510-555-0087', 0),
    (88, 'Laura Taylor', '246 Cherry St, Yuma, AZ 85364', '928-555-0088', 0),
    (89, 'Daniel Clark', '864 Walnut St, Santa Rosa, CA 95404', '707-555-0089', 0),
    (90, 'Amanda White', '579 Hickory St, Corvallis, OR 97330', '541-555-0090', 0),
    (91, 'Kimberly Davis', '123 Main St, Scottsdale, AZ 85250', '480-555-0091', 0),
    (92, 'David Johnson', '456 Oak St, San Jose, CA 95113', '408-555-0092', 0),
    (93, 'Emily Smith', '789 Pine St, Portland, OR 97201', '503-555-0093', 0),
    (94, 'Ryan Lee', '321 Elm St, Tucson, AZ 85701', '520-555-0094', 0),
    (95, 'Nicole Brown', '654 Maple St, Reno, NV 89501', '775-555-0095', 0),
    (96, 'Adam Davis', '987 Birch St, Sacramento, CA 94203', '916-555-0096', 0),
    (97, 'Samantha Miller', '135 Cedar St, Eugene, OR 97401', '541-555-0097', 0),
    (98, 'Joshua Taylor', '246 Cherry St, Las Vegas, NV 89101', '702-555-0098', 0),
    (99, 'Matthew Clark', '864 Walnut St, San Francisco, CA 94102', '415-555-0099', 0),
    (100, 'Heather White', '579 Hickory St, Seattle, WA 98101', '206-555-0100', 0),
    (101, 'Olivia Moore', '456 Maple Ave, Portland, OR 97201', '503-555-0101', 0),
    (102, 'William Anderson', '789 Cedar Ln, Phoenix, AZ 85001', '602-555-0102', 0),
    (103, 'Sophia Turner', '321 Birch Dr, Las Vegas, NV 89101', '702-555-0103', 0),
    (104, 'Daniel Thomas', '654 Pine Rd, Reno, NV 89501', '775-555-0104', 0),
    (105, 'Laura Martinez', '987 Elm St, Eugene, OR 97401', '541-555-0105', 0),
    (106, 'Paul Robinson', '135 Walnut Ave, Tucson, AZ 85701', '520-555-0106', 0),
    (107, 'Anna Young', '246 Cherry Ln, Henderson, NV 89002', '702-555-0107', 0),
    (108, 'Michael Scott', '864 Oak St, Mesa, AZ 85201', '480-555-0108', 0),
    (109, 'Emma White', '579 Pine Ave, Glendale, AZ 85301', '623-555-0109', 0),
    (110, 'Andrew Green', '123 Cedar St, Chandler, AZ 85224', '480-555-0110', 0),
    (111, 'Jessica Brown', '456 Elm Ave, Gilbert, AZ 85233', '480-555-0111', 0),
    (112, 'Joshua Taylor', '789 Spruce Ln, Tempe, AZ 85281', '480-555-0112', 0),
    (113, 'Hannah Johnson', '321 Maple Dr, Peoria, AZ 85345', '623-555-0113', 0),
    (114, 'Matthew Davis', '654 Cedar Rd, Surprise, AZ 85374', '623-555-0114', 0),
    (115, 'Abigail Miller', '987 Birch St, Scottsdale, AZ 85250', '480-555-0115', 0),
    (116, 'Ryan Clark', '135 Walnut Ln, Paradise Valley, AZ 85253', '480-555-0116', 0),
    (117, 'Samantha Lee', '246 Cherry St, Fountain Hills, AZ 85268', '480-555-0117', 0),
    (118, 'Christopher Thompson', '864 Oak Ave, Flagstaff, AZ 86001', '928-555-0118', 0),
    (119, 'Amanda Garcia', '579 Pine Ln, Lake Havasu City, AZ 86403', '928-555-0119', 0),
    (120, 'Joseph Martin', '123 Cedar Ave, Yuma, AZ 85364', '928-555-0120', 0),
    (121, 'Sarah Hall', '456 Elm Dr, Tucson, AZ 85704', '520-555-0121', 0),
    (122, 'David Phillips', '789 Spruce Rd, Prescott, AZ 86301', '928-555-0122', 0),
    (123, 'Elizabeth Wright', '321 Maple Ln, Sierra Vista, AZ 85635', '520-555-0123', 0),
    (124, 'Kenneth Walker', '654 Cedar Ave, Bullhead City, AZ 86442', '928-555-0124', 0),
    (125, 'Amy King', '987 Birch Dr, Oro Valley, AZ 85737', '520-555-0125', 0),
    (126, 'Robert Lewis', '135 Walnut St, Apache Junction, AZ 85119', '480-555-0126', 0),
    (127, 'Jennifer Allen', '246 Cherry Ave, Marana, AZ 85653', '520-555-0127', 0),
    (128, 'Thomas Young', '864 Oak Dr, Casa Grande, AZ 85122', '520-555-0128', 0),
    (129, 'Michelle Hernandez', '579 Pine Ln, Nogales, AZ 85621', '520-555-0129', 0),
    (130, 'Charles Wilson', '123 Cedar Rd, Douglas, AZ 85607', '520-555-0130', 0),
    (131, 'Stephanie Moore', '456 Elm St, Safford, AZ 85546', '928-555-0131', 0),
    (132, 'Jason Davis', '789 Spruce Ave, Kingman, AZ 86401', '928-555-0132', 0),
    (133, 'Heather Taylor', '321 Maple Dr, Show Low, AZ 85901', '928-555-0133', 0),
    (134, 'John Thompson', '654 Cedar Ln, Cottonwood, AZ 86326', '928-555-0134', 0),
    (135, 'Rebecca Garcia', '987 Birch St, Camp Verde, AZ 86322', '928-555-0135', 0),
    (136, 'George Martin', '135 Walnut Ave, Payson, AZ 85541', '928-555-0136', 0),
    (137, 'Laura White', '246 Cherry Dr, Winslow, AZ 86047', '928-555-0137', 0),
    (138, 'James Anderson', '864 Oak Ln, Sedona, AZ 86336', '928-555-0138', 0),
    (139, 'Mary Smith', '579 Pine Ave, Page, AZ 86040', '928-555-0139', 0),
    (140, 'Patricia Johnson', '123 Cedar Dr, Lake Havasu City, AZ 86403', '928-555-0140', 0),
    (141, 'Daniel Brown', '456 Elm Ln, Prescott Valley, AZ 86312', '928-555-0141', 0),
    (142, 'Jessica Davis', '789 Spruce St, Flagstaff, AZ 86001', '928-555-0142', 0),
    (143, 'Barbara Miller', '321 Maple Ave, Yuma, AZ 85364', '928-555-0143', 0),
    (144, 'Robert Taylor', '654 Cedar Dr, San Luis, AZ 85349', '928-555-0144', 0),
    (145, 'Linda Thomas', '987 Birch Ln, Somerton, AZ 85350', '928-555-0145', 0),
    (146, 'Mark Wilson', '135 Walnut St, Quartzsite, AZ 85346', '928-555-0146', 0),
    (147, 'Sandra Moore', '246 Cherry Ave, Wellton, AZ 85356', '928-555-0147', 0),
    (148, 'Kevin Anderson', '864 Oak Dr, Parker, AZ 85344', '928-555-0148', 0),
    (149, 'Julie Garcia', '579 Pine St, Ehrenberg, AZ 85334', '928-555-0149', 0),
    (150, 'William Martin', '123 Cedar Ave, Blythe, CA 92225', '760-555-0150', 0),
    (151, 'Nancy Johnson', '456 Elm Dr, El Centro, CA 92243', '760-555-0151', 0),
    (152, 'James Smith', '789 Spruce Ln, Calexico, CA 92231', '760-555-0152', 0),
    (153, 'Lisa Brown', '321 Maple St, Holtville, CA 92250', '760-555-0153', 0),
    (154, 'Michael Davis', '654 Cedar Ave, Imperial, CA 92251', '760-555-0154', 0),
    (155, 'Karen Miller', '987 Birch Dr, Brawley, CA 92227', '760-555-0155', 0),
    (156, 'David Taylor', '135 Walnut Ln, Westmorland, CA 92281', '760-555-0156', 0),
    (157, 'Carol Thomas', '246 Cherry St, Seeley, CA 92273', '760-555-0157', 0),
    (158, 'Richard Wilson', '864 Oak Ave, Ocotillo, CA 92259', '760-555-0158', 0),
    (159, 'Donna Moore', '579 Pine Dr, El Centro, CA 92243', '760-555-0159', 0),
    (160, 'Joseph Anderson', '123 Cedar Ln, Calipatria, CA 92233', '760-555-0160',0),
    (161, 'Michelle Garcia', '456 Elm St, Salton City, CA 92274', '760-555-0161', 0),
    (162, 'William Martin', '789 Spruce Ave, Niland, CA 92257', '760-555-0162', 0),
    (163, 'Nancy Johnson', '321 Maple Dr, Winterhaven, CA 92283', '760-555-0163', 0),
    (164, 'James Smith', '654 Cedar Ln, Palo Verde, CA 92266', '760-555-0164', 0),
    (165, 'Lisa Brown', '987 Birch St, Glamis, CA 92240', '760-555-0165', 0),
    (166, 'Michael Davis', '135 Walnut Ave, Bard, CA 92222', '760-555-0166', 0),
    (167, 'Karen Miller', '246 Cherry Dr, Felicity, CA 92249', '760-555-0167', 0),
    (168, 'David Taylor', '864 Oak St, Earp, CA 92242', '760-555-0168', 0),
    (169, 'Carol Thomas', '579 Pine Ave, Cibola, CA 92279', '760-555-0169', 0),
    (170, 'Richard Wilson', '123 Cedar Dr, Slab City, CA 92285', '760-555-0170', 0),
    (171, 'Donna Moore', '456 Elm Ln, Desert Center, CA 92239', '760-555-0171', 0),
    (172, 'Joseph Anderson', '789 Spruce St, Rice, CA 92268', '760-555-0172', 0),
    (173, 'Michelle Garcia', '321 Maple Ave, Midland, CA 92255', '760-555-0173', 0),
    (174, 'William Martin', '654 Cedar Dr, Picacho, CA 92266', '760-555-0174', 0),
    (175, 'Nancy Johnson', '987 Birch Ln, Plaster City, CA 92268', '760-555-0175', 0),
    (176, 'James Smith', '135 Walnut St, Tacna, AZ 85352', '928-555-0176', 0),
    (177, 'Lisa Brown', '246 Cherry Ave, Roll, AZ 85347', '928-555-0177', 0),
    (178, 'Michael Davis', '864 Oak Dr, Salome, AZ 85348', '928-555-0178', 0),
    (179, 'Karen Miller', '579 Pine St, Ajo, AZ 85321', '520-555-0179', 0),
    (180, 'David Taylor', '123 Cedar Ave, Gila Bend, AZ 85337', '928-555-0180', 0),
    (181, 'Carol Thomas', '456 Elm Dr, Quartzsite, AZ 85346', '928-555-0181', 0),
    (182, 'Richard Wilson', '789 Spruce Ln, Ehrenberg, AZ 85334', '928-555-0182', 0),
    (183, 'Donna Moore', '321 Maple St, Parker, AZ 85344', '928-555-0183', 0),
    (184, 'Joseph Anderson', '654 Cedar Ave, Bouse, AZ 85325', '928-555-0184', 0),
    (185, 'Michelle Garcia', '987 Birch Dr, Wenden, AZ 85357', '928-555-0185', 0),
    (186, 'William Martin', '135 Walnut Ln, Cibola, AZ 85328', '928-555-0186', 0),
    (187, 'Nancy Johnson', '246 Cherry St, Brenda, AZ 85320', '928-555-0187', 0),
    (188, 'James Smith', '864 Oak Ave, Earp, AZ 85332', '928-555-0188', 0),
    (189, 'Lisa Brown', '579 Pine Dr, Topock, AZ 86436', '928-555-0189', 0),
    (190, 'Michael Davis', '123 Cedar Ln, Mohave Valley, AZ 86440', '928-555-0190', 0),
    (191, 'Karen Miller', '456 Elm St, Bullhead City, AZ 86442', '928-555-0191', 0),
    (192, 'David Taylor', '789 Spruce Ave, Golden Valley, AZ 86413', '928-555-0192', 0),
    (193, 'Carol Thomas', '321 Maple Dr, Kingman, AZ 86401', '928-555-0193', 0),
    (194, 'Richard Wilson', '654 Cedar Ln, Dolan Springs, AZ 86441', '928-555-0194', 0),
    (195, 'Donna Moore', '987 Birch St, Meadview, AZ 86444', '928-555-0195', 0),
    (196, 'Joseph Anderson', '135 Walnut Ave, Valentine, AZ 86433', '928-555-0196', 0),
    (197, 'Michelle Garcia', '246 Cherry Dr, Chloride, AZ 86431', '928-555-0197', 0),
    (198, 'William Martin', '864 Oak St, Oatman, AZ 86433', '928-555-0198', 0),
    (199, 'Nancy Johnson', '579 Pine Ave, Wikieup, AZ 85360', '928-555-0199', 0),
    (200, 'James Smith', '123 Cedar Dr, Yucca, AZ 86438', '928-555-0200', 0),
    (201, 'Lisa Brown', '456 Elm St, Peach Springs, AZ 86434', '928-555-0201', 0),
    (202, 'Michael Davis', '789 Spruce Ave, Seligman, AZ 86337', '928-555-0202', 0),
    (203, 'Karen Miller', '321 Maple Dr, Ash Fork, AZ 86320', '928-555-0203', 0),
    (204, 'David Taylor', '654 Cedar Ln, Williams, AZ 86046', '928-555-0204', 0),
    (205, 'Carol Thomas', '987 Birch St, Parks, AZ 86018', '928-555-0205', 0),
    (206, 'Richard Wilson', '135 Walnut Ave, Flagstaff, AZ 86001', '928-555-0206', 0),
    (207, 'Donna Moore', '246 Cherry St, Sedona, AZ 86336', '928-555-0207', 0),
    (208, 'Joseph Anderson', '864 Oak St, Cottonwood, AZ 86326', '928-555-0208', 0),
    (209, 'Michelle Garcia', '579 Pine Dr, Camp Verde, AZ 86322', '928-555-0209', 0),
    (210, 'William Martin', '123 Cedar Ave, Clarkdale, AZ 86324', '928-555-0210', 0),
    (211, 'Nancy Johnson', '456 Elm Dr, Jerome, AZ 86331', '928-555-0211', 0),
    (212, 'James Smith', '789 Spruce Ln, Cornville, AZ 86325', '928-555-0212', 0),
    (213, 'Lisa Brown', '321 Maple St, Rimrock, AZ 86335', '928-555-0213', 0),
    (214, 'Michael Davis', '654 Cedar Ave, Prescott, AZ 86301', '928-555-0214', 0),
    (215, 'Karen Miller', '987 Birch Dr, Prescott Valley, AZ 86312', '928-555-0215', 0),
    (216, 'David Taylor', '135 Walnut Ln, Dewey-Humboldt, AZ 86327', '928-555-0216', 0),
    (217, 'Carol Thomas', '246 Cherry St, Mayer, AZ 86333', '928-555-0217', 0),
    (218, 'Richard Wilson', '864 Oak Ave, Spring Valley, AZ 86333', '928-555-0218', 0),
    (219, 'Donna Moore', '579 Pine St, Cordes Lakes, AZ 86333', '928-555-0219', 0),
    (220, 'Joseph Anderson', '123 Cedar Dr, Black Canyon City, AZ 85324', '928-555-0220', 0),
    (221, 'Michelle Garcia', '456 Elm Ln, Congress, AZ 85332', '928-555-0221', 0),
    (222, 'William Martin', '789 Spruce St, Yarnell, AZ 85362', '928-555-0222', 0),
    (223, 'Nancy Johnson', '321 Maple Ave, Peeples Valley, AZ 86338', '928-555-0223', 0),
    (224, 'James Smith', '654 Cedar Ln, Wilhoit, AZ 86339', '928-555-0224', 0),
    (225, 'Lisa Brown', '987 Birch St, Kirkland, AZ 86339', '928-555-0225', 0),
    (226, 'Michael Davis', '135 Walnut Ave, Skull Valley, AZ 86338', '928-555-0226', 0),
    (227, 'Karen Miller', '246 Cherry Dr, Prescott, AZ 86305', '928-555-0227', 0),
    (228, 'David Taylor', '864 Oak St, Chino Valley, AZ 86323', '928-555-0228', 0),
    (229, 'Carol Thomas', '579 Pine Ave, Paulden, AZ 86334', '928-555-0229', 0),
    (230, 'Richard Wilson', '123 Cedar Dr, Williamson, AZ 86342', '928-555-0230', 0),
    (231, 'Donna Moore', '456 Elm Ln, Seligman, AZ 86337', '928-555-0231', 0),
    (232, 'Joseph Anderson', '789 Spruce St, Ash Fork, AZ 86320', '928-555-0232', 0),
    (233, 'Michelle Garcia', '321 Maple Ave, Hualapai, AZ 86412', '928-555-0233', 0),
    (234, 'William Martin', '654 Cedar Ln, Truxton, AZ 86351', '928-555-0234', 0),
    (235, 'Nancy Johnson', '987 Birch St, Valentine, AZ 86433', '928-555-0235', 0),
    (236, 'James Smith', '135 Walnut Ave, Kingman, AZ 86401', '928-555-0236', 0),
    (237, 'Lisa Brown', '246 Cherry Dr, Golden Valley, AZ 86413', '928-555-0237', 0),
    (238, 'Michael Davis', '864 Oak St, Dolan Springs, AZ 86441', '928-555-0238', 0),
    (239, 'Karen Miller', '579 Pine Ave, Meadview, AZ 86444', '928-555-0239', 0),
    (240, 'David Taylor', '123 Cedar Dr, Mohave Valley, AZ 86440', '928-555-0240', 0),
    (241, 'Carol Thomas', '456 Elm Ln, Bullhead City, AZ 86442', '928-555-0241', 0),
    (242, 'Richard Wilson', '789 Spruce St, Topock, AZ 86436', '928-555-0242', 0),
    (243, 'Donna Moore', '321 Maple Ave, Oatman, AZ 86433', '928-555-0243', 0),
    (244, 'Joseph Anderson', '654 Cedar Ln, Chloride, AZ 86431', '928-555-0244', 0),
    (245, 'Michelle Garcia', '987 Birch St, Wikieup, AZ 85360', '928-555-0245', 0),
    (246, 'William Martin', '135 Walnut Ave, Yucca, AZ 86438', '928-555-0246', 0),
    (247, 'Nancy Johnson', '246 Cherry Dr, Cibola, AZ 85328', '928-555-0247', 0),
    (248, 'James Smith', '864 Oak St, Brenda, AZ 85320', '928-555-0248', 0),
    (249, 'Lisa Brown', '579 Pine Ave, Bouse, AZ 85325', '928-555-0249', 0),
    (250, 'Michael Davis', '123 Cedar Dr, Quartzsite, AZ 85346', '928-555-0250', 0),
    (251, 'Karen Miller', '456 Elm St, Parker, AZ 85344', '928-555-0251', 0),
    (252, 'David Taylor', '789 Spruce Ave, Ehrenberg, AZ 85334', '928-555-0252', 0),
    (253, 'Carol Thomas', '321 Maple Dr, Cibola, AZ 85328', '928-555-0253', 0),
    (254, 'Richard Wilson', '654 Cedar Ln, Blythe, CA 92225', '760-555-0254', 0),
    (255, 'Donna Moore', '987 Birch St, Quartzsite, AZ 85346', '928-555-0255', 0),
    (256, 'Joseph Anderson', '135 Walnut Ave, Palo Verde, CA 92266', '760-555-0256', 0),
    (257, 'Michelle Garcia', '246 Cherry St, Bard, CA 92222', '760-555-0257', 0),
    (258, 'William Martin', '864 Oak St, Winterhaven, CA 92283', '760-555-0258', 0),
    (259, 'Nancy Johnson', '579 Pine Ave, Yuma, AZ 85364', '928-555-0259', 0),
    (260, 'James Smith', '123 Cedar Dr, Wellton, AZ 85356', '928-555-0260', 0),
    (261, 'Lisa Brown', '456 Elm Ln, Somerton, AZ 85350', '928-555-0261', 0),
    (262, 'Michael Davis', '789 Spruce St, San Luis, AZ 85349', '928-555-0262', 0),
    (263, 'Karen Miller', '321 Maple Ave, Gadsden, AZ 85336', '928-555-0263', 0),
    (264, 'David Taylor', '654 Cedar Ln, Tacna, AZ 85352', '928-555-0264', 0),
    (265, 'Carol Thomas', '987 Birch St, Roll, AZ 85347', '928-555-0265', 0),
    (266, 'Richard Wilson', '135 Walnut Ave, Dateland, AZ 85333', '928-555-0266', 0),
    (267, 'Donna Moore', '246 Cherry St, Sells, AZ 85634', '520-555-0267', 0),
    (268, 'Joseph Anderson', '864 Oak St, Three Points, AZ 85756', '520-555-0268', 0),
    (269, 'Michelle Garcia', '579 Pine Ave, Arivaca, AZ 85601', '520-555-0269', 0),
    (270, 'William Martin', '123 Cedar Dr, Sasabe, AZ 85633', '520-555-0270', 0),
    (271, 'Nancy Johnson', '456 Elm Ln, Amado, AZ 85645', '520-555-0271', 0),
    (272, 'James Smith', '789 Spruce St, Green Valley, AZ 85614', '520-555-0272', 0),
    (273, 'Lisa Brown', '321 Maple Ave, Rio Rico, AZ 85648', '520-555-0273', 0),
    (274, 'Michael Davis', '654 Cedar Ln, Nogales, AZ 85621', '520-555-0274', 0),
    (275, 'Karen Miller', '987 Birch St, Patagonia, AZ 85624', '520-555-0275', 0),
    (276, 'David Taylor', '135 Walnut Ave, Sonoita, AZ 85637', '520-555-0276', 0),
    (277, 'Carol Thomas', '246 Cherry St, Elgin, AZ 85611', '520-555-0277', 0),
    (278, 'Richard Wilson', '864 Oak St, Tubac, AZ 85646', '520-555-0278', 0),
    (279, 'Donna Moore', '579 Pine Ave, Tumacacori, AZ 85640', '520-555-0279', 0),
    (280, 'Joseph Anderson', '123 Cedar Dr, Carmen, AZ 85609', '520-555-0280', 0),
    (281, 'Michelle Garcia', '456 Elm Ln, Hereford, AZ 85615', '520-555-0281', 0),
    (282, 'William Martin', '789 Spruce St, Sierra Vista, AZ 85635', '520-555-0282', 0),
    (283, 'Nancy Johnson', '321 Maple Ave, Bisbee, AZ 85603', '520-555-0283', 0),
    (284, 'James Smith', '654 Cedar Ln, Douglas, AZ 85607', '520-555-0284', 0),
    (285, 'Lisa Brown', '987 Birch St, McNeal, AZ 85617', '520-555-0285', 0),
    (286, 'Michael Davis', '135 Walnut Ave, Elfrida, AZ 85610', '520-555-0286', 0),
    (287, 'Karen Miller', '246 Cherry St, Willcox, AZ 85643', '520-555-0287', 0),
    (288, 'David Taylor', '864 Oak St, Pearce, AZ 85625', '520-555-0288', 0),
    (289, 'Carol Thomas', '579 Pine Ave, Sunsites, AZ 85633', '520-555-0289', 0),
    (290, 'Richard Wilson', '123 Cedar Dr, Benson, AZ 85602', '520-555-0290', 0),
    (291, 'Donna Moore', '456 Elm Ln, Saint David, AZ 85630', '520-555-0291', 0),
    (292, 'Joseph Anderson', '789 Spruce St, Tombstone, AZ 85638', '520-555-0292', 0),
    (293, 'Michelle Garcia', '321 Maple Ave, Huachuca City, AZ 85616', '520-555-0293', 0),
    (294, 'William Martin', '654 Cedar Ln, Whetstone, AZ 85642', '520-555-0294', 0),
    (295, 'Nancy Johnson', '987 Birch St, Sierra Vista, AZ 85650', '520-555-0295', 0),
    (296, 'James Smith', '135 Walnut Ave, Fort Huachuca, AZ 85613', '520-555-0296', 0),
    (297, 'Lisa Brown', '246 Cherry St, Cochise, AZ 85606', '520-555-0297', 0),
    (298, 'Michael Davis', '864 Oak St, Pirtleville, AZ 85626', '928-555-0298', 0),
    (299, 'Karen Miller', '579 Pine Ave, San Simon, AZ 85632', '928-555-0299', 0),
    (300, 'David Taylor', '123 Cedar Dr, Duncan, AZ 85534', '928-555-0300', 0),
    (301, 'Carol Thomas', '987 Birch St, Clifton, AZ 85533', '928-555-0301', 0),
    (302, 'Richard Wilson', '135 Walnut Ave, Morenci, AZ 85540', '928-555-0302', 0),
    (303, 'Donna Moore', '246 Cherry St, Safford, AZ 85546', '928-555-0303', 0),
    (304, 'Joseph Anderson', '864 Oak St, Thatcher, AZ 85552', '928-555-0304', 0),
    (305, 'Michelle Garcia', '579 Pine Ave, Pima, AZ 85543', '928-555-0305', 0),
    (306, 'William Martin', '123 Cedar Dr, Central, AZ 85531', '928-555-0306', 0),
    (307, 'Nancy Johnson', '456 Elm Ln, Solomon, AZ 85551', '928-555-0307', 0),
    (308, 'James Smith', '789 Spruce St, Eagar, AZ 85925', '928-555-0308', 0),
    (309, 'Lisa Brown', '321 Maple Ave, Springerville, AZ 85938', '928-555-0309', 0),
    (310, 'Michael Davis', '654 Cedar Ln, Alpine, AZ 85920', '928-555-0310', 0),
    (311, 'Karen Miller', '987 Birch St, Nutrioso, AZ 85935', '928-555-0311', 0),
    (312, 'David Taylor', '135 Walnut Ave, Luna, NM 87824', '575-555-0312', 0),
    (313, 'Carol Thomas', '246 Cherry St, Reserve, NM 87830', '575-555-0313', 0),
    (314, 'Richard Wilson', '864 Oak St, Quemado, NM 87829', '575-555-0314', 0),
    (315, 'Donna Moore', '579 Pine Ave, Pie Town, NM 87827', '575-555-0315', 0),
    (316, 'Joseph Anderson', '123 Cedar Dr, Magdalena, NM 87825', '575-555-0316', 0),
    (317, 'Michelle Garcia', '456 Elm Ln, Datil, NM 87830', '575-555-0317', 0),
    (318, 'William Martin', '789 Spruce St, Socorro, NM 87801', '575-555-0318', 0),
    (319, 'Nancy Johnson', '321 Maple Ave, San Antonio, NM 87832', '575-555-0319', 0),
    (320, 'James Smith', '654 Cedar Ln, Truth or Consequences, NM 87901', '575-555-0320', 0),
    (321, 'Lisa Brown', '987 Birch St, Elephant Butte, NM 87935', '575-555-0321', 0),
    (322, 'Michael Davis', '135 Walnut Ave, Hatch, NM 87937', '575-555-0322', 0),
    (323, 'Karen Miller', '246 Cherry St, Deming, NM 88030', '575-555-0323', 0),
    (324, 'David Taylor', '864 Oak St, Columbus, NM 88029', '575-555-0324', 0),
    (325, 'Carol Thomas', '579 Pine Ave, Las Cruces, NM 88001', '575-555-0325', 0),
    (326, 'Richard Wilson', '123 Cedar Dr, Mesilla Park, NM 88047', '575-555-0326', 0),
    (327, 'Donna Moore', '456 Elm Ln, Anthony, NM 88021', '575-555-0327', 0),
    (328, 'Joseph Anderson', '789 Spruce St, Sunland Park, NM 88063', '575-555-0328', 0),
    (329, 'Michelle Garcia', '321 Maple Ave, Chaparral, NM 88081', '575-555-0329', 0),
    (330, 'William Martin', '654 Cedar Ln, La Mesa, NM 88044', '575-555-0330', 0),
    (331, 'Nancy Johnson', '987 Birch St, Vado, NM 88072', '575-555-0331', 0),
    (332, 'James Smith', '135 Walnut Ave, Berino, NM 88023', '575-555-0332', 0),
    (333, 'Lisa Brown', '246 Cherry St, Canutillo, TX 79835', '915-555-0333', 0),
    (334, 'Michael Davis', '864 Oak St, El Paso, TX 79901', '915-555-0334', 0),
    (335, 'Karen Miller', '579 Pine Ave, Socorro, TX 79927', '915-555-0335', 0),
    (336, 'David Taylor', '123 Cedar Dr, Clint, TX 79836', '915-555-0336', 0),
    (337, 'Carol Thomas', '456 Elm Ln, Fabens, TX 79838', '915-555-0337', 0),
    (338, 'Richard Wilson', '789 Spruce St, Fort Hancock, TX 79839', '915-555-0338',0),
    (339, 'Donna Moore', '321 Maple Ave, Tornillo, TX 79853', '915-555-0339', 0),
    (340, 'Joseph Anderson', '654 Cedar Ln, San Elizario, TX 79849', '915-555-0340', 0),
    (341, 'Michelle Garcia', '987 Birch St, Presidio, TX 79845', '432-555-0341', 0),
    (342, 'William Martin', '135 Walnut Ave, Marfa, TX 79843', '432-555-0342', 0),
    (343, 'Nancy Johnson', '246 Cherry St, Alpine, TX 79830', '432-555-0343', 0),
    (344, 'James Smith', '864 Oak St, Fort Davis, TX 79734', '432-555-0344', 0),
    (345, 'Lisa Brown', '579 Pine Ave, Balmorhea, TX 79718', '432-555-0345', 0),
    (346, 'Michael Davis', '123 Cedar Dr, Toyah, TX 79786', '432-555-0346', 0),
    (347, 'Karen Miller', '456 Elm Ln, Pecos, TX 79772', '432-555-0347', 0),
    (348, 'David Taylor', '789 Spruce St, Kermit, TX 79745', '432-555-0348', 0),
    (349, 'Carol Thomas', '321 Maple Ave, Monahans, TX 79756', '432-555-0349', 0),
    (350, 'Richard Wilson', '654 Cedar Ln, Andrews, TX 79714', '432-555-0350', 0),
    (351, 'Donna Moore', '987 Birch St, Barstow, CA 92311', '760-555-0351', 0),
    (352, 'Joseph Anderson', '135 Walnut Ave, Victorville, CA 92392', '760-555-0352', 0),
    (353, 'Michelle Garcia', '246 Cherry St, Hesperia, CA 92345', '760-555-0353', 0),
    (354, 'William Martin', '864 Oak St, Apple Valley, CA 92308', '760-555-0354', 0),
    (355, 'Nancy Johnson', '579 Pine Ave, Lucerne Valley, CA 92356', '760-555-0355', 0),
    (356, 'James Smith', '123 Cedar Dr, Yucca Valley, CA 92284', '760-555-0356', 0),
    (357, 'Lisa Brown', '456 Elm Ln, Twentynine Palms, CA 92277', '760-555-0357', 0),
    (358, 'Michael Davis', '789 Spruce St, Landers, CA 92285', '760-555-0358', 0),
    (359, 'Karen Miller', '321 Maple Ave, Joshua Tree, CA 92252', '760-555-0359', 0),
    (360, 'David Taylor', '654 Cedar Ln, Morongo Valley, CA 92256', '760-555-0360', 0),
    (361, 'Carol Thomas', '987 Birch St, Desert Hot Springs, CA 92240', '760-555-0361', 0),
    (362, 'Richard Wilson', '135 Walnut Ave, Palm Springs, CA 92262', '760-555-0362', 0),
    (363, 'Donna Moore', '246 Cherry St, Cathedral City, CA 92234', '760-555-0363', 0),
    (364, 'Joseph Anderson', '864 Oak St, Rancho Mirage, CA 92270', '760-555-0364', 0),
    (365, 'Michelle Garcia', '579 Pine Ave, Palm Desert, CA 92260', '760-555-0365', 0),
    (366, 'William Martin', '123 Cedar Dr, Indian Wells, CA 92210', '760-555-0366', 0),
    (367, 'Nancy Johnson', '456 Elm Ln, La Quinta, CA 92253', '760-555-0367', 0),
    (368, 'James Smith', '789 Spruce St, Indio, CA 92201', '760-555-0368', 0),
    (369, 'Lisa Brown', '321 Maple Ave, Coachella, CA 92236', '760-555-0369', 0),
    (370, 'Michael Davis', '654 Cedar Ln, Blythe, CA 92225', '760-555-0370', 0),
    (371, 'Karen Miller', '987 Birch St, Brawley, CA 92227', '760-555-0371', 0),
    (372, 'David Taylor', '135 Walnut Ave, El Centro, CA 92243', '760-555-0372', 0),
    (373, 'Carol Thomas', '246 Cherry St, Calexico, CA 92231', '760-555-0373', 0),
    (374, 'Richard Wilson', '864 Oak St, Holtville, CA 92250', '760-555-0374', 0),
    (375, 'Donna Moore', '579 Pine Ave, Imperial, CA 92251', '760-555-0375', 0),
    (376, 'Joseph Anderson', '123 Cedar Dr, Westmorland, CA 92281', '760-555-0376', 0),
    (377, 'Michelle Garcia', '456 Elm Ln, Seeley, CA 92273', '760-555-0377', 0),
    (378, 'William Martin', '789 Spruce St, Ocotillo, CA 92259', '760-555-0378', 0),
    (379, 'Nancy Johnson', '321 Maple Ave, El Centro, CA 92243', '760-555-0379', 0),
    (380, 'James Smith', '654 Cedar Ln, Calipatria, CA 92233', '760-555-0380', 0),
    (381, 'Lisa Brown', '987 Birch St, Salton City, CA 92274', '760-555-0381', 0),
    (382, 'Michael Davis', '135 Walnut Ave, Niland, CA 92257', '760-555-0382', 0),
    (383, 'Karen Miller', '246 Cherry St, Winterhaven, CA 92283', '760-555-0383',0),
    (384, 'David Taylor', '864 Oak St, Palo Verde, CA 92266', '760-555-0384', 0),
    (385, 'Carol Thomas', '579 Pine Ave, Glamis, CA 92240', '760-555-0385', 0),
    (386, 'Richard Wilson', '123 Cedar Dr, Bard, CA 92222', '760-555-0386', 0),
    (387, 'Donna Moore', '456 Elm Ln, Felicity, CA 92249', '760-555-0387', 0),
    (388, 'Joseph Anderson', '789 Spruce St, Earp, CA 92242', '760-555-0388', 0),
    (389, 'Michelle Garcia', '321 Maple Ave, Cibola, CA 92279', '760-555-0389', 0),
    (390, 'William Martin', '654 Cedar Ln, Slab City, CA 92285', '760-555-0390', 0),
    (391, 'Nancy Johnson', '987 Birch St, Desert Center, CA 92239', '760-555-0391', 0),
    (392, 'James Smith', '135 Walnut Ave, Rice, CA 92268', '760-555-0392', 0),
    (393, 'Lisa Brown', '246 Cherry St, Midland, CA 92255', '760-555-0393', 0),
    (394, 'Michael Davis', '864 Oak St, Picacho, CA 92266', '760-555-0394', 0),
    (395, 'Karen Miller', '579 Pine Ave, Plaster City, CA 92268', '760-555-0395', 0),
    (396, 'David Taylor', '123 Cedar Dr, Tacna, AZ 85352', '928-555-0396', 0),
    (397, 'Carol Thomas', '456 Elm Ln, Roll, AZ 85347', '928-555-0397', 0),
    (398, 'Richard Wilson', '789 Spruce St, Salome, AZ 85348', '928-555-0398', 0),
    (399, 'Donna Moore', '321 Maple Ave, Ajo, AZ 85321', '520-555-0399', 0),
    (400, 'Joseph Anderson', '654 Cedar Ln, Gila Bend, AZ 85337', '928-555-0400', 0),
    (401, 'Michelle Garcia', '987 Birch St, Quartzsite, AZ 85346', '928-555-0401', 0),
    (402, 'William Martin', '135 Walnut Ave, Ehrenberg, AZ 85334', '928-555-0402', 0),
    (403, 'Nancy Johnson', '246 Cherry St, Cibola, AZ 85328', '928-555-0403', 0),
    (404, 'James Smith', '864 Oak St, Brenda, AZ 85320', '928-555-0404', 0),
    (405, 'Lisa Brown', '579 Pine Ave, Bouse, AZ 85325', '928-555-0405', 0),
    (406, 'Michael Davis', '123 Cedar Dr, Quartzsite, AZ 85346', '928-555-0406', 0),
    (407, 'Karen Miller', '456 Elm Ln, Parker, AZ 85344', '928-555-0407', 0),
    (408, 'David Taylor', '789 Spruce St, Ehrenberg, AZ 85334', '928-555-0408', 0),
    (409, 'Carol Thomas', '321 Maple Ave, Cibola, AZ 85328', '928-555-0409', 0),
    (410, 'Richard Wilson', '654 Cedar Ln, Blythe, CA 92225', '760-555-0410', 0),
    (411, 'Donna Moore', '987 Birch St, Quartzsite, AZ 85346', '928-555-0411', 0),
    (412, 'Joseph Anderson', '135 Walnut Ave, Palo Verde, CA 92266', '760-555-0412', 0),
    (413, 'Michelle Garcia', '246 Cherry St, Bard, CA 92222', '760-555-0413', 0),
    (414, 'William Martin', '864 Oak St, Winterhaven, CA 92283', '760-555-0414', 0),
    (415, 'Nancy Johnson', '579 Pine Ave, Yuma, AZ 85364', '928-555-0415', 0),
    (416, 'James Smith', '123 Cedar Dr, Wellton, AZ 85356', '928-555-0416', 0),
    (417, 'Lisa Brown', '456 Elm Ln, Somerton, AZ 85350', '928-555-0417', 0),
    (418, 'Michael Davis', '789 Spruce St, San Luis, AZ 85349', '928-555-0418', 0),
    (419, 'Karen Miller', '321 Maple Ave, Gadsden, AZ 85336', '928-555-0419', 0),
    (420, 'David Taylor', '654 Cedar Ln, Tacna, AZ 85352', '928-555-0420', 0),
    (421, 'Carol Thomas', '987 Birch St, Roll, AZ 85347', '928-555-0421', 0),
    (422, 'Richard Wilson', '135 Walnut Ave, Dateland, AZ 85333', '928-555-0422', 0),
    (423, 'Donna Moore', '246 Cherry St, Sells, AZ 85634', '520-555-0423', 0),
    (424, 'Joseph Anderson', '864 Oak St, Three Points, AZ 85756', '520-555-0424', 0),
    (425, 'Michelle Garcia', '579 Pine Ave, Arivaca, AZ 85601', '520-555-0425', 0),
    (426, 'William Martin', '123 Cedar Dr, Sasabe, AZ 85633', '520-555-0426', 0),
    (427, 'Nancy Johnson', '456 Elm Ln, Amado, AZ 85645', '520-555-0427', 0),
    (428, 'James Smith', '789 Spruce St, Green Valley, AZ 85614', '520-555-0428', 0),
    (429, 'Lisa Brown', '321 Maple Ave, Rio Rico, AZ 85648', '520-555-0429', 0),
    (430, 'Michael Davis', '654 Cedar Ln, Nogales, AZ 85621', '520-555-0430', 0),
    (431, 'Karen Miller', '987 Birch St, Patagonia, AZ 85624', '520-555-0431', 0),
    (432, 'David Taylor', '135 Walnut Ave, Sonoita, AZ 85637', '520-555-0432', 0),
    (433, 'Carol Thomas', '246 Cherry St, Elgin, AZ 85611', '520-555-0433', 0),
    (434, 'Richard Wilson', '864 Oak St, Tubac, AZ 85646', '520-555-0434', 0),
    (435, 'Donna Moore', '579 Pine Ave, Tumacacori, AZ 85640', '520-555-0435',0),
    (436, 'Joseph Anderson', '123 Cedar Dr, Carmen, AZ 85609', '520-555-0436', 0),
    (437, 'Michelle Garcia', '456 Elm Ln, Hereford, AZ 85615', '520-555-0437', 0),
    (438, 'William Martin', '789 Spruce St, Sierra Vista, AZ 85635', '520-555-0438', 0),
    (439, 'Nancy Johnson', '321 Maple Ave, Bisbee, AZ 85603', '520-555-0439', 0),
    (440, 'James Smith', '654 Cedar Ln, Douglas, AZ 85607', '520-555-0440', 0),
    (441, 'Lisa Brown', '987 Birch St, McNeal, AZ 85617', '520-555-0441', 0),
    (442, 'Michael Davis', '135 Walnut Ave, Elfrida, AZ 85610', '520-555-0442', 0),
    (443, 'Karen Miller', '246 Cherry St, Willcox, AZ 85643', '520-555-0443', 0),
    (444, 'David Taylor', '864 Oak St, Pearce, AZ 85625', '520-555-0444', 0),
    (445, 'Carol Thomas', '579 Pine Ave, Sunsites, AZ 85633', '520-555-0445', 0),
    (446, 'Richard Wilson', '123 Cedar Dr, Benson, AZ 85602', '520-555-0446', 0),
    (447, 'Donna Moore', '456 Elm Ln, Saint David, AZ 85630', '520-555-0447', 0),
    (448, 'Joseph Anderson', '789 Spruce St, Tombstone, AZ 85638', '520-555-0448', 0),
    (449, 'Michelle Garcia', '321 Maple Ave, Huachuca City, AZ 85616', '520-555-0449', 0),
    (450, 'William Martin', '654 Cedar Ln, Whetstone, AZ 85642', '520-555-0450', 0),
    (451, 'Nancy Johnson', '987 Birch St, Sierra Vista, AZ 85650', '520-555-0451', 0),
    (452, 'James Smith', '135 Walnut Ave, Fort Huachuca, AZ 85613', '520-555-0452', 0),
    (453, 'Lisa Brown', '246 Cherry St, Cochise, AZ 85606', '520-555-0453', 0),
    (454, 'Michael Davis', '864 Oak St, Pirtleville, AZ 85626', '928-555-0454', 0),
    (455, 'Karen Miller', '579 Pine Ave, San Simon, AZ 85632', '928-555-0455', 0),
    (456, 'David Taylor', '123 Cedar Dr, Duncan, AZ 85534', '928-555-0456', 0),
    (457, 'Carol Thomas', '456 Elm Ln, Clifton, AZ 85533', '928-555-0457', 0),
    (458, 'Richard Wilson', '789 Spruce St, Morenci, AZ 85540', '928-555-0458', 0),
    (459, 'Donna Moore', '321 Maple Ave, Safford, AZ 85546', '928-555-0459', 0),
    (460, 'Joseph Anderson', '654 Cedar Ln, Thatcher, AZ 85552', '928-555-0460', 0),
    (461, 'Michelle Garcia', '987 Birch St, Pima, AZ 85543', '928-555-0461', 0),
    (462, 'William Martin', '135 Walnut Ave, Central, AZ 85531', '928-555-0462', 0),
    (463, 'Nancy Johnson', '246 Cherry St, Solomon, AZ 85551', '928-555-0463', 0),
    (464, 'James Smith', '864 Oak St, Eagar, AZ 85925', '928-555-0464', 0),
    (465, 'Lisa Brown', '579 Pine Ave, Springerville, AZ 85938', '928-555-0465', 0),
    (466, 'Michael Davis', '123 Cedar Dr, Alpine, AZ 85920', '928-555-0466', 0),
    (467, 'Karen Miller', '456 Elm Ln, Nutrioso, AZ 85935', '928-555-0467', 0),
    (468, 'David Taylor', '789 Spruce St, Luna, NM 87824', '575-555-0468', 0),
    (469, 'Carol Thomas', '321 Maple Ave, Reserve, NM 87830', '575-555-0469', 0),
    (470, 'Richard Wilson', '654 Cedar Ln, Quemado, NM 87829', '575-555-0470', 0),
    (471, 'Donna Moore', '987 Birch St, Pie Town, NM 87827', '575-555-0471', 0),
    (472, 'Joseph Anderson', '135 Walnut Ave, Magdalena, NM 87825', '575-555-0472', 0),
    (473, 'Michelle Garcia', '246 Cherry St, Datil, NM 87830', '575-555-0473', 0),
    (474, 'William Martin', '864 Oak St, Socorro, NM 87801', '575-555-0474', 0),
    (475, 'Nancy Johnson', '579 Pine Ave, San Antonio, NM 87832', '575-555-0475', 0),
    (476, 'James Smith', '123 Cedar Dr, Truth or Consequences, NM 87901', '575-555-0476', 0),
    (477, 'Lisa Brown', '456 Elm Ln, Elephant Butte, NM 87935', '575-555-0477', 0),
    (478, 'Michael Davis', '789 Spruce St, Hatch, NM 87937', '575-555-0478', 0),
    (479, 'Karen Miller', '321 Maple Ave, Deming, NM 88030', '575-555-0479', 0),
    (480, 'David Taylor', '654 Cedar Ln, Columbus, NM 88029', '575-555-0480', 0),
    (481, 'Carol Thomas', '987 Birch St, Las Cruces, NM 88001', '575-555-0481', 0),
    (482, 'Richard Wilson', '135 Walnut Ave, Mesilla Park, NM 88047', '575-555-0482', 0),
    (483, 'Donna Moore', '246 Cherry St, Anthony, NM 88021', '575-555-0483', 0),
    (484, 'Joseph Anderson', '864 Oak St, Sunland Park, NM 88063', '575-555-0484', 0),
    (485, 'Michelle Garcia', '579 Pine Ave, Chaparral, NM 88081', '575-555-0485', 0),
    (486, 'William Martin', '123 Cedar Dr, La Mesa, NM 88044', '575-555-0486', 0),
    (487, 'Nancy Johnson', '456 Elm Ln, Vado, NM 88072', '575-555-0487', 0),
    (488, 'James Smith', '789 Spruce St, Berino, NM 88023', '575-555-0488', 0),
    (489, 'Lisa Brown', '321 Maple Ave, Canutillo, TX 79835', '915-555-0489',0),
    (490, 'Michael Davis', '654 Cedar Ln, El Paso, TX 79901', '915-555-0490', 0),
    (491, 'Karen Miller', '987 Birch St, Socorro, TX 79927', '915-555-0491', 0),
    (492, 'David Taylor', '135 Walnut Ave, Clint, TX 79836', '915-555-0492', 0),
    (493, 'Carol Thomas', '246 Cherry St, Fabens, TX 79838', '915-555-0493', 0),
    (494, 'Richard Wilson', '864 Oak St, Fort Hancock, TX 79839', '915-555-0494', 0),
    (495, 'Donna Moore', '579 Pine Ave, Tornillo, TX 79853', '915-555-0495', 0),
    (496, 'Joseph Anderson', '123 Cedar Dr, San Elizario, TX 79849', '915-555-0496', 0),
    (497, 'Michelle Garcia', '456 Elm Ln, Presidio, TX 79845', '432-555-0497', 0),
    (498, 'William Martin', '789 Spruce St, Marfa, TX 79843', '432-555-0498', 0),
    (499, 'Nancy Johnson', '321 Maple Ave, Alpine, TX 79830', '432-555-0499', 0),
    (500, 'James Smith', '654 Cedar Ln, Fort Davis, TX 79734', '432-555-0500', 0)
;
SET IDENTITY_INSERT Customer OFF;