-- Always use right db
USE bbpet;
GO

-- turn on/off identity_insert for each table

SET IDENTITY_INSERT Employee ON;
INSERT INTO bbpet.dbo.Employee (id, name, address, phoneNumber) VALUES (1, N'John Doe', N'123 Main St, Irvine, CA 92602', N'555-1234');
INSERT INTO bbpet.dbo.Employee (id, name, address, phoneNumber) VALUES (2, N'Jane Smith', N'456 Oak St, Anaheim, CA 92801', N'555-5678');
INSERT INTO bbpet.dbo.Employee (id, name, address, phoneNumber) VALUES (3, N'Bob Johnson', N'789 Pine St, Santa Ana, CA 92703', N'555-9012');
INSERT INTO bbpet.dbo.Employee (id, name, address, phoneNumber) VALUES (4, N'Alice Williams', N'321 Elm St, Huntington Beach, CA 92647', N'555-3456');
INSERT INTO bbpet.dbo.Employee (id, name, address, phoneNumber) VALUES (5, N'Charlie Brown', N'654 Maple St, Fullerton, CA 92831', N'555-7890');
INSERT INTO bbpet.dbo.Employee (id, name, address, phoneNumber) VALUES (6, N'Emma Davis', N'987 Birch St, Costa Mesa, CA 92626', N'555-2345');
INSERT INTO bbpet.dbo.Employee (id, name, address, phoneNumber) VALUES (7, N'Michael Wilson', N'135 Cedar St, Newport Beach, CA 92660', N'555-6789');
INSERT INTO bbpet.dbo.Employee (id, name, address, phoneNumber) VALUES (8, N'Olivia Taylor', N'246 Cherry St, Garden Grove, CA 92840', N'555-0123');
INSERT INTO bbpet.dbo.Employee (id, name, address, phoneNumber) VALUES (9, N'William Moore', N'864 Walnut St, Orange, CA 92866', N'555-4567');
INSERT INTO bbpet.dbo.Employee (id, name, address, phoneNumber) VALUES (10, N'Sophia Martin', N'579 Hickory St, Tustin, CA 92780', N'555-8901');
SET IDENTITY_INSERT Employee OFF;


SET IDENTITY_INSERT ShopItem ON;
INSERT INTO bbpet.dbo.ShopItem (id, name, type, price) VALUES (1, N'Dog Grooming', N'SERVICE', 30.00);
INSERT INTO bbpet.dbo.ShopItem (id, name, type, price) VALUES (2, N'Cat Grooming', N'SERVICE', 25.00);
INSERT INTO bbpet.dbo.ShopItem (id, name, type, price) VALUES (3, N'Dog Training', N'SERVICE', 50.00);
INSERT INTO bbpet.dbo.ShopItem (id, name, type, price) VALUES (4, N'Cat Training', N'SERVICE', 40.00);
INSERT INTO bbpet.dbo.ShopItem (id, name, type, price) VALUES (5, N'Dog Boarding', N'SERVICE', 30.00);
INSERT INTO bbpet.dbo.ShopItem (id, name, type, price) VALUES (6, N'Cat Boarding', N'SERVICE', 25.00);
INSERT INTO bbpet.dbo.ShopItem (id, name, type, price) VALUES (7, N'Dog Walking', N'SERVICE', 15.00);
INSERT INTO bbpet.dbo.ShopItem (id, name, type, price) VALUES (8, N'Pet Sitting', N'SERVICE', 20.00);
INSERT INTO bbpet.dbo.ShopItem (id, name, type, price) VALUES (9, N'Pet Taxi', N'SERVICE', 25.00);
INSERT INTO bbpet.dbo.ShopItem (id, name, type, price) VALUES (10, N'Veterinary Consultation', N'SERVICE', 50.00);
INSERT INTO bbpet.dbo.ShopItem (id, name, type, price) VALUES (11, N'Dog Food', N'PRODUCT', 20.00);
INSERT INTO bbpet.dbo.ShopItem (id, name, type, price) VALUES (12, N'Cat Food', N'PRODUCT', 15.00);
INSERT INTO bbpet.dbo.ShopItem (id, name, type, price) VALUES (13, N'Bird Food', N'PRODUCT', 10.00);
INSERT INTO bbpet.dbo.ShopItem (id, name, type, price) VALUES (14, N'Fish Food', N'PRODUCT', 5.00);
INSERT INTO bbpet.dbo.ShopItem (id, name, type, price) VALUES (15, N'Dog Toy', N'PRODUCT', 10.00);
INSERT INTO bbpet.dbo.ShopItem (id, name, type, price) VALUES (16, N'Cat Toy', N'PRODUCT', 8.00);
INSERT INTO bbpet.dbo.ShopItem (id, name, type, price) VALUES (17, N'Bird Cage', N'PRODUCT', 50.00);
INSERT INTO bbpet.dbo.ShopItem (id, name, type, price) VALUES (18, N'Fish Tank', N'PRODUCT', 100.00);
INSERT INTO bbpet.dbo.ShopItem (id, name, type, price) VALUES (19, N'Dog Bed', N'PRODUCT', 30.00);
INSERT INTO bbpet.dbo.ShopItem (id, name, type, price) VALUES (20, N'Cat Bed', N'PRODUCT', 25.00);
INSERT INTO bbpet.dbo.ShopItem (id, name, type, price) VALUES (21, N'Dog Leash', N'PRODUCT', 15.00);
INSERT INTO bbpet.dbo.ShopItem (id, name, type, price) VALUES (22, N'Cat Collar', N'PRODUCT', 10.00);
INSERT INTO bbpet.dbo.ShopItem (id, name, type, price) VALUES (23, N'Bird Swing', N'PRODUCT', 12.00);
INSERT INTO bbpet.dbo.ShopItem (id, name, type, price) VALUES (24, N'Fish Filter', N'PRODUCT', 20.00);
INSERT INTO bbpet.dbo.ShopItem (id, name, type, price) VALUES (25, N'Dog Shampoo', N'PRODUCT', 10.00);
INSERT INTO bbpet.dbo.ShopItem (id, name, type, price) VALUES (26, N'Cat Litter', N'PRODUCT', 8.00);
INSERT INTO bbpet.dbo.ShopItem (id, name, type, price) VALUES (27, N'Bird Treat', N'PRODUCT', 5.00);
INSERT INTO bbpet.dbo.ShopItem (id, name, type, price) VALUES (28, N'Fish Food Flakes', N'PRODUCT', 3.00);
INSERT INTO bbpet.dbo.ShopItem (id, name, type, price) VALUES (29, N'Dog Brush', N'PRODUCT', 12.00);
INSERT INTO bbpet.dbo.ShopItem (id, name, type, price) VALUES (30, N'Cat Brush', N'PRODUCT', 10.00);
SET IDENTITY_INSERT ShopItem OFF;


SET IDENTITY_INSERT Service ON;
INSERT INTO bbpet.dbo.Service (id, shopItemId, name, description) VALUES (1, 1, N'Dog Grooming', N'Professional grooming service for dogs.');
INSERT INTO bbpet.dbo.Service (id, shopItemId, name, description) VALUES (2, 2, N'Cat Grooming', N'Professional grooming service for cats.');
INSERT INTO bbpet.dbo.Service (id, shopItemId, name, description) VALUES (3, 3, N'Dog Training', N'Professional training service for dogs.');
INSERT INTO bbpet.dbo.Service (id, shopItemId, name, description) VALUES (4, 4, N'Cat Training', N'Professional training service for cats.');
INSERT INTO bbpet.dbo.Service (id, shopItemId, name, description) VALUES (5, 5, N'Dog Boarding', N'Boarding service for dogs.');
INSERT INTO bbpet.dbo.Service (id, shopItemId, name, description) VALUES (6, 6, N'Cat Boarding', N'Boarding service for cats.');
INSERT INTO bbpet.dbo.Service (id, shopItemId, name, description) VALUES (7, 7, N'Dog Walking', N'Dog walking service.');
INSERT INTO bbpet.dbo.Service (id, shopItemId, name, description) VALUES (8, 8, N'Pet Sitting', N'Pet sitting service.');
INSERT INTO bbpet.dbo.Service (id, shopItemId, name, description) VALUES (9, 9, N'Pet Taxi', N'Pet transportation service.');
INSERT INTO bbpet.dbo.Service (id, shopItemId, name, description) VALUES (10, 10, N'Veterinary Consultation', N'Consultation with a licensed veterinarian.');
SET IDENTITY_INSERT Service OFF;

SET IDENTITY_INSERT Product ON;
INSERT INTO bbpet.dbo.Product (id, shopItemId, name, description) VALUES (1, 11, N'Dog Food', N'High-quality dog food for all breeds.');
INSERT INTO bbpet.dbo.Product (id, shopItemId, name, description) VALUES (2, 12, N'Cat Food', N'High-quality cat food for all breeds.');
INSERT INTO bbpet.dbo.Product (id, shopItemId, name, description) VALUES (3, 13, N'Bird Food', N'High-quality bird food for all species.');
INSERT INTO bbpet.dbo.Product (id, shopItemId, name, description) VALUES (4, 14, N'Fish Food', N'High-quality fish food for all species.');
INSERT INTO bbpet.dbo.Product (id, shopItemId, name, description) VALUES (5, 15, N'Dog Toy', N'Durable dog toy for play and exercise.');
INSERT INTO bbpet.dbo.Product (id, shopItemId, name, description) VALUES (6, 16, N'Cat Toy', N'Durable cat toy for play and exercise.');
INSERT INTO bbpet.dbo.Product (id, shopItemId, name, description) VALUES (7, 17, N'Bird Cage', N'Spacious bird cage for all bird species.');
INSERT INTO bbpet.dbo.Product (id, shopItemId, name, description) VALUES (8, 18, N'Fish Tank', N'Spacious fish tank for all fish species.');
INSERT INTO bbpet.dbo.Product (id, shopItemId, name, description) VALUES (9, 19, N'Dog Bed', N'Comfortable dog bed for all breeds.');
INSERT INTO bbpet.dbo.Product (id, shopItemId, name, description) VALUES (10, 20, N'Cat Bed', N'Comfortable cat bed for all breeds.');
INSERT INTO bbpet.dbo.Product (id, shopItemId, name, description) VALUES (11, 21, N'Dog Leash', N'Durable dog leash for all breeds.');
INSERT INTO bbpet.dbo.Product (id, shopItemId, name, description) VALUES (12, 22, N'Cat Collar', N'Durable cat collar with ID tag.');
INSERT INTO bbpet.dbo.Product (id, shopItemId, name, description) VALUES (13, 23, N'Bird Swing', N'Fun bird swing for all bird species.');
INSERT INTO bbpet.dbo.Product (id, shopItemId, name, description) VALUES (14, 24, N'Fish Filter', N'Efficient fish tank filter for clear water.');
INSERT INTO bbpet.dbo.Product (id, shopItemId, name, description) VALUES (15, 25, N'Dog Shampoo', N'Gentle dog shampoo for all breeds.');
INSERT INTO bbpet.dbo.Product (id, shopItemId, name, description) VALUES (16, 26, N'Cat Litter', N'Natural cat litter for odor control.');
INSERT INTO bbpet.dbo.Product (id, shopItemId, name, description) VALUES (17, 27, N'Bird Treat', N'Healthy bird treat for all species.');
INSERT INTO bbpet.dbo.Product (id, shopItemId, name, description) VALUES (18, 28, N'Fish Food Flakes', N'Nutritious fish food flakes for all species.');
INSERT INTO bbpet.dbo.Product (id, shopItemId, name, description) VALUES (19, 29, N'Dog Brush', N'Durable dog brush for all breeds.');
INSERT INTO bbpet.dbo.Product (id, shopItemId, name, description) VALUES (20, 30, N'Cat Brush', N'Durable cat brush for all breeds.');
SET IDENTITY_INSERT Product OFF;


SET IDENTITY_INSERT ProductInventory ON;
INSERT INTO bbpet.dbo.ProductInventory (id, productId, storeDate, storeLocation, priceEach, quantity, mgfDate, expDate) VALUES (1, 1, N'2022-01-01', N'Warehouse 1 - Westminster, CA 92683', 17.00, 100000, N'2022-01-01', N'2023-01-01');
INSERT INTO bbpet.dbo.ProductInventory (id, productId, storeDate, storeLocation, priceEach, quantity, mgfDate, expDate) VALUES (2, 1, N'2023-01-01', N'Warehouse 2 - Westminster, CA 92683', 17.50, 100000, N'2023-01-01', N'2024-01-01');
INSERT INTO bbpet.dbo.ProductInventory (id, productId, storeDate, storeLocation, priceEach, quantity, mgfDate, expDate) VALUES (3, 1, N'2024-01-01', N'Warehouse 3 - Westminster, CA 92683', 18.00, 100000, N'2024-01-01', N'2025-01-01');
INSERT INTO bbpet.dbo.ProductInventory (id, productId, storeDate, storeLocation, priceEach, quantity, mgfDate, expDate) VALUES (4, 2, N'2022-01-01', N'Warehouse 1 - Westminster, CA 92683', 13.00, 100000, N'2022-01-01', N'2023-01-01');
INSERT INTO bbpet.dbo.ProductInventory (id, productId, storeDate, storeLocation, priceEach, quantity, mgfDate, expDate) VALUES (5, 2, N'2023-01-01', N'Warehouse 2 - Westminster, CA 92683', 13.50, 100000, N'2023-01-01', N'2024-01-01');
INSERT INTO bbpet.dbo.ProductInventory (id, productId, storeDate, storeLocation, priceEach, quantity, mgfDate, expDate) VALUES (6, 2, N'2024-01-01', N'Warehouse 3 - Westminster, CA 92683', 14.00, 100000, N'2024-01-01', N'2025-01-01');
INSERT INTO bbpet.dbo.ProductInventory (id, productId, storeDate, storeLocation, priceEach, quantity, mgfDate, expDate) VALUES (7, 3, N'2022-01-01', N'Warehouse 1 - Westminster, CA 92683', 8.00, 100000, N'2022-01-01', N'2023-01-01');
INSERT INTO bbpet.dbo.ProductInventory (id, productId, storeDate, storeLocation, priceEach, quantity, mgfDate, expDate) VALUES (8, 3, N'2023-01-01', N'Warehouse 2 - Westminster, CA 92683', 8.50, 100000, N'2023-01-01', N'2024-01-01');
INSERT INTO bbpet.dbo.ProductInventory (id, productId, storeDate, storeLocation, priceEach, quantity, mgfDate, expDate) VALUES (9, 3, N'2024-01-01', N'Warehouse 3 - Westminster, CA 92683', 9.00, 100000, N'2024-01-01', N'2025-01-01');
INSERT INTO bbpet.dbo.ProductInventory (id, productId, storeDate, storeLocation, priceEach, quantity, mgfDate, expDate) VALUES (10, 4, N'2022-01-01', N'Warehouse 1 - Westminster, CA 92683', 3.00, 100000, N'2022-01-01', N'2023-01-01');
INSERT INTO bbpet.dbo.ProductInventory (id, productId, storeDate, storeLocation, priceEach, quantity, mgfDate, expDate) VALUES (11, 4, N'2023-01-01', N'Warehouse 2 - Westminster, CA 92683', 3.50, 100000, N'2023-01-01', N'2024-01-01');
INSERT INTO bbpet.dbo.ProductInventory (id, productId, storeDate, storeLocation, priceEach, quantity, mgfDate, expDate) VALUES (12, 4, N'2024-01-01', N'Warehouse 3 - Westminster, CA 92683', 4.00, 100000, N'2024-01-01', N'2025-01-01');
INSERT INTO bbpet.dbo.ProductInventory (id, productId, storeDate, storeLocation, priceEach, quantity, mgfDate, expDate) VALUES (13, 5, N'2022-01-01', N'Warehouse 1 - Westminster, CA 92683', 8.00, 100000, N'2022-01-01', N'2023-01-01');
INSERT INTO bbpet.dbo.ProductInventory (id, productId, storeDate, storeLocation, priceEach, quantity, mgfDate, expDate) VALUES (14, 5, N'2023-01-01', N'Warehouse 2 - Westminster, CA 92683', 8.50, 100000, N'2023-01-01', N'2024-01-01');
INSERT INTO bbpet.dbo.ProductInventory (id, productId, storeDate, storeLocation, priceEach, quantity, mgfDate, expDate) VALUES (15, 5, N'2024-01-01', N'Warehouse 3 - Westminster, CA 92683', 9.00, 100000, N'2024-01-01', N'2025-01-01');
INSERT INTO bbpet.dbo.ProductInventory (id, productId, storeDate, storeLocation, priceEach, quantity, mgfDate, expDate) VALUES (16, 6, N'2022-01-01', N'Warehouse 1 - Westminster, CA 92683', 6.00, 100000, N'2022-01-01', N'2023-01-01');
INSERT INTO bbpet.dbo.ProductInventory (id, productId, storeDate, storeLocation, priceEach, quantity, mgfDate, expDate) VALUES (17, 6, N'2023-01-01', N'Warehouse 2 - Westminster, CA 92683', 6.50, 100000, N'2023-01-01', N'2024-01-01');
INSERT INTO bbpet.dbo.ProductInventory (id, productId, storeDate, storeLocation, priceEach, quantity, mgfDate, expDate) VALUES (18, 6, N'2024-01-01', N'Warehouse 3 - Westminster, CA 92683', 7.00, 100000, N'2024-01-01', N'2025-01-01');
INSERT INTO bbpet.dbo.ProductInventory (id, productId, storeDate, storeLocation, priceEach, quantity, mgfDate, expDate) VALUES (19, 7, N'2022-01-01', N'Warehouse 1 - Westminster, CA 92683', 40.00, 100000, N'2022-01-01', N'2023-01-01');
INSERT INTO bbpet.dbo.ProductInventory (id, productId, storeDate, storeLocation, priceEach, quantity, mgfDate, expDate) VALUES (20, 7, N'2023-01-01', N'Warehouse 2 - Westminster, CA 92683', 42.00, 100000, N'2023-01-01', N'2024-01-01');
INSERT INTO bbpet.dbo.ProductInventory (id, productId, storeDate, storeLocation, priceEach, quantity, mgfDate, expDate) VALUES (21, 7, N'2024-01-01', N'Warehouse 3 - Westminster, CA 92683', 44.00, 100000, N'2024-01-01', N'2025-01-01');
INSERT INTO bbpet.dbo.ProductInventory (id, productId, storeDate, storeLocation, priceEach, quantity, mgfDate, expDate) VALUES (22, 8, N'2022-01-01', N'Warehouse 1 - Westminster, CA 92683', 80.00, 100000, N'2022-01-01', N'2023-01-01');
INSERT INTO bbpet.dbo.ProductInventory (id, productId, storeDate, storeLocation, priceEach, quantity, mgfDate, expDate) VALUES (23, 8, N'2023-01-01', N'Warehouse 2 - Westminster, CA 92683', 85.00, 100000, N'2023-01-01', N'2024-01-01');
INSERT INTO bbpet.dbo.ProductInventory (id, productId, storeDate, storeLocation, priceEach, quantity, mgfDate, expDate) VALUES (24, 8, N'2024-01-01', N'Warehouse 3 - Westminster, CA 92683', 90.00, 100000, N'2024-01-01', N'2025-01-01');
INSERT INTO bbpet.dbo.ProductInventory (id, productId, storeDate, storeLocation, priceEach, quantity, mgfDate, expDate) VALUES (25, 9, N'2022-01-01', N'Warehouse 1 - Westminster, CA 92683', 24.00, 100000, N'2022-01-01', N'2023-01-01');
INSERT INTO bbpet.dbo.ProductInventory (id, productId, storeDate, storeLocation, priceEach, quantity, mgfDate, expDate) VALUES (26, 9, N'2023-01-01', N'Warehouse 2 - Westminster, CA 92683', 25.00, 100000, N'2023-01-01', N'2024-01-01');
INSERT INTO bbpet.dbo.ProductInventory (id, productId, storeDate, storeLocation, priceEach, quantity, mgfDate, expDate) VALUES (27, 9, N'2024-01-01', N'Warehouse 3 - Westminster, CA 92683', 26.00, 100000, N'2024-01-01', N'2025-01-01');
INSERT INTO bbpet.dbo.ProductInventory (id, productId, storeDate, storeLocation, priceEach, quantity, mgfDate, expDate) VALUES (28, 10, N'2022-01-01', N'Warehouse 1 - Westminster, CA 92683', 20.00, 100000, N'2022-01-01', N'2023-01-01');
INSERT INTO bbpet.dbo.ProductInventory (id, productId, storeDate, storeLocation, priceEach, quantity, mgfDate, expDate) VALUES (29, 10, N'2023-01-01', N'Warehouse 2 - Westminster, CA 92683', 21.00, 100000, N'2023-01-01', N'2024-01-01');
INSERT INTO bbpet.dbo.ProductInventory (id, productId, storeDate, storeLocation, priceEach, quantity, mgfDate, expDate) VALUES (30, 10, N'2024-01-01', N'Warehouse 3 - Westminster, CA 92683', 22.00, 100000, N'2024-01-01', N'2025-01-01');
INSERT INTO bbpet.dbo.ProductInventory (id, productId, storeDate, storeLocation, priceEach, quantity, mgfDate, expDate) VALUES (31, 11, N'2022-01-01', N'Warehouse 1 - Westminster, CA 92683', 12.00, 100000, N'2022-01-01', N'2023-01-01');
INSERT INTO bbpet.dbo.ProductInventory (id, productId, storeDate, storeLocation, priceEach, quantity, mgfDate, expDate) VALUES (32, 11, N'2023-01-01', N'Warehouse 2 - Westminster, CA 92683', 13.00, 100000, N'2023-01-01', N'2024-01-01');
INSERT INTO bbpet.dbo.ProductInventory (id, productId, storeDate, storeLocation, priceEach, quantity, mgfDate, expDate) VALUES (33, 11, N'2024-01-01', N'Warehouse 3 - Westminster, CA 92683', 14.00, 100000, N'2024-01-01', N'2025-01-01');
INSERT INTO bbpet.dbo.ProductInventory (id, productId, storeDate, storeLocation, priceEach, quantity, mgfDate, expDate) VALUES (34, 12, N'2022-01-01', N'Warehouse 1 - Westminster, CA 92683', 8.00, 100000, N'2022-01-01', N'2023-01-01');
INSERT INTO bbpet.dbo.ProductInventory (id, productId, storeDate, storeLocation, priceEach, quantity, mgfDate, expDate) VALUES (35, 12, N'2023-01-01', N'Warehouse 2 - Westminster, CA 92683', 9.00, 100000, N'2023-01-01', N'2024-01-01');
INSERT INTO bbpet.dbo.ProductInventory (id, productId, storeDate, storeLocation, priceEach, quantity, mgfDate, expDate) VALUES (36, 12, N'2024-01-01', N'Warehouse 3 - Westminster, CA 92683', 10.00, 100000, N'2024-01-01', N'2025-01-01');
INSERT INTO bbpet.dbo.ProductInventory (id, productId, storeDate, storeLocation, priceEach, quantity, mgfDate, expDate) VALUES (37, 13, N'2022-01-01', N'Warehouse 1 - Westminster, CA 92683', 9.00, 100000, N'2022-01-01', N'2023-01-01');
INSERT INTO bbpet.dbo.ProductInventory (id, productId, storeDate, storeLocation, priceEach, quantity, mgfDate, expDate) VALUES (38, 13, N'2023-01-01', N'Warehouse 2 - Westminster, CA 92683', 10.00, 100000, N'2023-01-01', N'2024-01-01');
INSERT INTO bbpet.dbo.ProductInventory (id, productId, storeDate, storeLocation, priceEach, quantity, mgfDate, expDate) VALUES (39, 13, N'2024-01-01', N'Warehouse 3 - Westminster, CA 92683', 11.00, 100000, N'2024-01-01', N'2025-01-01');
INSERT INTO bbpet.dbo.ProductInventory (id, productId, storeDate, storeLocation, priceEach, quantity, mgfDate, expDate) VALUES (40, 14, N'2022-01-01', N'Warehouse 1 - Westminster, CA 92683', 16.00, 100000, N'2022-01-01', N'2023-01-01');
INSERT INTO bbpet.dbo.ProductInventory (id, productId, storeDate, storeLocation, priceEach, quantity, mgfDate, expDate) VALUES (41, 14, N'2023-01-01', N'Warehouse 2 - Westminster, CA 92683', 17.00, 100000, N'2023-01-01', N'2024-01-01');
INSERT INTO bbpet.dbo.ProductInventory (id, productId, storeDate, storeLocation, priceEach, quantity, mgfDate, expDate) VALUES (42, 14, N'2024-01-01', N'Warehouse 3 - Westminster, CA 92683', 18.00, 100000, N'2024-01-01', N'2025-01-01');
INSERT INTO bbpet.dbo.ProductInventory (id, productId, storeDate, storeLocation, priceEach, quantity, mgfDate, expDate) VALUES (43, 15, N'2022-01-01', N'Warehouse 1 - Westminster, CA 92683', 8.00, 100000, N'2022-01-01', N'2023-01-01');
INSERT INTO bbpet.dbo.ProductInventory (id, productId, storeDate, storeLocation, priceEach, quantity, mgfDate, expDate) VALUES (44, 15, N'2023-01-01', N'Warehouse 2 - Westminster, CA 92683', 9.00, 100000, N'2023-01-01', N'2024-01-01');
INSERT INTO bbpet.dbo.ProductInventory (id, productId, storeDate, storeLocation, priceEach, quantity, mgfDate, expDate) VALUES (45, 15, N'2024-01-01', N'Warehouse 3 - Westminster, CA 92683', 10.00, 100000, N'2024-01-01', N'2025-01-01');
INSERT INTO bbpet.dbo.ProductInventory (id, productId, storeDate, storeLocation, priceEach, quantity, mgfDate, expDate) VALUES (46, 16, N'2022-01-01', N'Warehouse 1 - Westminster, CA 92683', 6.00, 100000, N'2022-01-01', N'2023-01-01');
INSERT INTO bbpet.dbo.ProductInventory (id, productId, storeDate, storeLocation, priceEach, quantity, mgfDate, expDate) VALUES (47, 16, N'2023-01-01', N'Warehouse 2 - Westminster, CA 92683', 7.00, 100000, N'2023-01-01', N'2024-01-01');
INSERT INTO bbpet.dbo.ProductInventory (id, productId, storeDate, storeLocation, priceEach, quantity, mgfDate, expDate) VALUES (48, 16, N'2024-01-01', N'Warehouse 3 - Westminster, CA 92683', 8.00, 100000, N'2024-01-01', N'2025-01-01');
INSERT INTO bbpet.dbo.ProductInventory (id, productId, storeDate, storeLocation, priceEach, quantity, mgfDate, expDate) VALUES (49, 17, N'2022-01-01', N'Warehouse 1 - Westminster, CA 92683', 4.00, 100000, N'2022-01-01', N'2023-01-01');
INSERT INTO bbpet.dbo.ProductInventory (id, productId, storeDate, storeLocation, priceEach, quantity, mgfDate, expDate) VALUES (50, 17, N'2023-01-01', N'Warehouse 2 - Westminster, CA 92683', 4.50, 100000, N'2023-01-01', N'2024-01-01');
INSERT INTO bbpet.dbo.ProductInventory (id, productId, storeDate, storeLocation, priceEach, quantity, mgfDate, expDate) VALUES (51, 17, N'2024-01-01', N'Warehouse 3 - Westminster, CA 92683', 5.00, 100000, N'2024-01-01', N'2025-01-01');
INSERT INTO bbpet.dbo.ProductInventory (id, productId, storeDate, storeLocation, priceEach, quantity, mgfDate, expDate) VALUES (52, 18, N'2022-01-01', N'Warehouse 1 - Westminster, CA 92683', 2.00, 100000, N'2022-01-01', N'2023-01-01');
INSERT INTO bbpet.dbo.ProductInventory (id, productId, storeDate, storeLocation, priceEach, quantity, mgfDate, expDate) VALUES (53, 18, N'2023-01-01', N'Warehouse 2 - Westminster, CA 92683', 2.50, 100000, N'2023-01-01', N'2024-01-01');
INSERT INTO bbpet.dbo.ProductInventory (id, productId, storeDate, storeLocation, priceEach, quantity, mgfDate, expDate) VALUES (54, 18, N'2024-01-01', N'Warehouse 3 - Westminster, CA 92683', 3.00, 100000, N'2024-01-01', N'2025-01-01');
INSERT INTO bbpet.dbo.ProductInventory (id, productId, storeDate, storeLocation, priceEach, quantity, mgfDate, expDate) VALUES (55, 19, N'2022-01-01', N'Warehouse 1 - Westminster, CA 92683', 10.00, 100000, N'2022-01-01', N'2023-01-01');
INSERT INTO bbpet.dbo.ProductInventory (id, productId, storeDate, storeLocation, priceEach, quantity, mgfDate, expDate) VALUES (56, 19, N'2023-01-01', N'Warehouse 2 - Westminster, CA 92683', 11.00, 100000, N'2023-01-01', N'2024-01-01');
INSERT INTO bbpet.dbo.ProductInventory (id, productId, storeDate, storeLocation, priceEach, quantity, mgfDate, expDate) VALUES (57, 19, N'2024-01-01', N'Warehouse 3 - Westminster, CA 92683', 12.00, 100000, N'2024-01-01', N'2025-01-01');
INSERT INTO bbpet.dbo.ProductInventory (id, productId, storeDate, storeLocation, priceEach, quantity, mgfDate, expDate) VALUES (58, 20, N'2022-01-01', N'Warehouse 1 - Westminster, CA 92683', 8.00, 100000, N'2022-01-01', N'2023-01-01');
INSERT INTO bbpet.dbo.ProductInventory (id, productId, storeDate, storeLocation, priceEach, quantity, mgfDate, expDate) VALUES (59, 20, N'2023-01-01', N'Warehouse 2 - Westminster, CA 92683', 9.00, 100000, N'2023-01-01', N'2024-01-01');
INSERT INTO bbpet.dbo.ProductInventory (id, productId, storeDate, storeLocation, priceEach, quantity, mgfDate, expDate) VALUES (60, 20, N'2024-01-01', N'Warehouse 3 - Westminster, CA 92683', 10.00, 100000, N'2024-01-01', N'2025-01-01');
SET IDENTITY_INSERT ProductInventory OFF;


SET IDENTITY_INSERT Customer ON;
INSERT INTO bbpet.dbo.Customer (id, name, address, phoneNumber, accumulatedPoints) VALUES (1, N'John Doe', N'123 Main St, Los Angeles, CA 90001', N'424-123-0001', 0);
INSERT INTO bbpet.dbo.Customer (id, name, address, phoneNumber, accumulatedPoints) VALUES (2, N'Jane Smith', N'456 Oak St, Portland, OR 97201', N'503-555-0002', 0);
INSERT INTO bbpet.dbo.Customer (id, name, address, phoneNumber, accumulatedPoints) VALUES (3, N'Bob Johnson', N'789 Pine St, Phoenix, AZ 85001', N'602-555-0003', 0);
INSERT INTO bbpet.dbo.Customer (id, name, address, phoneNumber, accumulatedPoints) VALUES (4, N'Sally Lee', N'321 Elm St, Las Vegas, NV 89101', N'702-555-0004', 0);
INSERT INTO bbpet.dbo.Customer (id, name, address, phoneNumber, accumulatedPoints) VALUES (5, N'Tom Brown', N'654 Maple St, San Diego, CA 92101', N'619-555-0005', 0);
INSERT INTO bbpet.dbo.Customer (id, name, address, phoneNumber, accumulatedPoints) VALUES (6, N'Karen Davis', N'987 Birch St, Seattle, WA 98101', N'206-555-0006', 0);
INSERT INTO bbpet.dbo.Customer (id, name, address, phoneNumber, accumulatedPoints) VALUES (7, N'Mike Miller', N'135 Cedar St, San Francisco, CA 94102', N'415-555-0007', 0);
INSERT INTO bbpet.dbo.Customer (id, name, address, phoneNumber, accumulatedPoints) VALUES (8, N'Amy Taylor', N'246 Cherry St, Eugene, OR 97401', N'541-555-0008', 0);
INSERT INTO bbpet.dbo.Customer (id, name, address, phoneNumber, accumulatedPoints) VALUES (9, N'David Clark', N'864 Walnut St, Tucson, AZ 85701', N'520-555-0009', 0);
INSERT INTO bbpet.dbo.Customer (id, name, address, phoneNumber, accumulatedPoints) VALUES (10, N'Linda White', N'579 Hickory St, Reno, NV 89501', N'775-555-0010', 0);
INSERT INTO bbpet.dbo.Customer (id, name, address, phoneNumber, accumulatedPoints) VALUES (11, N'Emily Davis', N'123 Main St, Sacramento, CA 94203', N'916-555-0011', 0);
INSERT INTO bbpet.dbo.Customer (id, name, address, phoneNumber, accumulatedPoints) VALUES (12, N'Mark Johnson', N'456 Oak St, Vancouver, WA 98660', N'360-555-0012', 0);
INSERT INTO bbpet.dbo.Customer (id, name, address, phoneNumber, accumulatedPoints) VALUES (13, N'Sarah Smith', N'789 Pine St, Flagstaff, AZ 86001', N'928-555-0013', 0);
INSERT INTO bbpet.dbo.Customer (id, name, address, phoneNumber, accumulatedPoints) VALUES (14, N'William Lee', N'321 Elm St, Henderson, NV 89002', N'702-555-0014', 0);
INSERT INTO bbpet.dbo.Customer (id, name, address, phoneNumber, accumulatedPoints) VALUES (15, N'Kevin Brown', N'654 Maple St, Santa Ana, CA 92701', N'714-555-0015', 0);
INSERT INTO bbpet.dbo.Customer (id, name, address, phoneNumber, accumulatedPoints) VALUES (16, N'Jessica Davis', N'987 Birch St, Salem, OR 97301', N'503-555-0016', 0);
INSERT INTO bbpet.dbo.Customer (id, name, address, phoneNumber, accumulatedPoints) VALUES (17, N'Robert Miller', N'135 Cedar St, Mesa, AZ 85201', N'480-555-0017', 0);
INSERT INTO bbpet.dbo.Customer (id, name, address, phoneNumber, accumulatedPoints) VALUES (18, N'Michael Taylor', N'246 Cherry St, Sparks, NV 89431', N'775-555-0018', 0);
INSERT INTO bbpet.dbo.Customer (id, name, address, phoneNumber, accumulatedPoints) VALUES (19, N'Steve Clark', N'864 Walnut St, Long Beach, CA 90802', N'562-555-0019', 0);
INSERT INTO bbpet.dbo.Customer (id, name, address, phoneNumber, accumulatedPoints) VALUES (20, N'Katherine White', N'579 Hickory St, Bend, OR 97701', N'541-555-0020', 0);
SET IDENTITY_INSERT Customer OFF;


SET IDENTITY_INSERT [Order] ON;
insert into dbo.Order (id, createdTime, deliveryAddress, phoneNumber, status, customerId, employeeId)
values  (1, N'2023-07-17 09:37:49.000', N'123 Main St, Los Angeles, CA 90001', N'424-123-0001', N'SUCCESS', 1, 2),
        (2, N'2023-12-03 10:36:34.000', N'123 Main St, Los Angeles, CA 90001', N'424-123-0001', N'SUCCESS', 1, 5),
        (3, N'2022-01-16 13:20:16.000', N'123 Main St, Los Angeles, CA 90001', N'424-123-0001', N'SUCCESS', 1, 2),
        (4, N'2023-10-31 15:31:28.000', N'123 Main St, Los Angeles, CA 90001', N'424-123-0001', N'SUCCESS', 1, 9),
        (5, N'2022-11-24 07:40:49.000', N'123 Main St, Los Angeles, CA 90001', N'424-123-0001', N'SUCCESS', 1, 4),
        (6, N'2022-07-07 21:04:48.000', N'123 Main St, Los Angeles, CA 90001', N'424-123-0001', N'SUCCESS', 1, 10),
        (7, N'2022-09-06 10:07:33.000', N'123 Main St, Los Angeles, CA 90001', N'424-123-0001', N'SUCCESS', 1, 2),
        (8, N'2022-01-21 16:33:57.000', N'123 Main St, Los Angeles, CA 90001', N'424-123-0001', N'SUCCESS', 1, 7),
        (9, N'2022-08-04 13:31:09.000', N'123 Main St, Los Angeles, CA 90001', N'424-123-0001', N'SUCCESS', 1, 3),
        (10, N'2023-09-24 08:34:36.000', N'123 Main St, Los Angeles, CA 90001', N'424-123-0001', N'SUCCESS', 1, 1),
        (11, N'2022-04-24 13:00:21.000', N'123 Main St, Los Angeles, CA 90001', N'424-123-0001', N'SUCCESS', 1, 8),
        (12, N'2022-01-21 02:24:26.000', N'123 Main St, Los Angeles, CA 90001', N'424-123-0001', N'DELIVERING', 1, 5),
        (13, N'2022-11-21 08:04:16.000', N'123 Main St, Los Angeles, CA 90001', N'424-123-0001', N'SUCCESS', 1, 9),
        (14, N'2023-05-08 18:59:08.000', N'123 Main St, Los Angeles, CA 90001', N'424-123-0001', N'SUCCESS', 1, 7),
        (15, N'2023-10-25 10:13:23.000', N'123 Main St, Los Angeles, CA 90001', N'424-123-0001', N'PENDING', 1, 3),
        (16, N'2022-04-09 16:54:42.000', N'In-store, 123 Goldenwest St, CA 92683', N'503-555-0002', N'CANCELED', 2, 1),
        (17, N'2022-02-13 02:30:21.000', N'In-store, 123 Goldenwest St, CA 92683', N'503-555-0002', N'DELIVERING', 2, 10),
        (18, N'2023-12-22 05:57:17.000', N'In-store, 123 Goldenwest St, CA 92683', N'503-555-0002', N'SUCCESS', 2, 3),
        (19, N'2023-02-10 08:55:23.000', N'In-store, 123 Goldenwest St, CA 92683', N'503-555-0002', N'SUCCESS', 2, 5),
        (20, N'2023-10-31 09:30:51.000', N'In-store, 123 Goldenwest St, CA 92683', N'503-555-0002', N'SUCCESS', 2, 6),
        (21, N'2023-06-10 05:20:36.000', N'789 Pine St, Phoenix, AZ 85001', N'602-555-0003', N'CANCELED', 3, 7),
        (22, N'2022-12-24 15:20:19.000', N'789 Pine St, Phoenix, AZ 85001', N'602-555-0003', N'SUCCESS', 3, 4),
        (23, N'2022-04-23 00:09:57.000', N'789 Pine St, Phoenix, AZ 85001', N'602-555-0003', N'SUCCESS', 3, 3),
        (24, N'2023-10-27 12:25:02.000', N'789 Pine St, Phoenix, AZ 85001', N'602-555-0003', N'NOT_ACCEPTED', 3, 7),
        (25, N'2023-07-11 22:44:17.000', N'789 Pine St, Phoenix, AZ 85001', N'602-555-0003', N'SUCCESS', 3, 8),
        (26, N'2022-05-06 18:10:46.000', N'789 Pine St, Phoenix, AZ 85001', N'602-555-0003', N'SUCCESS', 3, 3),
        (27, N'2022-02-07 14:24:15.000', N'789 Pine St, Phoenix, AZ 85001', N'602-555-0003', N'SUCCESS', 3, 3),
        (28, N'2023-07-18 10:16:05.000', N'321 Elm St, Las Vegas, NV 89101', N'702-555-0004', N'SUCCESS', 4, 8),
        (29, N'2023-12-21 23:48:17.000', N'321 Elm St, Las Vegas, NV 89101', N'702-555-0004', N'NOT_ACCEPTED', 4, 4),
        (30, N'2022-02-04 01:33:39.000', N'321 Elm St, Las Vegas, NV 89101', N'702-555-0004', N'CANCELED', 4, 8),
        (31, N'2023-06-14 05:18:22.000', N'321 Elm St, Las Vegas, NV 89101', N'702-555-0004', N'SUCCESS', 4, 8),
        (32, N'2023-10-28 19:48:44.000', N'321 Elm St, Las Vegas, NV 89101', N'702-555-0004', N'SUCCESS', 4, 6),
        (33, N'2022-09-29 19:06:44.000', N'321 Elm St, Las Vegas, NV 89101', N'702-555-0004', N'PENDING', 4, 6),
        (34, N'2023-03-13 00:48:28.000', N'321 Elm St, Las Vegas, NV 89101', N'702-555-0004', N'SUCCESS', 4, 6),
        (35, N'2022-04-20 12:48:09.000', N'654 Maple St, San Diego, CA 92101', N'619-555-0005', N'SUCCESS', 5, 3),
        (36, N'2022-02-19 21:55:56.000', N'654 Maple St, San Diego, CA 92101', N'619-555-0005', N'DELIVERING', 5, 2),
        (37, N'2023-04-03 11:15:33.000', N'654 Maple St, San Diego, CA 92101', N'619-555-0005', N'CANCELED', 5, 8),
        (38, N'2022-04-19 09:26:27.000', N'654 Maple St, San Diego, CA 92101', N'619-555-0005', N'SUCCESS', 5, 7),
        (39, N'2023-11-09 08:00:12.000', N'654 Maple St, San Diego, CA 92101', N'619-555-0005', N'DELIVERING', 5, 10),
        (40, N'2023-04-02 06:38:18.000', N'654 Maple St, San Diego, CA 92101', N'619-555-0005', N'SUCCESS', 5, 3),
        (41, N'2022-05-11 15:00:00.000', N'654 Maple St, San Diego, CA 92101', N'619-555-0005', N'SUCCESS', 5, 6),
        (42, N'2022-09-09 19:38:40.000', N'654 Maple St, San Diego, CA 92101', N'619-555-0005', N'SUCCESS', 5, 3),
        (43, N'2023-01-11 04:38:14.000', N'654 Maple St, San Diego, CA 92101', N'619-555-0005', N'PENDING', 5, 8),
        (44, N'2023-07-02 05:55:09.000', N'987 Birch St, Seattle, WA 98101', N'206-555-0006', N'SUCCESS', 6, 5),
        (45, N'2023-09-06 05:32:24.000', N'987 Birch St, Seattle, WA 98101', N'206-555-0006', N'SUCCESS', 6, 6),
        (46, N'2022-12-19 18:10:27.000', N'987 Birch St, Seattle, WA 98101', N'206-555-0006', N'SUCCESS', 6, 3),
        (47, N'2022-07-06 23:16:37.000', N'987 Birch St, Seattle, WA 98101', N'206-555-0006', N'SUCCESS', 6, 8),
        (48, N'2022-07-14 21:23:40.000', N'987 Birch St, Seattle, WA 98101', N'206-555-0006', N'SUCCESS', 6, 8),
        (49, N'2023-03-26 13:16:53.000', N'987 Birch St, Seattle, WA 98101', N'206-555-0006', N'SUCCESS', 6, 8),
        (50, N'2022-08-24 13:23:57.000', N'987 Birch St, Seattle, WA 98101', N'206-555-0006', N'SUCCESS', 6, 5),
        (51, N'2022-02-14 09:46:53.000', N'987 Birch St, Seattle, WA 98101', N'206-555-0006', N'DELIVERING', 6, 1),
        (52, N'2022-01-29 14:51:15.000', N'In-store, 123 Goldenwest St, CA 92683', N'415-555-0007', N'SUCCESS', 7, 5),
        (53, N'2023-09-17 16:22:52.000', N'In-store, 123 Goldenwest St, CA 92683', N'415-555-0007', N'SUCCESS', 7, 5),
        (54, N'2022-09-03 19:30:52.000', N'In-store, 123 Goldenwest St, CA 92683', N'415-555-0007', N'SUCCESS', 7, 3),
        (55, N'2023-02-18 10:54:25.000', N'In-store, 123 Goldenwest St, CA 92683', N'415-555-0007', N'SUCCESS', 7, 5),
        (56, N'2023-10-13 00:28:19.000', N'In-store, 123 Goldenwest St, CA 92683', N'415-555-0007', N'SUCCESS', 7, 6),
        (57, N'2023-06-20 21:07:29.000', N'246 Cherry St, Eugene, OR 97401', N'541-555-0008', N'SUCCESS', 8, 5),
        (58, N'2022-04-05 12:24:29.000', N'246 Cherry St, Eugene, OR 97401', N'541-555-0008', N'SUCCESS', 8, 7),
        (59, N'2022-08-27 00:48:09.000', N'864 Walnut St, Tucson, AZ 85701', N'520-555-0009', N'SUCCESS', 9, 8),
        (60, N'2023-06-09 22:33:21.000', N'864 Walnut St, Tucson, AZ 85701', N'520-555-0009', N'CANCELED', 9, 2),
        (61, N'2023-02-09 01:27:08.000', N'864 Walnut St, Tucson, AZ 85701', N'520-555-0009', N'DELIVERING', 9, 8),
        (62, N'2023-05-14 21:59:33.000', N'864 Walnut St, Tucson, AZ 85701', N'520-555-0009', N'SUCCESS', 9, 7),
        (63, N'2023-03-07 13:41:42.000', N'864 Walnut St, Tucson, AZ 85701', N'520-555-0009', N'SUCCESS', 9, 3),
        (64, N'2022-10-17 16:41:06.000', N'864 Walnut St, Tucson, AZ 85701', N'520-555-0009', N'SUCCESS', 9, 6),
        (65, N'2023-09-24 23:10:22.000', N'864 Walnut St, Tucson, AZ 85701', N'520-555-0009', N'SUCCESS', 9, 5),
        (66, N'2023-11-21 15:44:24.000', N'864 Walnut St, Tucson, AZ 85701', N'520-555-0009', N'SUCCESS', 9, 6),
        (67, N'2022-08-21 07:37:02.000', N'864 Walnut St, Tucson, AZ 85701', N'520-555-0009', N'SUCCESS', 9, 4),
        (68, N'2023-05-22 15:26:24.000', N'864 Walnut St, Tucson, AZ 85701', N'520-555-0009', N'SUCCESS', 9, 8),
        (69, N'2022-06-25 18:02:08.000', N'864 Walnut St, Tucson, AZ 85701', N'520-555-0009', N'SUCCESS', 9, 9),
        (70, N'2022-03-15 03:03:53.000', N'864 Walnut St, Tucson, AZ 85701', N'520-555-0009', N'SUCCESS', 9, 6),
        (71, N'2023-11-30 02:54:43.000', N'864 Walnut St, Tucson, AZ 85701', N'520-555-0009', N'NOT_ACCEPTED', 9, 4),
        (72, N'2022-05-09 11:06:40.000', N'864 Walnut St, Tucson, AZ 85701', N'520-555-0009', N'SUCCESS', 9, 8),
        (73, N'2022-08-02 20:11:29.000', N'864 Walnut St, Tucson, AZ 85701', N'520-555-0009', N'SUCCESS', 9, 3),
        (74, N'2022-01-03 16:29:51.000', N'In-store, 123 Goldenwest St, CA 92683', N'775-555-0010', N'SUCCESS', 10, 7),
        (75, N'2023-06-09 11:52:14.000', N'In-store, 123 Goldenwest St, CA 92683', N'775-555-0010', N'DELIVERING', 10, 4),
        (76, N'2022-06-22 20:06:20.000', N'In-store, 123 Goldenwest St, CA 92683', N'775-555-0010', N'SUCCESS', 10, 5),
        (77, N'2022-04-19 03:04:55.000', N'In-store, 123 Goldenwest St, CA 92683', N'775-555-0010', N'DELIVERING', 10, 5),
        (78, N'2022-02-05 12:58:01.000', N'In-store, 123 Goldenwest St, CA 92683', N'775-555-0010', N'SUCCESS', 10, 5),
        (79, N'2023-02-03 10:09:32.000', N'In-store, 123 Goldenwest St, CA 92683', N'775-555-0010', N'SUCCESS', 10, 5),
        (80, N'2022-06-14 22:00:17.000', N'In-store, 123 Goldenwest St, CA 92683', N'775-555-0010', N'DELIVERING', 10, 5),
        (81, N'2023-12-31 10:47:47.000', N'In-store, 123 Goldenwest St, CA 92683', N'775-555-0010', N'CANCELED', 10, 8),
        (82, N'2022-05-26 17:40:13.000', N'123 Main St, Sacramento, CA 94203', N'916-555-0011', N'CANCELED', 11, 6),
        (83, N'2023-10-04 06:23:27.000', N'123 Main St, Sacramento, CA 94203', N'916-555-0011', N'SUCCESS', 11, 7),
        (84, N'2023-08-19 19:42:18.000', N'123 Main St, Sacramento, CA 94203', N'916-555-0011', N'SUCCESS', 11, 6),
        (85, N'2022-12-17 13:55:39.000', N'123 Main St, Sacramento, CA 94203', N'916-555-0011', N'SUCCESS', 11, 2),
        (86, N'2023-04-05 19:36:39.000', N'123 Main St, Sacramento, CA 94203', N'916-555-0011', N'CONFIRMED', 11, 9),
        (87, N'2022-05-19 14:17:52.000', N'123 Main St, Sacramento, CA 94203', N'916-555-0011', N'CANCELED', 11, 2),
        (88, N'2022-04-19 13:41:26.000', N'123 Main St, Sacramento, CA 94203', N'916-555-0011', N'SUCCESS', 11, 9),
        (89, N'2023-06-10 01:50:10.000', N'123 Main St, Sacramento, CA 94203', N'916-555-0011', N'SUCCESS', 11, 7),
        (90, N'2023-08-08 16:36:04.000', N'123 Main St, Sacramento, CA 94203', N'916-555-0011', N'SUCCESS', 11, 5),
        (91, N'2022-09-25 21:36:23.000', N'123 Main St, Sacramento, CA 94203', N'916-555-0011', N'SUCCESS', 11, 10),
        (92, N'2023-07-27 18:14:09.000', N'123 Main St, Sacramento, CA 94203', N'916-555-0011', N'DELIVERING', 11, 6),
        (93, N'2023-04-02 19:49:25.000', N'123 Main St, Sacramento, CA 94203', N'916-555-0011', N'SUCCESS', 11, 5),
        (94, N'2023-06-21 08:52:07.000', N'123 Main St, Sacramento, CA 94203', N'916-555-0011', N'SUCCESS', 11, 1),
        (95, N'2022-11-30 10:09:23.000', N'In-store, 123 Goldenwest St, CA 92683', N'360-555-0012', N'DELIVERING', 12, 6),
        (96, N'2023-11-19 01:33:58.000', N'In-store, 123 Goldenwest St, CA 92683', N'360-555-0012', N'SUCCESS', 12, 4),
        (97, N'2023-05-02 11:52:49.000', N'In-store, 123 Goldenwest St, CA 92683', N'360-555-0012', N'SUCCESS', 12, 8),
        (98, N'2022-02-25 11:28:35.000', N'In-store, 123 Goldenwest St, CA 92683', N'360-555-0012', N'CANCELED', 12, 9),
        (99, N'2022-04-16 04:14:16.000', N'In-store, 123 Goldenwest St, CA 92683', N'360-555-0012', N'CANCELED', 12, 1),
        (100, N'2022-12-18 17:16:01.000', N'In-store, 123 Goldenwest St, CA 92683', N'360-555-0012', N'SUCCESS', 12, 4),
        (101, N'2023-10-26 08:54:05.000', N'In-store, 123 Goldenwest St, CA 92683', N'360-555-0012', N'CANCELED', 12, 4),
        (102, N'2022-07-03 00:33:14.000', N'In-store, 123 Goldenwest St, CA 92683', N'928-555-0013', N'SUCCESS', 13, 9),
        (103, N'2022-05-02 16:09:36.000', N'In-store, 123 Goldenwest St, CA 92683', N'928-555-0013', N'SUCCESS', 13, 7),
        (104, N'2023-01-15 09:34:45.000', N'In-store, 123 Goldenwest St, CA 92683', N'928-555-0013', N'SUCCESS', 13, 4),
        (105, N'2023-06-16 04:12:21.000', N'In-store, 123 Goldenwest St, CA 92683', N'928-555-0013', N'SUCCESS', 13, 8),
        (106, N'2022-03-14 13:33:19.000', N'In-store, 123 Goldenwest St, CA 92683', N'928-555-0013', N'SUCCESS', 13, 4),
        (107, N'2023-11-08 00:18:16.000', N'In-store, 123 Goldenwest St, CA 92683', N'928-555-0013', N'DELIVERING', 13, 6),
        (108, N'2023-04-28 04:23:42.000', N'In-store, 123 Goldenwest St, CA 92683', N'928-555-0013', N'DELIVERING', 13, 1),
        (109, N'2023-07-10 14:38:38.000', N'In-store, 123 Goldenwest St, CA 92683', N'928-555-0013', N'DELIVERING', 13, 3),
        (110, N'2023-07-07 08:18:29.000', N'In-store, 123 Goldenwest St, CA 92683', N'928-555-0013', N'SUCCESS', 13, 5),
        (111, N'2022-02-25 15:08:12.000', N'In-store, 123 Goldenwest St, CA 92683', N'928-555-0013', N'SUCCESS', 13, 10),
        (112, N'2023-05-12 03:09:34.000', N'321 Elm St, Henderson, NV 89002', N'702-555-0014', N'SUCCESS', 14, 4),
        (113, N'2023-11-03 12:51:30.000', N'321 Elm St, Henderson, NV 89002', N'702-555-0014', N'SUCCESS', 14, 5),
        (114, N'2023-02-24 11:14:20.000', N'321 Elm St, Henderson, NV 89002', N'702-555-0014', N'SUCCESS', 14, 8),
        (115, N'2022-11-05 17:29:57.000', N'321 Elm St, Henderson, NV 89002', N'702-555-0014', N'DELIVERING', 14, 7),
        (116, N'2023-03-04 07:45:37.000', N'321 Elm St, Henderson, NV 89002', N'702-555-0014', N'CANCELED', 14, 7),
        (117, N'2022-11-08 15:22:26.000', N'321 Elm St, Henderson, NV 89002', N'702-555-0014', N'SUCCESS', 14, 10),
        (118, N'2022-02-26 11:21:20.000', N'321 Elm St, Henderson, NV 89002', N'702-555-0014', N'SUCCESS', 14, 7),
        (119, N'2023-11-20 12:24:43.000', N'321 Elm St, Henderson, NV 89002', N'702-555-0014', N'SUCCESS', 14, 3),
        (120, N'2023-12-20 06:42:49.000', N'321 Elm St, Henderson, NV 89002', N'702-555-0014', N'SUCCESS', 14, 5),
        (121, N'2023-01-29 07:00:07.000', N'In-store, 123 Goldenwest St, CA 92683', N'714-555-0015', N'SUCCESS', 15, 2),
        (122, N'2022-02-03 05:44:25.000', N'In-store, 123 Goldenwest St, CA 92683', N'714-555-0015', N'SUCCESS', 15, 6),
        (123, N'2022-07-12 23:39:49.000', N'In-store, 123 Goldenwest St, CA 92683', N'714-555-0015', N'CONFIRMED', 15, 1),
        (124, N'2022-03-30 15:23:01.000', N'In-store, 123 Goldenwest St, CA 92683', N'714-555-0015', N'SUCCESS', 15, 9),
        (125, N'2022-02-21 19:44:11.000', N'In-store, 123 Goldenwest St, CA 92683', N'714-555-0015', N'SUCCESS', 15, 8),
        (126, N'2022-07-22 03:05:50.000', N'In-store, 123 Goldenwest St, CA 92683', N'714-555-0015', N'SUCCESS', 15, 4),
        (127, N'2022-11-18 13:54:30.000', N'In-store, 123 Goldenwest St, CA 92683', N'714-555-0015', N'SUCCESS', 15, 2),
        (128, N'2023-05-15 04:24:08.000', N'In-store, 123 Goldenwest St, CA 92683', N'714-555-0015', N'SUCCESS', 15, 1),
        (129, N'2023-11-13 08:18:34.000', N'In-store, 123 Goldenwest St, CA 92683', N'714-555-0015', N'SUCCESS', 15, 10),
        (130, N'2022-08-28 18:26:53.000', N'987 Birch St, Salem, OR 97301', N'503-555-0016', N'SUCCESS', 16, 2),
        (131, N'2023-02-25 22:07:34.000', N'987 Birch St, Salem, OR 97301', N'503-555-0016', N'SUCCESS', 16, 6),
        (132, N'2022-07-08 19:35:48.000', N'987 Birch St, Salem, OR 97301', N'503-555-0016', N'SUCCESS', 16, 3),
        (133, N'2023-10-24 18:16:35.000', N'987 Birch St, Salem, OR 97301', N'503-555-0016', N'SUCCESS', 16, 9),
        (134, N'2022-06-07 09:07:52.000', N'987 Birch St, Salem, OR 97301', N'503-555-0016', N'DELIVERING', 16, 4),
        (135, N'2023-09-21 03:15:47.000', N'987 Birch St, Salem, OR 97301', N'503-555-0016', N'SUCCESS', 16, 2),
        (136, N'2022-10-03 00:26:37.000', N'987 Birch St, Salem, OR 97301', N'503-555-0016', N'CANCELED', 16, 5),
        (137, N'2022-01-21 03:19:00.000', N'987 Birch St, Salem, OR 97301', N'503-555-0016', N'SUCCESS', 16, 2),
        (138, N'2023-12-29 01:05:39.000', N'987 Birch St, Salem, OR 97301', N'503-555-0016', N'CANCELED', 16, 9),
        (139, N'2023-08-02 21:34:17.000', N'987 Birch St, Salem, OR 97301', N'503-555-0016', N'SUCCESS', 16, 8),
        (140, N'2022-03-27 08:54:05.000', N'987 Birch St, Salem, OR 97301', N'503-555-0016', N'SUCCESS', 16, 1),
        (141, N'2022-04-14 12:03:09.000', N'135 Cedar St, Mesa, AZ 85201', N'480-555-0017', N'SUCCESS', 17, 10),
        (142, N'2023-12-28 23:44:08.000', N'135 Cedar St, Mesa, AZ 85201', N'480-555-0017', N'SUCCESS', 17, 8),
        (143, N'2022-05-21 20:31:49.000', N'135 Cedar St, Mesa, AZ 85201', N'480-555-0017', N'SUCCESS', 17, 4),
        (144, N'2023-08-18 08:22:03.000', N'135 Cedar St, Mesa, AZ 85201', N'480-555-0017', N'SUCCESS', 17, 7),
        (145, N'2022-06-18 05:30:27.000', N'135 Cedar St, Mesa, AZ 85201', N'480-555-0017', N'SUCCESS', 17, 1),
        (146, N'2023-10-25 10:17:20.000', N'135 Cedar St, Mesa, AZ 85201', N'480-555-0017', N'SUCCESS', 17, 5),
        (147, N'2022-05-01 23:06:37.000', N'135 Cedar St, Mesa, AZ 85201', N'480-555-0017', N'CONFIRMED', 17, 3),
        (148, N'2023-10-27 01:35:02.000', N'135 Cedar St, Mesa, AZ 85201', N'480-555-0017', N'DELIVERING', 17, 6),
        (149, N'2023-06-27 13:40:45.000', N'135 Cedar St, Mesa, AZ 85201', N'480-555-0017', N'SUCCESS', 17, 4),
        (150, N'2023-06-04 06:10:37.000', N'135 Cedar St, Mesa, AZ 85201', N'480-555-0017', N'SUCCESS', 17, 5),
        (151, N'2022-09-09 00:14:20.000', N'135 Cedar St, Mesa, AZ 85201', N'480-555-0017', N'SUCCESS', 17, 9),
        (152, N'2022-02-02 10:47:54.000', N'246 Cherry St, Sparks, NV 89431', N'775-555-0018', N'SUCCESS', 18, 9),
        (153, N'2023-06-10 06:48:12.000', N'246 Cherry St, Sparks, NV 89431', N'775-555-0018', N'NOT_ACCEPTED', 18, 2),
        (154, N'2022-10-12 02:03:49.000', N'246 Cherry St, Sparks, NV 89431', N'775-555-0018', N'SUCCESS', 18, 1),
        (155, N'2023-01-29 07:33:20.000', N'246 Cherry St, Sparks, NV 89431', N'775-555-0018', N'CANCELED', 18, 9),
        (156, N'2023-03-20 08:11:02.000', N'246 Cherry St, Sparks, NV 89431', N'775-555-0018', N'SUCCESS', 18, 9),
        (157, N'2022-05-02 15:09:25.000', N'246 Cherry St, Sparks, NV 89431', N'775-555-0018', N'SUCCESS', 18, 8),
        (158, N'2023-11-14 00:15:05.000', N'864 Walnut St, Long Beach, CA 90802', N'562-555-0019', N'SUCCESS', 19, 2),
        (159, N'2023-08-09 13:44:37.000', N'864 Walnut St, Long Beach, CA 90802', N'562-555-0019', N'SUCCESS', 19, 4),
        (160, N'2023-12-31 23:04:27.000', N'864 Walnut St, Long Beach, CA 90802', N'562-555-0019', N'SUCCESS', 19, 5),
        (161, N'2022-10-04 17:42:49.000', N'864 Walnut St, Long Beach, CA 90802', N'562-555-0019', N'SUCCESS', 19, 1),
        (162, N'2022-09-27 08:01:04.000', N'864 Walnut St, Long Beach, CA 90802', N'562-555-0019', N'SUCCESS', 19, 3),
        (163, N'2022-03-12 19:33:42.000', N'864 Walnut St, Long Beach, CA 90802', N'562-555-0019', N'SUCCESS', 19, 5),
        (164, N'2022-11-29 23:07:11.000', N'In-store, 123 Goldenwest St, CA 92683', N'541-555-0020', N'SUCCESS', 20, 9),
        (165, N'2023-10-23 15:49:52.000', N'In-store, 123 Goldenwest St, CA 92683', N'541-555-0020', N'SUCCESS', 20, 3),
        (166, N'2022-03-03 12:16:48.000', N'In-store, 123 Goldenwest St, CA 92683', N'541-555-0020', N'SUCCESS', 20, 4),
        (167, N'2022-11-21 10:01:53.000', N'In-store, 123 Goldenwest St, CA 92683', N'541-555-0020', N'SUCCESS', 20, 2),
        (168, N'2022-12-26 00:52:32.000', N'In-store, 123 Goldenwest St, CA 92683', N'541-555-0020', N'SUCCESS', 20, 6),
        (169, N'2022-09-03 11:19:27.000', N'In-store, 123 Goldenwest St, CA 92683', N'541-555-0020', N'DELIVERING', 20, 4),
        (170, N'2022-07-12 06:42:20.000', N'In-store, 123 Goldenwest St, CA 92683', N'541-555-0020', N'SUCCESS', 20, 3),
        (171, N'2022-01-01 05:44:16.000', N'In-store, 123 Goldenwest St, CA 92683', N'541-555-0020', N'SUCCESS', 20, 8);
SET IDENTITY_INSERT bbpet.dbo.[Order] OFF;



SET IDENTITY_INSERT bbpet.dbo.Sourcing ON;
insert into dbo.Sourcing (id, available, reason)
values  (1, 1, N'Order 1 sourcing'),
        (2, 1, N'Order 2 sourcing'),
        (3, 1, N'Order 2 sourcing'),
        (4, 1, N'Order 2 sourcing'),
        (5, 1, N'Order 3 sourcing'),
        (6, 1, N'Order 3 sourcing'),
        (7, 1, N'Order 3 sourcing'),
        (8, 1, N'Order 3 sourcing'),
        (9, 1, N'Order 3 sourcing'),
        (10, 1, N'Order 3 sourcing'),
        (11, 1, N'Order 4 sourcing'),
        (12, 1, N'Order 4 sourcing'),
        (13, 1, N'Order 4 sourcing'),
        (14, 1, N'Order 4 sourcing'),
        (15, 1, N'Order 4 sourcing'),
        (16, 1, N'Order 5 sourcing'),
        (17, 1, N'Order 5 sourcing'),
        (18, 1, N'Order 5 sourcing'),
        (19, 1, N'Order 6 sourcing'),
        (20, 1, N'Order 6 sourcing'),
        (21, 1, N'Order 6 sourcing'),
        (22, 1, N'Order 6 sourcing'),
        (23, 1, N'Order 7 sourcing'),
        (24, 1, N'Order 7 sourcing'),
        (25, 1, N'Order 7 sourcing'),
        (26, 1, N'Order 8 sourcing'),
        (27, 1, N'Order 8 sourcing'),
        (28, 1, N'Order 8 sourcing'),
        (29, 1, N'Order 8 sourcing'),
        (30, 1, N'Order 9 sourcing'),
        (31, 1, N'Order 9 sourcing'),
        (32, 1, N'Order 9 sourcing'),
        (33, 1, N'Order 9 sourcing'),
        (34, 1, N'Order 9 sourcing'),
        (35, 1, N'Order 9 sourcing'),
        (36, 1, N'Order 10 sourcing'),
        (37, 1, N'Order 10 sourcing'),
        (38, 1, N'Order 10 sourcing'),
        (39, 1, N'Order 10 sourcing'),
        (40, 1, N'Order 10 sourcing'),
        (41, 1, N'Order 11 sourcing'),
        (42, 1, N'Order 11 sourcing'),
        (43, 1, N'Order 12 sourcing'),
        (44, 1, N'Order 12 sourcing'),
        (45, 1, N'Order 13 sourcing'),
        (46, 1, N'Order 13 sourcing'),
        (47, 1, N'Order 13 sourcing'),
        (48, 1, N'Order 14 sourcing'),
        (49, 1, N'Order 14 sourcing'),
        (50, 1, N'Order 14 sourcing'),
        (51, 1, N'Order 14 sourcing'),
        (52, 1, N'Order 15 sourcing'),
        (53, 1, N'Order 15 sourcing'),
        (54, 1, N'Order 15 sourcing'),
        (55, 1, N'Order 15 sourcing'),
        (56, 1, N'Order 15 sourcing'),
        (57, 1, N'Order 16 sourcing'),
        (58, 1, N'Order 16 sourcing'),
        (59, 1, N'Order 16 sourcing'),
        (60, 1, N'Order 16 sourcing'),
        (61, 1, N'Order 16 sourcing'),
        (62, 1, N'Order 16 sourcing'),
        (63, 1, N'Order 17 sourcing'),
        (64, 1, N'Order 17 sourcing'),
        (65, 1, N'Order 17 sourcing'),
        (66, 1, N'Order 18 sourcing'),
        (67, 1, N'Order 18 sourcing'),
        (68, 1, N'Order 18 sourcing'),
        (69, 1, N'Order 18 sourcing'),
        (70, 1, N'Order 18 sourcing'),
        (71, 1, N'Order 18 sourcing'),
        (72, 1, N'Order 19 sourcing'),
        (73, 1, N'Order 19 sourcing'),
        (74, 1, N'Order 19 sourcing'),
        (75, 1, N'Order 20 sourcing'),
        (76, 1, N'Order 20 sourcing'),
        (77, 1, N'Order 20 sourcing'),
        (78, 1, N'Order 20 sourcing'),
        (79, 1, N'Order 21 sourcing'),
        (80, 1, N'Order 21 sourcing'),
        (81, 1, N'Order 21 sourcing'),
        (82, 1, N'Order 22 sourcing'),
        (83, 1, N'Order 22 sourcing'),
        (84, 1, N'Order 22 sourcing'),
        (85, 1, N'Order 23 sourcing'),
        (86, 1, N'Order 23 sourcing'),
        (87, 1, N'Order 23 sourcing'),
        (88, 1, N'Order 23 sourcing'),
        (89, 1, N'Order 23 sourcing'),
        (90, 1, N'Order 24 sourcing'),
        (91, 1, N'Order 24 sourcing'),
        (92, 1, N'Order 24 sourcing'),
        (93, 1, N'Order 24 sourcing'),
        (94, 1, N'Order 25 sourcing'),
        (95, 1, N'Order 25 sourcing'),
        (96, 1, N'Order 25 sourcing'),
        (97, 1, N'Order 25 sourcing'),
        (98, 1, N'Order 25 sourcing'),
        (99, 1, N'Order 25 sourcing'),
        (100, 1, N'Order 25 sourcing'),
        (101, 1, N'Order 26 sourcing'),
        (102, 1, N'Order 27 sourcing'),
        (103, 1, N'Order 27 sourcing'),
        (104, 1, N'Order 27 sourcing'),
        (105, 1, N'Order 28 sourcing'),
        (106, 1, N'Order 28 sourcing'),
        (107, 1, N'Order 28 sourcing'),
        (108, 1, N'Order 28 sourcing'),
        (109, 1, N'Order 28 sourcing'),
        (110, 1, N'Order 29 sourcing'),
        (111, 1, N'Order 29 sourcing'),
        (112, 1, N'Order 29 sourcing'),
        (113, 1, N'Order 29 sourcing'),
        (114, 1, N'Order 29 sourcing'),
        (115, 1, N'Order 30 sourcing'),
        (116, 1, N'Order 30 sourcing'),
        (117, 1, N'Order 30 sourcing'),
        (118, 1, N'Order 31 sourcing'),
        (119, 1, N'Order 31 sourcing'),
        (120, 1, N'Order 31 sourcing'),
        (121, 1, N'Order 32 sourcing'),
        (122, 1, N'Order 32 sourcing'),
        (123, 1, N'Order 32 sourcing'),
        (124, 1, N'Order 33 sourcing'),
        (125, 1, N'Order 33 sourcing'),
        (126, 1, N'Order 34 sourcing'),
        (127, 1, N'Order 34 sourcing'),
        (128, 1, N'Order 34 sourcing'),
        (129, 1, N'Order 35 sourcing'),
        (130, 1, N'Order 35 sourcing'),
        (131, 1, N'Order 35 sourcing'),
        (132, 1, N'Order 36 sourcing'),
        (133, 1, N'Order 36 sourcing'),
        (134, 1, N'Order 36 sourcing'),
        (135, 1, N'Order 37 sourcing'),
        (136, 1, N'Order 37 sourcing'),
        (137, 1, N'Order 37 sourcing'),
        (138, 1, N'Order 37 sourcing'),
        (139, 1, N'Order 37 sourcing'),
        (140, 1, N'Order 38 sourcing'),
        (141, 1, N'Order 38 sourcing'),
        (142, 1, N'Order 38 sourcing'),
        (143, 1, N'Order 38 sourcing'),
        (144, 1, N'Order 39 sourcing'),
        (145, 1, N'Order 39 sourcing'),
        (146, 1, N'Order 40 sourcing'),
        (147, 1, N'Order 40 sourcing'),
        (148, 1, N'Order 40 sourcing'),
        (149, 1, N'Order 40 sourcing'),
        (150, 1, N'Order 41 sourcing'),
        (151, 1, N'Order 41 sourcing'),
        (152, 1, N'Order 41 sourcing'),
        (153, 1, N'Order 41 sourcing'),
        (154, 1, N'Order 41 sourcing'),
        (155, 1, N'Order 42 sourcing'),
        (156, 1, N'Order 42 sourcing'),
        (157, 1, N'Order 43 sourcing'),
        (158, 1, N'Order 43 sourcing'),
        (159, 1, N'Order 43 sourcing'),
        (160, 1, N'Order 43 sourcing'),
        (161, 1, N'Order 44 sourcing'),
        (162, 1, N'Order 44 sourcing'),
        (163, 1, N'Order 44 sourcing'),
        (164, 1, N'Order 45 sourcing'),
        (165, 1, N'Order 45 sourcing'),
        (166, 1, N'Order 45 sourcing'),
        (167, 1, N'Order 46 sourcing'),
        (168, 1, N'Order 46 sourcing'),
        (169, 1, N'Order 47 sourcing'),
        (170, 1, N'Order 48 sourcing'),
        (171, 1, N'Order 48 sourcing'),
        (172, 1, N'Order 48 sourcing'),
        (173, 1, N'Order 48 sourcing'),
        (174, 1, N'Order 49 sourcing'),
        (175, 1, N'Order 49 sourcing'),
        (176, 1, N'Order 49 sourcing'),
        (177, 1, N'Order 49 sourcing'),
        (178, 1, N'Order 49 sourcing'),
        (179, 1, N'Order 50 sourcing'),
        (180, 1, N'Order 50 sourcing'),
        (181, 1, N'Order 50 sourcing'),
        (182, 1, N'Order 51 sourcing'),
        (183, 1, N'Order 52 sourcing'),
        (184, 1, N'Order 52 sourcing'),
        (185, 1, N'Order 52 sourcing'),
        (186, 1, N'Order 52 sourcing'),
        (187, 1, N'Order 53 sourcing'),
        (188, 1, N'Order 53 sourcing'),
        (189, 1, N'Order 53 sourcing'),
        (190, 1, N'Order 53 sourcing'),
        (191, 1, N'Order 54 sourcing'),
        (192, 1, N'Order 54 sourcing'),
        (193, 1, N'Order 54 sourcing'),
        (194, 1, N'Order 54 sourcing'),
        (195, 1, N'Order 55 sourcing'),
        (196, 1, N'Order 55 sourcing'),
        (197, 1, N'Order 55 sourcing'),
        (198, 1, N'Order 55 sourcing'),
        (199, 1, N'Order 56 sourcing'),
        (200, 1, N'Order 56 sourcing'),
        (201, 1, N'Order 56 sourcing'),
        (202, 1, N'Order 56 sourcing'),
        (203, 1, N'Order 56 sourcing'),
        (204, 1, N'Order 57 sourcing'),
        (205, 1, N'Order 57 sourcing'),
        (206, 1, N'Order 57 sourcing'),
        (207, 1, N'Order 57 sourcing'),
        (208, 1, N'Order 57 sourcing'),
        (209, 1, N'Order 58 sourcing'),
        (210, 1, N'Order 58 sourcing'),
        (211, 1, N'Order 58 sourcing'),
        (212, 1, N'Order 59 sourcing'),
        (213, 1, N'Order 59 sourcing'),
        (214, 1, N'Order 59 sourcing'),
        (215, 1, N'Order 59 sourcing'),
        (216, 1, N'Order 59 sourcing'),
        (217, 1, N'Order 60 sourcing'),
        (218, 1, N'Order 60 sourcing'),
        (219, 1, N'Order 60 sourcing'),
        (220, 1, N'Order 60 sourcing'),
        (221, 1, N'Order 60 sourcing'),
        (222, 1, N'Order 62 sourcing'),
        (223, 1, N'Order 62 sourcing'),
        (224, 1, N'Order 62 sourcing'),
        (225, 1, N'Order 63 sourcing'),
        (226, 1, N'Order 63 sourcing'),
        (227, 1, N'Order 63 sourcing'),
        (228, 1, N'Order 63 sourcing'),
        (229, 1, N'Order 63 sourcing'),
        (230, 1, N'Order 64 sourcing'),
        (231, 1, N'Order 64 sourcing'),
        (232, 1, N'Order 64 sourcing'),
        (233, 1, N'Order 64 sourcing'),
        (234, 1, N'Order 65 sourcing'),
        (235, 1, N'Order 65 sourcing'),
        (236, 1, N'Order 65 sourcing'),
        (237, 1, N'Order 65 sourcing'),
        (238, 1, N'Order 66 sourcing'),
        (239, 1, N'Order 66 sourcing'),
        (240, 1, N'Order 66 sourcing'),
        (241, 1, N'Order 66 sourcing'),
        (242, 1, N'Order 66 sourcing'),
        (243, 1, N'Order 67 sourcing'),
        (244, 1, N'Order 67 sourcing'),
        (245, 1, N'Order 67 sourcing'),
        (246, 1, N'Order 67 sourcing'),
        (247, 1, N'Order 67 sourcing'),
        (248, 1, N'Order 68 sourcing'),
        (249, 1, N'Order 68 sourcing'),
        (250, 1, N'Order 68 sourcing'),
        (251, 1, N'Order 68 sourcing'),
        (252, 1, N'Order 69 sourcing'),
        (253, 1, N'Order 69 sourcing'),
        (254, 1, N'Order 69 sourcing'),
        (255, 1, N'Order 69 sourcing'),
        (256, 1, N'Order 69 sourcing'),
        (257, 1, N'Order 70 sourcing'),
        (258, 1, N'Order 70 sourcing'),
        (259, 1, N'Order 70 sourcing'),
        (260, 1, N'Order 70 sourcing'),
        (261, 1, N'Order 71 sourcing'),
        (262, 1, N'Order 71 sourcing'),
        (263, 1, N'Order 71 sourcing'),
        (264, 1, N'Order 71 sourcing'),
        (265, 1, N'Order 71 sourcing'),
        (266, 1, N'Order 71 sourcing'),
        (267, 1, N'Order 71 sourcing'),
        (268, 1, N'Order 72 sourcing'),
        (269, 1, N'Order 72 sourcing'),
        (270, 1, N'Order 72 sourcing'),
        (271, 1, N'Order 72 sourcing'),
        (272, 1, N'Order 73 sourcing'),
        (273, 1, N'Order 73 sourcing'),
        (274, 1, N'Order 73 sourcing'),
        (275, 1, N'Order 73 sourcing'),
        (276, 1, N'Order 73 sourcing'),
        (277, 1, N'Order 73 sourcing'),
        (278, 1, N'Order 74 sourcing'),
        (279, 1, N'Order 74 sourcing'),
        (280, 1, N'Order 74 sourcing'),
        (281, 1, N'Order 74 sourcing'),
        (282, 1, N'Order 74 sourcing'),
        (283, 1, N'Order 74 sourcing'),
        (284, 1, N'Order 75 sourcing'),
        (285, 1, N'Order 75 sourcing'),
        (286, 1, N'Order 75 sourcing'),
        (287, 1, N'Order 76 sourcing'),
        (288, 1, N'Order 76 sourcing'),
        (289, 1, N'Order 76 sourcing'),
        (290, 1, N'Order 76 sourcing'),
        (291, 1, N'Order 76 sourcing'),
        (292, 1, N'Order 77 sourcing'),
        (293, 1, N'Order 78 sourcing'),
        (294, 1, N'Order 78 sourcing'),
        (295, 1, N'Order 78 sourcing'),
        (296, 1, N'Order 78 sourcing'),
        (297, 1, N'Order 79 sourcing'),
        (298, 1, N'Order 79 sourcing'),
        (299, 1, N'Order 79 sourcing'),
        (300, 1, N'Order 79 sourcing'),
        (301, 1, N'Order 79 sourcing'),
        (302, 1, N'Order 79 sourcing'),
        (303, 1, N'Order 81 sourcing'),
        (304, 1, N'Order 81 sourcing'),
        (305, 1, N'Order 81 sourcing'),
        (306, 1, N'Order 81 sourcing'),
        (307, 1, N'Order 81 sourcing'),
        (308, 1, N'Order 81 sourcing'),
        (309, 1, N'Order 82 sourcing'),
        (310, 1, N'Order 82 sourcing'),
        (311, 1, N'Order 82 sourcing'),
        (312, 1, N'Order 82 sourcing'),
        (313, 1, N'Order 82 sourcing'),
        (314, 1, N'Order 83 sourcing'),
        (315, 1, N'Order 83 sourcing'),
        (316, 1, N'Order 83 sourcing'),
        (317, 1, N'Order 83 sourcing'),
        (318, 1, N'Order 84 sourcing'),
        (319, 1, N'Order 84 sourcing'),
        (320, 1, N'Order 84 sourcing'),
        (321, 1, N'Order 84 sourcing'),
        (322, 1, N'Order 84 sourcing'),
        (323, 1, N'Order 85 sourcing'),
        (324, 1, N'Order 85 sourcing'),
        (325, 1, N'Order 85 sourcing'),
        (326, 1, N'Order 85 sourcing'),
        (327, 1, N'Order 86 sourcing'),
        (328, 1, N'Order 86 sourcing'),
        (329, 1, N'Order 86 sourcing'),
        (330, 1, N'Order 86 sourcing'),
        (331, 1, N'Order 86 sourcing'),
        (332, 1, N'Order 86 sourcing'),
        (333, 1, N'Order 87 sourcing'),
        (334, 1, N'Order 87 sourcing'),
        (335, 1, N'Order 87 sourcing'),
        (336, 1, N'Order 87 sourcing'),
        (337, 1, N'Order 88 sourcing'),
        (338, 1, N'Order 88 sourcing'),
        (339, 1, N'Order 88 sourcing'),
        (340, 1, N'Order 88 sourcing'),
        (341, 1, N'Order 88 sourcing'),
        (342, 1, N'Order 89 sourcing'),
        (343, 1, N'Order 89 sourcing'),
        (344, 1, N'Order 89 sourcing'),
        (345, 1, N'Order 89 sourcing'),
        (346, 1, N'Order 89 sourcing'),
        (347, 1, N'Order 89 sourcing'),
        (348, 1, N'Order 89 sourcing'),
        (349, 1, N'Order 90 sourcing'),
        (350, 1, N'Order 90 sourcing'),
        (351, 1, N'Order 90 sourcing'),
        (352, 1, N'Order 90 sourcing'),
        (353, 1, N'Order 91 sourcing'),
        (354, 1, N'Order 91 sourcing'),
        (355, 1, N'Order 91 sourcing'),
        (356, 1, N'Order 91 sourcing'),
        (357, 1, N'Order 92 sourcing'),
        (358, 1, N'Order 93 sourcing'),
        (359, 1, N'Order 93 sourcing'),
        (360, 1, N'Order 93 sourcing'),
        (361, 1, N'Order 93 sourcing'),
        (362, 1, N'Order 94 sourcing'),
        (363, 1, N'Order 94 sourcing'),
        (364, 1, N'Order 95 sourcing'),
        (365, 1, N'Order 95 sourcing'),
        (366, 1, N'Order 96 sourcing'),
        (367, 1, N'Order 96 sourcing'),
        (368, 1, N'Order 97 sourcing'),
        (369, 1, N'Order 97 sourcing'),
        (370, 1, N'Order 98 sourcing'),
        (371, 1, N'Order 98 sourcing'),
        (372, 1, N'Order 98 sourcing'),
        (373, 1, N'Order 99 sourcing'),
        (374, 1, N'Order 99 sourcing'),
        (375, 1, N'Order 99 sourcing'),
        (376, 1, N'Order 99 sourcing'),
        (377, 1, N'Order 99 sourcing'),
        (378, 1, N'Order 100 sourcing'),
        (379, 1, N'Order 100 sourcing'),
        (380, 1, N'Order 101 sourcing'),
        (381, 1, N'Order 101 sourcing'),
        (382, 1, N'Order 101 sourcing'),
        (383, 1, N'Order 101 sourcing'),
        (384, 1, N'Order 101 sourcing'),
        (385, 1, N'Order 102 sourcing'),
        (386, 1, N'Order 102 sourcing'),
        (387, 1, N'Order 102 sourcing'),
        (388, 1, N'Order 102 sourcing'),
        (389, 1, N'Order 102 sourcing'),
        (390, 1, N'Order 103 sourcing'),
        (391, 1, N'Order 103 sourcing'),
        (392, 1, N'Order 103 sourcing'),
        (393, 1, N'Order 103 sourcing'),
        (394, 1, N'Order 104 sourcing'),
        (395, 1, N'Order 104 sourcing'),
        (396, 1, N'Order 104 sourcing'),
        (397, 1, N'Order 104 sourcing'),
        (398, 1, N'Order 104 sourcing'),
        (399, 1, N'Order 105 sourcing'),
        (400, 1, N'Order 105 sourcing'),
        (401, 1, N'Order 105 sourcing'),
        (402, 1, N'Order 105 sourcing'),
        (403, 1, N'Order 106 sourcing'),
        (404, 1, N'Order 106 sourcing'),
        (405, 1, N'Order 106 sourcing'),
        (406, 1, N'Order 106 sourcing'),
        (407, 1, N'Order 107 sourcing'),
        (408, 1, N'Order 108 sourcing'),
        (409, 1, N'Order 109 sourcing'),
        (410, 1, N'Order 109 sourcing'),
        (411, 1, N'Order 110 sourcing'),
        (412, 1, N'Order 110 sourcing'),
        (413, 1, N'Order 111 sourcing'),
        (414, 1, N'Order 112 sourcing'),
        (415, 1, N'Order 112 sourcing'),
        (416, 1, N'Order 112 sourcing'),
        (417, 1, N'Order 112 sourcing'),
        (418, 1, N'Order 112 sourcing'),
        (419, 1, N'Order 113 sourcing'),
        (420, 1, N'Order 113 sourcing'),
        (421, 1, N'Order 113 sourcing'),
        (422, 1, N'Order 113 sourcing'),
        (423, 1, N'Order 114 sourcing'),
        (424, 1, N'Order 114 sourcing'),
        (425, 1, N'Order 114 sourcing'),
        (426, 1, N'Order 116 sourcing'),
        (427, 1, N'Order 116 sourcing'),
        (428, 1, N'Order 116 sourcing'),
        (429, 1, N'Order 117 sourcing'),
        (430, 1, N'Order 117 sourcing'),
        (431, 1, N'Order 118 sourcing'),
        (432, 1, N'Order 118 sourcing'),
        (433, 1, N'Order 118 sourcing'),
        (434, 1, N'Order 119 sourcing'),
        (435, 1, N'Order 119 sourcing'),
        (436, 1, N'Order 119 sourcing'),
        (437, 1, N'Order 119 sourcing'),
        (438, 1, N'Order 119 sourcing'),
        (439, 1, N'Order 119 sourcing'),
        (440, 1, N'Order 120 sourcing'),
        (441, 1, N'Order 120 sourcing'),
        (442, 1, N'Order 120 sourcing'),
        (443, 1, N'Order 120 sourcing'),
        (444, 1, N'Order 120 sourcing'),
        (445, 1, N'Order 121 sourcing'),
        (446, 1, N'Order 121 sourcing'),
        (447, 1, N'Order 121 sourcing'),
        (448, 1, N'Order 121 sourcing'),
        (449, 1, N'Order 121 sourcing'),
        (450, 1, N'Order 122 sourcing'),
        (451, 1, N'Order 122 sourcing'),
        (452, 1, N'Order 122 sourcing'),
        (453, 1, N'Order 123 sourcing'),
        (454, 1, N'Order 123 sourcing'),
        (455, 1, N'Order 123 sourcing'),
        (456, 1, N'Order 123 sourcing'),
        (457, 1, N'Order 123 sourcing'),
        (458, 1, N'Order 124 sourcing'),
        (459, 1, N'Order 124 sourcing'),
        (460, 1, N'Order 124 sourcing'),
        (461, 1, N'Order 125 sourcing'),
        (462, 1, N'Order 125 sourcing'),
        (463, 1, N'Order 125 sourcing'),
        (464, 1, N'Order 125 sourcing'),
        (465, 1, N'Order 126 sourcing'),
        (466, 1, N'Order 126 sourcing'),
        (467, 1, N'Order 126 sourcing'),
        (468, 1, N'Order 126 sourcing'),
        (469, 1, N'Order 127 sourcing'),
        (470, 1, N'Order 127 sourcing'),
        (471, 1, N'Order 127 sourcing'),
        (472, 1, N'Order 127 sourcing'),
        (473, 1, N'Order 128 sourcing'),
        (474, 1, N'Order 128 sourcing'),
        (475, 1, N'Order 128 sourcing'),
        (476, 1, N'Order 129 sourcing'),
        (477, 1, N'Order 129 sourcing'),
        (478, 1, N'Order 129 sourcing'),
        (479, 1, N'Order 129 sourcing'),
        (480, 1, N'Order 129 sourcing'),
        (481, 1, N'Order 130 sourcing'),
        (482, 1, N'Order 130 sourcing'),
        (483, 1, N'Order 130 sourcing'),
        (484, 1, N'Order 130 sourcing'),
        (485, 1, N'Order 130 sourcing'),
        (486, 1, N'Order 130 sourcing'),
        (487, 1, N'Order 131 sourcing'),
        (488, 1, N'Order 131 sourcing'),
        (489, 1, N'Order 131 sourcing'),
        (490, 1, N'Order 132 sourcing'),
        (491, 1, N'Order 132 sourcing'),
        (492, 1, N'Order 133 sourcing'),
        (493, 1, N'Order 133 sourcing'),
        (494, 1, N'Order 133 sourcing'),
        (495, 1, N'Order 133 sourcing'),
        (496, 1, N'Order 133 sourcing'),
        (497, 1, N'Order 133 sourcing'),
        (498, 1, N'Order 134 sourcing'),
        (499, 1, N'Order 134 sourcing'),
        (500, 1, N'Order 135 sourcing'),
        (501, 1, N'Order 135 sourcing'),
        (502, 1, N'Order 135 sourcing'),
        (503, 1, N'Order 135 sourcing'),
        (504, 1, N'Order 135 sourcing'),
        (505, 1, N'Order 136 sourcing'),
        (506, 1, N'Order 136 sourcing'),
        (507, 1, N'Order 136 sourcing'),
        (508, 1, N'Order 137 sourcing'),
        (509, 1, N'Order 137 sourcing'),
        (510, 1, N'Order 137 sourcing'),
        (511, 1, N'Order 137 sourcing'),
        (512, 1, N'Order 138 sourcing'),
        (513, 1, N'Order 138 sourcing'),
        (514, 1, N'Order 138 sourcing'),
        (515, 1, N'Order 138 sourcing'),
        (516, 1, N'Order 139 sourcing'),
        (517, 1, N'Order 139 sourcing'),
        (518, 1, N'Order 139 sourcing'),
        (519, 1, N'Order 139 sourcing'),
        (520, 1, N'Order 139 sourcing'),
        (521, 1, N'Order 139 sourcing'),
        (522, 1, N'Order 140 sourcing'),
        (523, 1, N'Order 140 sourcing'),
        (524, 1, N'Order 140 sourcing'),
        (525, 1, N'Order 141 sourcing'),
        (526, 1, N'Order 141 sourcing'),
        (527, 1, N'Order 141 sourcing'),
        (528, 1, N'Order 142 sourcing'),
        (529, 1, N'Order 142 sourcing'),
        (530, 1, N'Order 142 sourcing'),
        (531, 1, N'Order 143 sourcing'),
        (532, 1, N'Order 143 sourcing'),
        (533, 1, N'Order 143 sourcing'),
        (534, 1, N'Order 143 sourcing'),
        (535, 1, N'Order 144 sourcing'),
        (536, 1, N'Order 144 sourcing'),
        (537, 1, N'Order 144 sourcing'),
        (538, 1, N'Order 145 sourcing'),
        (539, 1, N'Order 145 sourcing'),
        (540, 1, N'Order 145 sourcing'),
        (541, 1, N'Order 145 sourcing'),
        (542, 1, N'Order 145 sourcing'),
        (543, 1, N'Order 146 sourcing'),
        (544, 1, N'Order 146 sourcing'),
        (545, 1, N'Order 146 sourcing'),
        (546, 1, N'Order 146 sourcing'),
        (547, 1, N'Order 146 sourcing'),
        (548, 1, N'Order 146 sourcing'),
        (549, 1, N'Order 146 sourcing'),
        (550, 1, N'Order 147 sourcing'),
        (551, 1, N'Order 147 sourcing'),
        (552, 1, N'Order 147 sourcing'),
        (553, 1, N'Order 147 sourcing'),
        (554, 1, N'Order 148 sourcing'),
        (555, 1, N'Order 149 sourcing'),
        (556, 1, N'Order 149 sourcing'),
        (557, 1, N'Order 149 sourcing'),
        (558, 1, N'Order 150 sourcing'),
        (559, 1, N'Order 150 sourcing'),
        (560, 1, N'Order 150 sourcing'),
        (561, 1, N'Order 150 sourcing'),
        (562, 1, N'Order 151 sourcing'),
        (563, 1, N'Order 151 sourcing'),
        (564, 1, N'Order 151 sourcing'),
        (565, 1, N'Order 151 sourcing'),
        (566, 1, N'Order 152 sourcing'),
        (567, 1, N'Order 152 sourcing'),
        (568, 1, N'Order 152 sourcing'),
        (569, 1, N'Order 152 sourcing'),
        (570, 1, N'Order 153 sourcing'),
        (571, 1, N'Order 153 sourcing'),
        (572, 1, N'Order 153 sourcing'),
        (573, 1, N'Order 154 sourcing'),
        (574, 1, N'Order 154 sourcing'),
        (575, 1, N'Order 154 sourcing'),
        (576, 1, N'Order 154 sourcing'),
        (577, 1, N'Order 155 sourcing'),
        (578, 1, N'Order 155 sourcing'),
        (579, 1, N'Order 155 sourcing'),
        (580, 1, N'Order 155 sourcing'),
        (581, 1, N'Order 156 sourcing'),
        (582, 1, N'Order 156 sourcing'),
        (583, 1, N'Order 156 sourcing'),
        (584, 1, N'Order 156 sourcing'),
        (585, 1, N'Order 156 sourcing'),
        (586, 1, N'Order 157 sourcing'),
        (587, 1, N'Order 157 sourcing'),
        (588, 1, N'Order 158 sourcing'),
        (589, 1, N'Order 158 sourcing'),
        (590, 1, N'Order 158 sourcing'),
        (591, 1, N'Order 159 sourcing'),
        (592, 1, N'Order 159 sourcing'),
        (593, 1, N'Order 159 sourcing'),
        (594, 1, N'Order 159 sourcing'),
        (595, 1, N'Order 159 sourcing'),
        (596, 1, N'Order 160 sourcing'),
        (597, 1, N'Order 161 sourcing'),
        (598, 1, N'Order 161 sourcing'),
        (599, 1, N'Order 162 sourcing'),
        (600, 1, N'Order 162 sourcing'),
        (601, 1, N'Order 162 sourcing'),
        (602, 1, N'Order 163 sourcing'),
        (603, 1, N'Order 163 sourcing'),
        (604, 1, N'Order 163 sourcing'),
        (605, 1, N'Order 163 sourcing'),
        (606, 1, N'Order 163 sourcing'),
        (607, 1, N'Order 164 sourcing'),
        (608, 1, N'Order 164 sourcing'),
        (609, 1, N'Order 164 sourcing'),
        (610, 1, N'Order 164 sourcing'),
        (611, 1, N'Order 165 sourcing'),
        (612, 1, N'Order 165 sourcing'),
        (613, 1, N'Order 165 sourcing'),
        (614, 1, N'Order 165 sourcing'),
        (615, 1, N'Order 165 sourcing'),
        (616, 1, N'Order 165 sourcing'),
        (617, 1, N'Order 166 sourcing'),
        (618, 1, N'Order 166 sourcing'),
        (619, 1, N'Order 166 sourcing'),
        (620, 1, N'Order 167 sourcing'),
        (621, 1, N'Order 167 sourcing'),
        (622, 1, N'Order 167 sourcing'),
        (623, 1, N'Order 167 sourcing'),
        (624, 1, N'Order 167 sourcing'),
        (625, 1, N'Order 167 sourcing'),
        (626, 1, N'Order 168 sourcing'),
        (627, 1, N'Order 168 sourcing'),
        (628, 1, N'Order 168 sourcing'),
        (629, 1, N'Order 168 sourcing'),
        (630, 1, N'Order 169 sourcing'),
        (631, 1, N'Order 169 sourcing'),
        (632, 1, N'Order 170 sourcing'),
        (633, 1, N'Order 170 sourcing'),
        (634, 1, N'Order 170 sourcing'),
        (635, 1, N'Order 170 sourcing'),
        (636, 1, N'Order 170 sourcing'),
        (637, 1, N'Order 171 sourcing'),
        (638, 1, N'Order 171 sourcing'),
        (639, 1, N'Order 171 sourcing'),
        (640, 1, N'Order 171 sourcing'),
        (641, 1, N'Order 171 sourcing');
SET IDENTITY_INSERT bbpet.dbo.Sourcing OFF;



insert into dbo.InventorySourcing (productInventoryId, sourcingId, quantity, canceled)
values  (1, 172, 1, null),
        (1, 252, 3, null),
        (1, 257, 7, null),
        (1, 413, 4, null),
        (1, 587, 7, null),
        (2, 175, 3, null),
        (2, 226, 6, null),
        (2, 419, 4, null),
        (2, 475, 4, null),
        (4, 150, 6, null),
        (4, 374, 7, null),
        (4, 490, 9, null),
        (4, 567, 1, null),
        (5, 50, 6, null),
        (5, 158, 4, null),
        (5, 235, 6, null),
        (5, 238, 8, null),
        (5, 320, 5, null),
        (5, 412, 8, null),
        (5, 424, 6, null),
        (7, 33, 4, null),
        (7, 82, 5, null),
        (7, 179, 6, null),
        (7, 184, 1, null),
        (7, 287, 4, null),
        (7, 337, 9, null),
        (7, 339, 9, null),
        (7, 510, 4, null),
        (7, 540, 8, null),
        (7, 562, 4, null),
        (7, 604, 3, null),
        (8, 49, 7, null),
        (8, 126, 1, null),
        (8, 201, 7, null),
        (8, 262, 4, null),
        (8, 426, 10, null),
        (8, 427, 4, null),
        (8, 434, 4, null),
        (8, 500, 9, null),
        (8, 512, 8, null),
        (8, 518, 3, null),
        (8, 535, 5, null),
        (8, 578, 7, null),
        (8, 614, 4, null),
        (10, 60, 4, null),
        (10, 183, 7, null),
        (10, 231, 2, null),
        (10, 244, 6, null),
        (10, 272, 6, null),
        (10, 273, 10, null),
        (10, 309, 2, null),
        (10, 385, 6, null),
        (10, 466, 5, null),
        (10, 522, 2, null),
        (10, 568, 7, null),
        (11, 12, 6, null),
        (11, 48, 9, null),
        (11, 176, 9, null),
        (11, 362, 9, null),
        (11, 477, 8, null),
        (11, 517, 8, null),
        (11, 529, 5, null),
        (11, 536, 8, null),
        (13, 20, 6, null),
        (13, 192, 7, null),
        (13, 279, 6, null),
        (13, 429, 5, null),
        (13, 432, 3, null),
        (13, 472, 7, null),
        (13, 539, 9, null),
        (14, 52, 1, null),
        (14, 53, 2, null),
        (14, 217, 5, null),
        (14, 249, 2, null),
        (14, 394, 9, null),
        (14, 441, 3, null),
        (14, 589, 4, null),
        (14, 592, 8, null),
        (16, 101, 5, null),
        (16, 259, 7, null),
        (16, 288, 8, null),
        (16, 293, 4, null),
        (16, 338, 7, null),
        (16, 430, 4, null),
        (16, 469, 7, null),
        (16, 470, 10, null),
        (16, 505, 2, null),
        (16, 599, 6, null),
        (17, 11, 8, null),
        (17, 38, 8, null),
        (17, 68, 8, null),
        (17, 135, 9, null),
        (17, 236, 10, null),
        (17, 241, 7, null),
        (17, 358, 4, null),
        (17, 476, 3, null),
        (17, 495, 1, null),
        (19, 59, 1, null),
        (19, 83, 9, null),
        (19, 167, 5, null),
        (19, 230, 8, null),
        (19, 278, 2, null),
        (19, 324, 6, null),
        (19, 455, 3, null),
        (19, 481, 8, null),
        (19, 597, 4, null),
        (19, 607, 10, null),
        (19, 622, 1, null),
        (20, 37, 7, null),
        (20, 110, 3, null),
        (20, 174, 8, null),
        (20, 222, 6, null),
        (20, 240, 2, null),
        (20, 342, 8, null),
        (20, 473, 2, null),
        (20, 494, 5, null),
        (22, 102, 10, null),
        (22, 140, 6, null),
        (22, 170, 3, null),
        (22, 310, 2, null),
        (22, 371, 4, null),
        (23, 72, 4, null),
        (23, 75, 8, null),
        (23, 106, 3, null),
        (23, 107, 5, null),
        (23, 206, 8, null),
        (23, 381, 4, null),
        (23, 445, 7, null),
        (23, 555, 4, null),
        (25, 27, 10, null),
        (25, 255, 5, null),
        (25, 340, 9, null),
        (25, 387, 3, null),
        (25, 508, 3, null),
        (25, 566, 7, null),
        (25, 574, 3, null),
        (26, 199, 10, null),
        (26, 237, 6, null),
        (26, 299, 4, null),
        (26, 319, 3, null),
        (26, 345, 2, null),
        (26, 352, 3, null),
        (26, 399, 9, null),
        (28, 17, 8, null),
        (28, 21, 5, null),
        (28, 32, 2, null),
        (28, 58, 4, null),
        (28, 125, 3, null),
        (28, 141, 5, null),
        (28, 212, 9, null),
        (28, 333, 7, null),
        (28, 354, 4, null),
        (28, 451, 8, null),
        (28, 526, 1, null),
        (28, 600, 4, null),
        (28, 617, 7, null),
        (29, 3, 1, null),
        (29, 66, 8, null),
        (29, 105, 5, null),
        (29, 161, 9, null),
        (29, 200, 3, null),
        (29, 318, 2, null),
        (29, 366, 2, null),
        (29, 382, 5, null),
        (29, 400, 1, null),
        (29, 423, 9, null),
        (29, 530, 9, null),
        (29, 591, 3, null),
        (31, 129, 5, null),
        (31, 191, 6, null),
        (31, 274, 1, null),
        (31, 323, 4, null),
        (31, 550, 3, null),
        (31, 586, 8, null),
        (31, 621, 5, null),
        (32, 36, 6, null),
        (32, 90, 4, null),
        (32, 112, 1, null),
        (32, 218, 6, null),
        (32, 227, 3, null),
        (32, 250, 6, null),
        (32, 261, 6, null),
        (32, 395, 3, null),
        (32, 492, 6, null),
        (32, 516, 10, null),
        (32, 545, 8, null),
        (32, 558, 7, null),
        (34, 45, 2, null),
        (34, 151, 8, null),
        (34, 169, 2, null),
        (34, 243, 4, null),
        (34, 280, 8, null),
        (34, 353, 8, null),
        (34, 462, 6, null),
        (34, 465, 4, null),
        (34, 471, 7, null),
        (34, 525, 7, null),
        (34, 573, 9, null),
        (34, 626, 7, null),
        (34, 627, 2, null),
        (34, 637, 5, null),
        (35, 73, 2, null),
        (35, 77, 7, null),
        (35, 79, 7, null),
        (35, 91, 8, null),
        (35, 147, 3, null),
        (35, 493, 6, null),
        (35, 571, 9, null),
        (35, 596, 5, null),
        (35, 612, 3, null),
        (35, 613, 7, null),
        (37, 5, 6, null),
        (37, 23, 4, null),
        (37, 85, 9, null),
        (37, 116, 3, null),
        (37, 254, 10, null),
        (37, 355, 2, null),
        (37, 552, 9, null),
        (37, 602, 4, null),
        (38, 1, 4, null),
        (38, 304, 10, null),
        (38, 314, 5, null),
        (38, 329, 6, null),
        (38, 344, 7, null),
        (38, 487, 9, null),
        (38, 501, 3, null),
        (38, 502, 2, null),
        (38, 577, 6, null),
        (38, 581, 9, null),
        (40, 210, 4, null),
        (40, 403, 6, null),
        (40, 509, 7, null),
        (40, 608, 6, null),
        (40, 632, 5, null),
        (41, 2, 8, null),
        (41, 67, 2, null),
        (41, 165, 4, null),
        (41, 196, 4, null),
        (41, 205, 1, null),
        (41, 251, 10, null),
        (41, 303, 8, null),
        (41, 315, 8, null),
        (41, 359, 3, null),
        (41, 414, 9, null),
        (41, 440, 5, null),
        (41, 583, 2, null),
        (41, 611, 10, null),
        (43, 16, 7, null),
        (43, 30, 8, null),
        (43, 152, 9, null),
        (43, 180, 6, null),
        (43, 253, 9, null),
        (43, 275, 5, null),
        (43, 335, 2, null),
        (43, 373, 9, null),
        (43, 379, 7, null),
        (43, 386, 2, null),
        (43, 390, 5, null),
        (43, 391, 6, null),
        (43, 461, 8, null),
        (43, 531, 9, null),
        (43, 633, 5, null),
        (43, 638, 8, null),
        (44, 54, 7, null),
        (44, 121, 6, null),
        (44, 224, 6, null),
        (44, 264, 5, null),
        (44, 298, 6, null),
        (44, 349, 5, null),
        (44, 351, 9, null),
        (44, 380, 10, null),
        (44, 436, 9, null),
        (44, 446, 9, null),
        (44, 582, 1, null),
        (44, 593, 2, null),
        (46, 86, 2, null),
        (46, 103, 4, null),
        (46, 155, 3, null),
        (46, 209, 4, null),
        (46, 294, 9, null),
        (46, 431, 5, null),
        (46, 634, 4, null),
        (47, 97, 6, null),
        (47, 146, 3, null),
        (47, 157, 1, null),
        (47, 159, 9, null),
        (47, 263, 3, null),
        (47, 350, 6, null),
        (47, 368, 7, null),
        (47, 401, 2, null),
        (47, 411, 7, null),
        (47, 435, 6, null),
        (47, 474, 7, null),
        (47, 543, 2, null),
        (49, 24, 9, null),
        (49, 31, 10, null),
        (49, 115, 8, null),
        (49, 171, 8, null),
        (49, 213, 7, null),
        (49, 268, 4, null),
        (49, 603, 4, null),
        (50, 94, 3, null),
        (50, 95, 7, null),
        (50, 118, 4, null),
        (50, 136, 5, null),
        (50, 137, 6, null),
        (50, 234, 9, null),
        (50, 328, 3, null),
        (50, 343, 2, null),
        (50, 437, 5, null),
        (50, 559, 1, null),
        (50, 594, 6, null),
        (52, 6, 5, null),
        (52, 26, 7, null),
        (52, 28, 10, null),
        (52, 57, 9, null),
        (52, 295, 2, null),
        (52, 325, 3, null),
        (52, 370, 9, null),
        (52, 378, 8, null),
        (52, 453, 5, null),
        (52, 454, 7, null),
        (52, 482, 4, null),
        (52, 538, 9, null),
        (52, 551, 3, null),
        (53, 74, 1, null),
        (53, 120, 9, null),
        (53, 204, 9, null),
        (53, 239, 2, null),
        (53, 248, 1, null),
        (53, 297, 5, null),
        (53, 367, 8, null),
        (53, 528, 6, null),
        (53, 546, 5, null),
        (53, 570, 7, null),
        (55, 19, 6, null),
        (55, 41, 6, null),
        (55, 124, 6, null),
        (55, 156, 8, null),
        (55, 334, 6, null),
        (55, 375, 5, null),
        (55, 450, 6, null),
        (55, 463, 5, null),
        (55, 484, 4, null),
        (56, 96, 6, null),
        (56, 164, 2, null),
        (56, 187, 8, null),
        (56, 195, 2, null),
        (56, 202, 9, null),
        (56, 223, 6, null),
        (56, 225, 4, null),
        (56, 305, 1, null),
        (56, 369, 8, null),
        (56, 544, 5, null),
        (56, 572, 3, null),
        (56, 588, 2, null),
        (58, 7, 7, null),
        (58, 87, 5, null),
        (58, 258, 4, null),
        (58, 458, 5, null),
        (58, 459, 10, null),
        (58, 483, 7, null),
        (58, 506, 7, null),
        (58, 620, 5, null),
        (59, 76, 4, null),
        (59, 111, 6, null),
        (59, 119, 9, null),
        (59, 122, 7, null),
        (59, 219, 5, null),
        (59, 327, 3, null),
        (59, 415, 3, null);




SET IDENTITY_INSERT bbpet.dbo.Delivery ON;
insert into dbo.Delivery (id, status, startTime, endTime, reason)
values  (1, N'SUCCESS', N'2023-07-18 06:13:02.000', N'2023-07-19 23:35:52.000', N'Order 1 delivery'),
        (2, N'SUCCESS', N'2023-12-03 12:00:51.000', N'2023-12-03 18:09:49.000', N'Order 2 delivery'),
        (3, N'SUCCESS', N'2023-12-03 19:42:45.000', N'2023-12-05 07:12:45.000', N'Order 2 delivery'),
        (4, N'SUCCESS', N'2022-01-17 12:52:50.000', N'2022-01-17 13:55:24.000', N'Order 3 delivery'),
        (5, N'SUCCESS', N'2022-01-17 12:47:42.000', N'2022-01-18 06:14:33.000', N'Order 3 delivery'),
        (6, N'SUCCESS', N'2022-01-16 20:52:03.000', N'2022-01-17 06:01:32.000', N'Order 3 delivery'),
        (7, N'SUCCESS', N'2022-01-16 15:35:07.000', N'2022-01-17 21:13:09.000', N'Order 3 delivery'),
        (8, N'SUCCESS', N'2023-11-01 13:24:24.000', N'2023-11-02 23:52:57.000', N'Order 4 delivery'),
        (9, N'SUCCESS', N'2023-11-01 07:11:53.000', N'2023-11-03 03:48:10.000', N'Order 4 delivery'),
        (10, N'SUCCESS', N'2023-10-31 20:48:14.000', N'2023-10-31 23:24:26.000', N'Order 4 delivery'),
        (11, N'SUCCESS', N'2023-11-01 06:42:08.000', N'2023-11-03 20:11:18.000', N'Order 4 delivery'),
        (12, N'SUCCESS', N'2022-11-24 07:57:35.000', N'2022-11-24 22:33:57.000', N'Order 5 delivery'),
        (13, N'SUCCESS', N'2022-11-24 14:12:34.000', N'2022-11-25 11:15:27.000', N'Order 5 delivery'),
        (14, N'SUCCESS', N'2022-07-08 18:47:46.000', N'2022-07-11 15:21:46.000', N'Order 6 delivery'),
        (15, N'SUCCESS', N'2022-07-08 20:18:03.000', N'2022-07-11 08:28:50.000', N'Order 6 delivery'),
        (16, N'SUCCESS', N'2022-09-06 23:07:02.000', N'2022-09-08 22:31:09.000', N'Order 7 delivery'),
        (17, N'SUCCESS', N'2022-09-06 15:07:46.000', N'2022-09-08 21:48:10.000', N'Order 7 delivery'),
        (18, N'SUCCESS', N'2022-01-22 00:27:06.000', N'2022-01-22 18:47:06.000', N'Order 8 delivery'),
        (19, N'SUCCESS', N'2022-01-21 20:54:10.000', N'2022-01-23 00:30:01.000', N'Order 8 delivery'),
        (20, N'SUCCESS', N'2022-08-04 22:59:35.000', N'2022-08-07 20:47:46.000', N'Order 9 delivery'),
        (21, N'SUCCESS', N'2022-08-05 10:26:24.000', N'2022-08-08 07:28:45.000', N'Order 9 delivery'),
        (22, N'SUCCESS', N'2022-08-05 02:08:03.000', N'2022-08-05 11:54:23.000', N'Order 9 delivery'),
        (23, N'SUCCESS', N'2023-09-24 20:33:50.000', N'2023-09-27 06:40:46.000', N'Order 10 delivery'),
        (24, N'SUCCESS', N'2023-09-25 07:44:01.000', N'2023-09-27 04:21:56.000', N'Order 10 delivery'),
        (25, N'SUCCESS', N'2023-09-24 10:03:33.000', N'2023-09-26 10:56:39.000', N'Order 10 delivery'),
        (26, N'SUCCESS', N'2022-04-25 08:31:12.000', N'2022-04-28 03:11:21.000', N'Order 11 delivery'),
        (27, N'SUCCESS', N'2022-04-24 17:42:41.000', N'2022-04-26 14:29:12.000', N'Order 11 delivery'),
        (28, N'IN_PROGRESS', N'2022-01-21 09:28:35.000', N'2022-01-23 16:27:50.000', N'Order 12 delivery'),
        (29, N'PENDING', N'2022-01-21 09:19:38.000', N'2022-01-21 13:10:09.000', N'Order 12 delivery'),
        (30, N'PENDING', N'2022-01-21 23:57:19.000', N'2022-01-22 22:27:40.000', N'Order 12 delivery'),
        (31, N'SUCCESS', N'2022-11-22 01:01:05.000', N'2022-11-22 20:16:45.000', N'Order 13 delivery'),
        (32, N'SUCCESS', N'2022-11-22 02:55:34.000', N'2022-11-24 01:54:28.000', N'Order 13 delivery'),
        (33, N'SUCCESS', N'2022-11-22 05:19:50.000', N'2022-11-22 22:37:10.000', N'Order 13 delivery'),
        (34, N'SUCCESS', N'2023-05-09 10:22:58.000', N'2023-05-12 07:33:16.000', N'Order 14 delivery'),
        (35, N'SUCCESS', N'2023-05-08 20:39:47.000', N'2023-05-10 04:54:24.000', N'Order 14 delivery'),
        (36, N'FAILED', N'2022-04-10 00:17:50.000', N'2022-04-12 16:39:00.000', N'Order 16 delivery'),
        (37, N'FAILED', N'2022-04-10 16:38:01.000', N'2022-04-12 16:31:10.000', N'Order 16 delivery'),
        (38, N'FAILED', N'2022-04-10 03:26:12.000', N'2022-04-10 17:26:07.000', N'Order 16 delivery'),
        (39, N'PENDING', N'2022-02-13 23:10:45.000', N'2022-02-14 06:40:07.000', N'Order 17 delivery'),
        (40, N'PENDING', N'2022-02-13 03:51:00.000', N'2022-02-14 09:28:16.000', N'Order 17 delivery'),
        (41, N'PENDING', N'2022-02-13 04:50:18.000', N'2022-02-16 03:54:11.000', N'Order 17 delivery'),
        (42, N'IN_PROGRESS', N'2022-02-13 03:39:47.000', N'2022-02-13 18:59:42.000', N'Order 17 delivery'),
        (43, N'SUCCESS', N'2023-12-23 02:37:14.000', N'2023-12-25 15:02:31.000', N'Order 18 delivery'),
        (44, N'SUCCESS', N'2023-12-22 17:41:33.000', N'2023-12-23 06:23:17.000', N'Order 18 delivery'),
        (45, N'SUCCESS', N'2023-12-22 10:23:31.000', N'2023-12-23 08:02:07.000', N'Order 18 delivery'),
        (46, N'SUCCESS', N'2023-12-22 12:47:59.000', N'2023-12-23 15:46:09.000', N'Order 18 delivery'),
        (47, N'SUCCESS', N'2023-02-11 02:59:17.000', N'2023-02-11 04:43:13.000', N'Order 19 delivery'),
        (48, N'SUCCESS', N'2023-10-31 19:22:27.000', N'2023-11-03 10:27:18.000', N'Order 20 delivery'),
        (49, N'SUCCESS', N'2023-10-31 23:01:06.000', N'2023-11-02 14:30:35.000', N'Order 20 delivery'),
        (50, N'FAILED', N'2023-06-10 06:32:09.000', N'2023-06-12 17:50:43.000', N'Order 21 delivery'),
        (51, N'FAILED', N'2023-06-10 10:54:51.000', N'2023-06-10 19:03:52.000', N'Order 21 delivery'),
        (52, N'FAILED', N'2023-06-11 03:16:34.000', N'2023-06-13 07:54:42.000', N'Order 21 delivery'),
        (53, N'SUCCESS', N'2022-12-25 10:37:06.000', N'2022-12-25 22:28:59.000', N'Order 22 delivery'),
        (54, N'SUCCESS', N'2022-12-25 03:26:30.000', N'2022-12-26 03:01:10.000', N'Order 22 delivery'),
        (55, N'SUCCESS', N'2022-04-23 18:01:13.000', N'2022-04-26 02:12:59.000', N'Order 23 delivery'),
        (56, N'SUCCESS', N'2022-04-23 02:39:54.000', N'2022-04-25 10:52:11.000', N'Order 23 delivery'),
        (57, N'SUCCESS', N'2022-04-23 04:47:34.000', N'2022-04-24 12:51:33.000', N'Order 23 delivery'),
        (58, N'SUCCESS', N'2023-07-12 12:59:56.000', N'2023-07-12 21:42:31.000', N'Order 25 delivery'),
        (59, N'SUCCESS', N'2023-07-12 06:15:35.000', N'2023-07-15 05:58:46.000', N'Order 25 delivery'),
        (60, N'SUCCESS', N'2023-07-12 11:05:10.000', N'2023-07-13 12:13:11.000', N'Order 25 delivery'),
        (61, N'SUCCESS', N'2023-07-12 16:29:13.000', N'2023-07-13 22:48:02.000', N'Order 25 delivery'),
        (62, N'SUCCESS', N'2022-05-07 16:06:09.000', N'2022-05-08 00:07:19.000', N'Order 26 delivery'),
        (63, N'SUCCESS', N'2022-02-07 21:18:22.000', N'2022-02-10 07:10:37.000', N'Order 27 delivery'),
        (64, N'SUCCESS', N'2022-02-07 23:24:34.000', N'2022-02-10 02:52:01.000', N'Order 27 delivery'),
        (65, N'SUCCESS', N'2023-07-18 12:40:13.000', N'2023-07-19 02:34:07.000', N'Order 28 delivery'),
        (66, N'SUCCESS', N'2023-07-18 14:32:36.000', N'2023-07-20 20:07:43.000', N'Order 28 delivery'),
        (67, N'SUCCESS', N'2023-07-18 11:52:44.000', N'2023-07-19 05:55:04.000', N'Order 28 delivery'),
        (68, N'FAILED', N'2022-02-04 15:24:46.000', N'2022-02-06 14:49:45.000', N'Order 30 delivery'),
        (69, N'FAILED', N'2022-02-04 10:28:40.000', N'2022-02-05 15:51:27.000', N'Order 30 delivery'),
        (70, N'SUCCESS', N'2023-06-14 05:51:27.000', N'2023-06-16 00:50:36.000', N'Order 31 delivery'),
        (71, N'SUCCESS', N'2023-10-29 10:47:35.000', N'2023-10-31 22:34:34.000', N'Order 32 delivery'),
        (72, N'SUCCESS', N'2023-10-29 18:05:39.000', N'2023-11-01 14:22:08.000', N'Order 32 delivery'),
        (73, N'SUCCESS', N'2023-03-13 21:09:16.000', N'2023-03-15 10:11:05.000', N'Order 34 delivery'),
        (74, N'SUCCESS', N'2023-03-13 02:02:44.000', N'2023-03-16 01:45:19.000', N'Order 34 delivery'),
        (75, N'SUCCESS', N'2023-03-13 23:56:27.000', N'2023-03-15 01:27:51.000', N'Order 34 delivery'),
        (76, N'SUCCESS', N'2022-04-21 11:28:38.000', N'2022-04-22 16:27:51.000', N'Order 35 delivery'),
        (77, N'SUCCESS', N'2022-04-21 09:45:05.000', N'2022-04-21 16:42:32.000', N'Order 35 delivery'),
        (78, N'SUCCESS', N'2022-04-20 23:03:48.000', N'2022-04-21 23:20:01.000', N'Order 35 delivery'),
        (79, N'PENDING', N'2022-02-20 10:00:19.000', N'2022-02-20 20:13:48.000', N'Order 36 delivery'),
        (80, N'PENDING', N'2022-02-20 03:23:09.000', N'2022-02-21 13:52:30.000', N'Order 36 delivery'),
        (81, N'IN_PROGRESS', N'2022-02-20 09:13:31.000', N'2022-02-23 05:38:22.000', N'Order 36 delivery'),
        (82, N'IN_PROGRESS', N'2022-02-20 00:47:29.000', N'2022-02-21 16:37:28.000', N'Order 36 delivery'),
        (83, N'FAILED', N'2023-04-04 02:17:36.000', N'2023-04-04 21:23:09.000', N'Order 37 delivery'),
        (84, N'FAILED', N'2023-04-03 13:42:50.000', N'2023-04-05 08:44:29.000', N'Order 37 delivery'),
        (85, N'FAILED', N'2023-04-04 07:20:28.000', N'2023-04-05 16:46:02.000', N'Order 37 delivery'),
        (86, N'SUCCESS', N'2022-04-19 14:32:56.000', N'2022-04-22 00:56:54.000', N'Order 38 delivery'),
        (87, N'SUCCESS', N'2022-04-19 20:34:41.000', N'2022-04-22 13:39:44.000', N'Order 38 delivery'),
        (88, N'SUCCESS', N'2022-04-19 19:53:02.000', N'2022-04-22 01:04:49.000', N'Order 38 delivery'),
        (89, N'PENDING', N'2023-11-10 01:46:21.000', N'2023-11-12 16:30:24.000', N'Order 39 delivery'),
        (90, N'PENDING', N'2023-11-09 10:09:19.000', N'2023-11-09 19:35:43.000', N'Order 39 delivery'),
        (91, N'PENDING', N'2023-11-10 07:49:40.000', N'2023-11-11 10:50:03.000', N'Order 39 delivery'),
        (92, N'SUCCESS', N'2023-04-02 10:30:20.000', N'2023-04-03 06:42:50.000', N'Order 40 delivery'),
        (93, N'SUCCESS', N'2023-04-03 02:49:40.000', N'2023-04-04 16:21:32.000', N'Order 40 delivery'),
        (94, N'SUCCESS', N'2023-04-02 18:06:24.000', N'2023-04-04 22:59:26.000', N'Order 40 delivery'),
        (95, N'SUCCESS', N'2022-05-12 03:17:02.000', N'2022-05-14 05:42:20.000', N'Order 41 delivery'),
        (96, N'SUCCESS', N'2022-05-12 01:02:51.000', N'2022-05-13 01:13:26.000', N'Order 41 delivery'),
        (97, N'SUCCESS', N'2022-05-11 18:22:08.000', N'2022-05-13 08:24:40.000', N'Order 41 delivery'),
        (98, N'SUCCESS', N'2022-09-10 15:05:34.000', N'2022-09-11 06:07:42.000', N'Order 42 delivery'),
        (99, N'SUCCESS', N'2023-07-02 16:20:21.000', N'2023-07-03 14:40:34.000', N'Order 44 delivery'),
        (100, N'SUCCESS', N'2023-07-02 08:33:24.000', N'2023-07-04 23:25:17.000', N'Order 44 delivery'),
        (101, N'SUCCESS', N'2023-07-02 11:42:37.000', N'2023-07-04 02:36:06.000', N'Order 44 delivery'),
        (102, N'SUCCESS', N'2023-09-06 20:37:48.000', N'2023-09-09 20:15:56.000', N'Order 45 delivery'),
        (103, N'SUCCESS', N'2023-09-06 15:14:44.000', N'2023-09-06 18:49:59.000', N'Order 45 delivery'),
        (104, N'SUCCESS', N'2022-12-20 14:08:08.000', N'2022-12-20 21:06:33.000', N'Order 46 delivery'),
        (105, N'SUCCESS', N'2022-12-20 02:24:27.000', N'2022-12-21 16:51:00.000', N'Order 46 delivery'),
        (106, N'SUCCESS', N'2022-07-07 00:41:35.000', N'2022-07-08 03:48:21.000', N'Order 47 delivery'),
        (107, N'SUCCESS', N'2022-07-14 22:00:55.000', N'2022-07-15 01:01:25.000', N'Order 48 delivery'),
        (108, N'SUCCESS', N'2022-07-15 10:10:11.000', N'2022-07-18 09:03:29.000', N'Order 48 delivery'),
        (109, N'SUCCESS', N'2023-03-27 07:11:51.000', N'2023-03-29 09:02:02.000', N'Order 49 delivery'),
        (110, N'SUCCESS', N'2023-03-26 14:24:41.000', N'2023-03-28 08:48:55.000', N'Order 49 delivery'),
        (111, N'SUCCESS', N'2023-03-26 18:44:37.000', N'2023-03-28 06:42:37.000', N'Order 49 delivery'),
        (112, N'SUCCESS', N'2022-08-25 07:24:09.000', N'2022-08-28 05:52:07.000', N'Order 50 delivery'),
        (113, N'SUCCESS', N'2022-08-25 09:11:19.000', N'2022-08-27 16:58:08.000', N'Order 50 delivery'),
        (114, N'PENDING', N'2022-02-14 21:12:43.000', N'2022-02-16 09:12:14.000', N'Order 51 delivery'),
        (115, N'PENDING', N'2022-02-15 01:06:08.000', N'2022-02-15 22:25:30.000', N'Order 51 delivery'),
        (116, N'SUCCESS', N'2022-01-30 14:41:03.000', N'2022-02-02 08:08:01.000', N'Order 52 delivery'),
        (117, N'SUCCESS', N'2022-01-30 13:30:13.000', N'2022-01-31 07:48:10.000', N'Order 52 delivery'),
        (118, N'SUCCESS', N'2022-01-29 23:47:52.000', N'2022-01-31 23:40:28.000', N'Order 52 delivery'),
        (119, N'SUCCESS', N'2023-09-18 00:13:44.000', N'2023-09-18 05:29:47.000', N'Order 53 delivery'),
        (120, N'SUCCESS', N'2023-09-18 00:34:39.000', N'2023-09-19 23:17:33.000', N'Order 53 delivery'),
        (121, N'SUCCESS', N'2023-09-18 03:23:46.000', N'2023-09-18 08:53:54.000', N'Order 53 delivery'),
        (122, N'SUCCESS', N'2023-09-18 13:01:37.000', N'2023-09-21 02:02:41.000', N'Order 53 delivery'),
        (123, N'SUCCESS', N'2022-09-04 12:24:26.000', N'2022-09-06 12:04:33.000', N'Order 54 delivery'),
        (124, N'SUCCESS', N'2022-09-04 19:01:21.000', N'2022-09-05 11:02:32.000', N'Order 54 delivery'),
        (125, N'SUCCESS', N'2022-09-03 21:17:26.000', N'2022-09-05 09:15:13.000', N'Order 54 delivery'),
        (126, N'SUCCESS', N'2023-02-19 01:36:47.000', N'2023-02-19 03:17:26.000', N'Order 55 delivery'),
        (127, N'SUCCESS', N'2023-02-19 04:54:27.000', N'2023-02-21 00:58:01.000', N'Order 55 delivery'),
        (128, N'SUCCESS', N'2023-02-18 18:39:38.000', N'2023-02-21 00:41:01.000', N'Order 55 delivery'),
        (129, N'SUCCESS', N'2023-10-13 08:45:44.000', N'2023-10-13 12:13:19.000', N'Order 56 delivery'),
        (130, N'SUCCESS', N'2023-10-13 10:49:20.000', N'2023-10-14 00:31:22.000', N'Order 56 delivery'),
        (131, N'SUCCESS', N'2023-06-21 20:41:37.000', N'2023-06-22 00:39:13.000', N'Order 57 delivery'),
        (132, N'SUCCESS', N'2023-06-21 10:59:43.000', N'2023-06-23 07:51:21.000', N'Order 57 delivery'),
        (133, N'SUCCESS', N'2023-06-20 22:08:27.000', N'2023-06-22 16:19:48.000', N'Order 57 delivery'),
        (134, N'SUCCESS', N'2022-04-06 11:00:02.000', N'2022-04-06 16:49:59.000', N'Order 58 delivery'),
        (135, N'SUCCESS', N'2022-04-06 01:29:01.000', N'2022-04-06 05:52:54.000', N'Order 58 delivery'),
        (136, N'SUCCESS', N'2022-08-27 18:58:11.000', N'2022-08-29 11:29:56.000', N'Order 59 delivery'),
        (137, N'SUCCESS', N'2022-08-27 15:39:13.000', N'2022-08-28 06:45:51.000', N'Order 59 delivery'),
        (138, N'SUCCESS', N'2022-08-27 09:05:13.000', N'2022-08-30 05:58:04.000', N'Order 59 delivery'),
        (139, N'SUCCESS', N'2022-08-27 23:51:51.000', N'2022-08-28 18:16:11.000', N'Order 59 delivery'),
        (140, N'FAILED', N'2023-06-10 19:07:24.000', N'2023-06-13 03:25:42.000', N'Order 60 delivery'),
        (141, N'FAILED', N'2023-06-10 07:59:50.000', N'2023-06-10 16:36:42.000', N'Order 60 delivery'),
        (142, N'FAILED', N'2023-06-10 07:08:23.000', N'2023-06-12 20:28:13.000', N'Order 60 delivery'),
        (143, N'PENDING', N'2023-02-09 08:33:22.000', N'2023-02-10 06:55:10.000', N'Order 61 delivery'),
        (144, N'SUCCESS', N'2023-05-15 20:02:43.000', N'2023-05-16 21:56:10.000', N'Order 62 delivery'),
        (145, N'SUCCESS', N'2023-03-08 10:45:06.000', N'2023-03-10 06:02:36.000', N'Order 63 delivery'),
        (146, N'SUCCESS', N'2023-03-07 21:58:28.000', N'2023-03-07 23:57:14.000', N'Order 63 delivery'),
        (147, N'SUCCESS', N'2023-03-08 08:26:03.000', N'2023-03-08 11:08:37.000', N'Order 63 delivery'),
        (148, N'SUCCESS', N'2022-10-18 08:20:01.000', N'2022-10-21 05:37:46.000', N'Order 64 delivery'),
        (149, N'SUCCESS', N'2022-10-18 08:46:44.000', N'2022-10-18 14:12:40.000', N'Order 64 delivery'),
        (150, N'SUCCESS', N'2022-10-17 22:44:20.000', N'2022-10-18 23:26:12.000', N'Order 64 delivery'),
        (151, N'SUCCESS', N'2023-09-25 12:44:06.000', N'2023-09-26 01:31:23.000', N'Order 65 delivery'),
        (152, N'SUCCESS', N'2023-11-22 13:42:16.000', N'2023-11-24 05:53:08.000', N'Order 66 delivery'),
        (153, N'SUCCESS', N'2023-11-22 05:09:45.000', N'2023-11-23 14:18:59.000', N'Order 66 delivery'),
        (154, N'SUCCESS', N'2022-08-21 08:10:58.000', N'2022-08-22 15:56:44.000', N'Order 67 delivery'),
        (155, N'SUCCESS', N'2022-08-21 12:52:32.000', N'2022-08-23 01:31:08.000', N'Order 67 delivery'),
        (156, N'SUCCESS', N'2022-08-21 20:54:14.000', N'2022-08-23 08:24:40.000', N'Order 67 delivery'),
        (157, N'SUCCESS', N'2022-08-21 13:24:17.000', N'2022-08-24 09:38:56.000', N'Order 67 delivery'),
        (158, N'SUCCESS', N'2023-05-23 03:55:55.000', N'2023-05-23 19:17:52.000', N'Order 68 delivery'),
        (159, N'SUCCESS', N'2022-06-26 05:38:27.000', N'2022-06-28 04:30:26.000', N'Order 69 delivery'),
        (160, N'SUCCESS', N'2022-06-26 11:09:38.000', N'2022-06-27 02:41:26.000', N'Order 69 delivery'),
        (161, N'SUCCESS', N'2022-03-15 11:16:39.000', N'2022-03-16 05:06:31.000', N'Order 70 delivery'),
        (162, N'SUCCESS', N'2022-03-16 02:51:57.000', N'2022-03-18 17:40:27.000', N'Order 70 delivery'),
        (163, N'SUCCESS', N'2022-05-10 05:29:10.000', N'2022-05-11 22:35:19.000', N'Order 72 delivery'),
        (164, N'SUCCESS', N'2022-05-09 11:48:23.000', N'2022-05-12 10:06:11.000', N'Order 72 delivery'),
        (165, N'SUCCESS', N'2022-05-10 09:37:09.000', N'2022-05-12 18:43:20.000', N'Order 72 delivery'),
        (166, N'SUCCESS', N'2022-05-09 18:52:44.000', N'2022-05-12 18:39:10.000', N'Order 72 delivery'),
        (167, N'SUCCESS', N'2022-08-02 21:38:08.000', N'2022-08-04 13:32:12.000', N'Order 73 delivery'),
        (168, N'SUCCESS', N'2022-08-03 12:54:16.000', N'2022-08-06 04:32:40.000', N'Order 73 delivery'),
        (169, N'SUCCESS', N'2022-08-03 19:01:34.000', N'2022-08-06 05:05:06.000', N'Order 73 delivery'),
        (170, N'SUCCESS', N'2022-01-03 18:04:40.000', N'2022-01-05 04:28:16.000', N'Order 74 delivery'),
        (171, N'SUCCESS', N'2022-01-04 06:53:37.000', N'2022-01-06 17:08:18.000', N'Order 74 delivery'),
        (172, N'SUCCESS', N'2022-01-03 20:35:44.000', N'2022-01-03 20:43:29.000', N'Order 74 delivery'),
        (173, N'SUCCESS', N'2022-01-04 06:34:31.000', N'2022-01-06 09:36:14.000', N'Order 74 delivery'),
        (174, N'IN_PROGRESS', N'2023-06-09 11:55:29.000', N'2023-06-10 15:01:48.000', N'Order 75 delivery'),
        (175, N'PENDING', N'2023-06-09 18:25:33.000', N'2023-06-12 18:20:26.000', N'Order 75 delivery'),
        (176, N'IN_PROGRESS', N'2023-06-09 23:12:49.000', N'2023-06-11 12:53:36.000', N'Order 75 delivery'),
        (177, N'PENDING', N'2023-06-10 10:55:08.000', N'2023-06-12 01:04:42.000', N'Order 75 delivery'),
        (178, N'SUCCESS', N'2022-06-23 14:10:40.000', N'2022-06-24 16:10:34.000', N'Order 76 delivery'),
        (179, N'SUCCESS', N'2022-06-23 11:26:08.000', N'2022-06-24 08:57:35.000', N'Order 76 delivery'),
        (180, N'SUCCESS', N'2022-06-23 08:40:38.000', N'2022-06-25 11:19:01.000', N'Order 76 delivery'),
        (181, N'SUCCESS', N'2022-06-23 15:00:58.000', N'2022-06-26 12:46:05.000', N'Order 76 delivery'),
        (182, N'IN_PROGRESS', N'2022-04-19 12:26:22.000', N'2022-04-19 14:49:48.000', N'Order 77 delivery'),
        (183, N'IN_PROGRESS', N'2022-04-19 04:24:32.000', N'2022-04-20 07:39:02.000', N'Order 77 delivery'),
        (184, N'SUCCESS', N'2022-02-05 23:08:06.000', N'2022-02-07 14:03:23.000', N'Order 78 delivery'),
        (185, N'SUCCESS', N'2022-02-06 00:22:55.000', N'2022-02-08 11:03:11.000', N'Order 78 delivery'),
        (186, N'SUCCESS', N'2023-02-04 04:41:17.000', N'2023-02-06 17:09:48.000', N'Order 79 delivery'),
        (187, N'SUCCESS', N'2023-02-03 17:40:45.000', N'2023-02-05 10:24:37.000', N'Order 79 delivery'),
        (188, N'SUCCESS', N'2023-02-03 16:40:05.000', N'2023-02-05 18:51:59.000', N'Order 79 delivery'),
        (189, N'SUCCESS', N'2023-02-03 15:25:39.000', N'2023-02-04 17:42:24.000', N'Order 79 delivery'),
        (190, N'IN_PROGRESS', N'2022-06-15 18:47:23.000', N'2022-06-18 08:01:10.000', N'Order 80 delivery'),
        (191, N'FAILED', N'2024-01-01 10:26:19.000', N'2024-01-03 18:40:09.000', N'Order 81 delivery'),
        (192, N'FAILED', N'2023-12-31 19:38:48.000', N'2024-01-03 01:38:01.000', N'Order 81 delivery'),
        (193, N'FAILED', N'2023-12-31 12:58:40.000', N'2024-01-02 15:34:31.000', N'Order 81 delivery'),
        (194, N'FAILED', N'2023-12-31 23:06:17.000', N'2024-01-03 05:33:43.000', N'Order 81 delivery'),
        (195, N'FAILED', N'2022-05-27 15:53:24.000', N'2022-05-28 04:33:05.000', N'Order 82 delivery'),
        (196, N'FAILED', N'2022-05-27 00:47:51.000', N'2022-05-28 21:09:05.000', N'Order 82 delivery'),
        (197, N'FAILED', N'2022-05-27 00:20:26.000', N'2022-05-28 00:17:10.000', N'Order 82 delivery'),
        (198, N'FAILED', N'2022-05-26 19:59:14.000', N'2022-05-29 17:34:23.000', N'Order 82 delivery'),
        (199, N'SUCCESS', N'2023-10-04 15:44:34.000', N'2023-10-05 21:14:03.000', N'Order 83 delivery'),
        (200, N'SUCCESS', N'2023-10-04 20:46:07.000', N'2023-10-07 14:09:53.000', N'Order 83 delivery'),
        (201, N'SUCCESS', N'2023-10-05 06:20:16.000', N'2023-10-08 04:24:16.000', N'Order 83 delivery'),
        (202, N'SUCCESS', N'2023-08-20 02:23:26.000', N'2023-08-20 20:17:58.000', N'Order 84 delivery'),
        (203, N'SUCCESS', N'2023-08-20 07:55:55.000', N'2023-08-21 00:37:10.000', N'Order 84 delivery'),
        (204, N'SUCCESS', N'2023-08-20 02:00:36.000', N'2023-08-20 13:46:40.000', N'Order 84 delivery'),
        (205, N'SUCCESS', N'2022-12-18 07:08:54.000', N'2022-12-19 08:18:52.000', N'Order 85 delivery'),
        (206, N'SUCCESS', N'2022-12-18 04:35:34.000', N'2022-12-20 08:06:13.000', N'Order 85 delivery'),
        (207, N'FAILED', N'2022-05-20 08:48:21.000', N'2022-05-22 19:55:44.000', N'Order 87 delivery'),
        (208, N'FAILED', N'2022-05-20 10:09:46.000', N'2022-05-21 14:39:50.000', N'Order 87 delivery'),
        (209, N'SUCCESS', N'2022-04-19 17:38:30.000', N'2022-04-21 14:39:47.000', N'Order 88 delivery'),
        (210, N'SUCCESS', N'2022-04-20 06:24:05.000', N'2022-04-22 04:07:46.000', N'Order 88 delivery'),
        (211, N'SUCCESS', N'2023-06-10 03:22:37.000', N'2023-06-10 09:00:54.000', N'Order 89 delivery'),
        (212, N'SUCCESS', N'2023-06-10 11:49:08.000', N'2023-06-10 17:57:53.000', N'Order 89 delivery'),
        (213, N'SUCCESS', N'2023-06-10 18:56:31.000', N'2023-06-11 16:20:11.000', N'Order 89 delivery'),
        (214, N'SUCCESS', N'2023-06-10 02:08:17.000', N'2023-06-10 03:57:49.000', N'Order 89 delivery'),
        (215, N'SUCCESS', N'2023-08-08 23:16:59.000', N'2023-08-09 22:19:15.000', N'Order 90 delivery'),
        (216, N'SUCCESS', N'2022-09-26 14:16:05.000', N'2022-09-27 05:30:11.000', N'Order 91 delivery'),
        (217, N'SUCCESS', N'2022-09-26 20:39:42.000', N'2022-09-27 05:56:53.000', N'Order 91 delivery'),
        (218, N'PENDING', N'2023-07-28 03:35:50.000', N'2023-07-30 17:35:44.000', N'Order 92 delivery'),
        (219, N'PENDING', N'2023-07-28 07:27:13.000', N'2023-07-31 03:53:23.000', N'Order 92 delivery'),
        (220, N'SUCCESS', N'2023-04-03 08:05:20.000', N'2023-04-04 04:17:28.000', N'Order 93 delivery'),
        (221, N'SUCCESS', N'2023-04-02 20:13:04.000', N'2023-04-04 00:50:36.000', N'Order 93 delivery'),
        (222, N'SUCCESS', N'2023-04-03 03:17:21.000', N'2023-04-04 02:53:39.000', N'Order 93 delivery'),
        (223, N'SUCCESS', N'2023-06-22 08:24:02.000', N'2023-06-24 05:34:05.000', N'Order 94 delivery'),
        (224, N'SUCCESS', N'2023-06-21 20:33:25.000', N'2023-06-23 16:24:31.000', N'Order 94 delivery'),
        (225, N'PENDING', N'2022-11-30 19:37:00.000', N'2022-11-30 21:43:44.000', N'Order 95 delivery'),
        (226, N'IN_PROGRESS', N'2022-11-30 20:47:19.000', N'2022-12-03 20:21:18.000', N'Order 95 delivery'),
        (227, N'PENDING', N'2022-11-30 19:00:52.000', N'2022-12-02 20:43:57.000', N'Order 95 delivery'),
        (228, N'SUCCESS', N'2023-11-19 03:38:11.000', N'2023-11-19 06:50:41.000', N'Order 96 delivery'),
        (229, N'SUCCESS', N'2023-05-03 05:55:29.000', N'2023-05-04 07:58:57.000', N'Order 97 delivery'),
        (230, N'FAILED', N'2022-02-26 06:25:00.000', N'2022-02-26 11:07:18.000', N'Order 98 delivery'),
        (231, N'FAILED', N'2022-02-25 12:35:02.000', N'2022-02-26 21:25:17.000', N'Order 98 delivery'),
        (232, N'FAILED', N'2022-04-16 09:50:31.000', N'2022-04-18 06:39:45.000', N'Order 99 delivery'),
        (233, N'FAILED', N'2022-04-17 01:27:49.000', N'2022-04-17 23:20:04.000', N'Order 99 delivery'),
        (234, N'FAILED', N'2022-04-16 05:09:38.000', N'2022-04-18 15:06:39.000', N'Order 99 delivery'),
        (235, N'SUCCESS', N'2022-12-19 05:03:47.000', N'2022-12-19 05:36:24.000', N'Order 100 delivery'),
        (236, N'FAILED', N'2023-10-26 18:01:46.000', N'2023-10-27 02:17:18.000', N'Order 101 delivery'),
        (237, N'FAILED', N'2023-10-26 19:39:46.000', N'2023-10-28 09:45:13.000', N'Order 101 delivery'),
        (238, N'FAILED', N'2023-10-26 19:45:38.000', N'2023-10-28 15:59:36.000', N'Order 101 delivery'),
        (239, N'SUCCESS', N'2022-07-03 16:48:35.000', N'2022-07-05 03:50:14.000', N'Order 102 delivery'),
        (240, N'SUCCESS', N'2022-07-03 09:13:21.000', N'2022-07-05 06:54:04.000', N'Order 102 delivery'),
        (241, N'SUCCESS', N'2022-07-03 16:27:38.000', N'2022-07-03 22:34:39.000', N'Order 102 delivery'),
        (242, N'SUCCESS', N'2022-05-02 21:50:03.000', N'2022-05-04 08:00:10.000', N'Order 103 delivery'),
        (243, N'SUCCESS', N'2022-05-02 23:05:13.000', N'2022-05-04 04:26:02.000', N'Order 103 delivery'),
        (244, N'SUCCESS', N'2022-05-03 15:31:18.000', N'2022-05-04 22:58:25.000', N'Order 103 delivery'),
        (245, N'SUCCESS', N'2023-01-16 06:28:30.000', N'2023-01-17 15:28:47.000', N'Order 104 delivery'),
        (246, N'SUCCESS', N'2023-01-16 00:07:46.000', N'2023-01-17 22:12:51.000', N'Order 104 delivery'),
        (247, N'SUCCESS', N'2023-01-15 20:26:54.000', N'2023-01-16 09:59:43.000', N'Order 104 delivery'),
        (248, N'SUCCESS', N'2023-01-15 16:36:08.000', N'2023-01-16 16:37:06.000', N'Order 104 delivery'),
        (249, N'SUCCESS', N'2023-06-17 00:21:41.000', N'2023-06-17 05:40:27.000', N'Order 105 delivery'),
        (250, N'SUCCESS', N'2023-06-16 14:33:25.000', N'2023-06-16 23:11:39.000', N'Order 105 delivery'),
        (251, N'SUCCESS', N'2022-03-15 03:53:37.000', N'2022-03-16 19:48:00.000', N'Order 106 delivery'),
        (252, N'SUCCESS', N'2022-03-15 06:03:17.000', N'2022-03-17 07:51:21.000', N'Order 106 delivery'),
        (253, N'SUCCESS', N'2022-03-14 19:31:46.000', N'2022-03-15 22:25:06.000', N'Order 106 delivery'),
        (254, N'SUCCESS', N'2022-03-15 03:49:28.000', N'2022-03-16 15:36:49.000', N'Order 106 delivery'),
        (255, N'IN_PROGRESS', N'2023-11-08 19:20:31.000', N'2023-11-09 15:54:39.000', N'Order 107 delivery'),
        (256, N'IN_PROGRESS', N'2023-11-08 08:29:07.000', N'2023-11-10 05:48:42.000', N'Order 107 delivery'),
        (257, N'IN_PROGRESS', N'2023-04-28 06:53:37.000', N'2023-04-28 15:06:21.000', N'Order 108 delivery'),
        (258, N'PENDING', N'2023-04-28 10:17:48.000', N'2023-04-30 05:56:36.000', N'Order 108 delivery'),
        (259, N'PENDING', N'2023-07-10 23:37:37.000', N'2023-07-13 16:34:43.000', N'Order 109 delivery'),
        (260, N'PENDING', N'2023-07-11 11:07:33.000', N'2023-07-11 23:59:00.000', N'Order 109 delivery'),
        (261, N'IN_PROGRESS', N'2023-07-11 00:13:16.000', N'2023-07-11 01:28:55.000', N'Order 109 delivery'),
        (262, N'SUCCESS', N'2023-07-07 13:51:21.000', N'2023-07-10 09:43:57.000', N'Order 110 delivery'),
        (263, N'SUCCESS', N'2022-02-26 07:47:12.000', N'2022-03-01 04:54:06.000', N'Order 111 delivery'),
        (264, N'SUCCESS', N'2023-05-13 00:31:39.000', N'2023-05-14 06:19:25.000', N'Order 112 delivery'),
        (265, N'SUCCESS', N'2023-05-12 22:58:02.000', N'2023-05-13 05:11:45.000', N'Order 112 delivery'),
        (266, N'SUCCESS', N'2023-05-12 20:45:01.000', N'2023-05-15 15:43:44.000', N'Order 112 delivery'),
        (267, N'SUCCESS', N'2023-05-12 14:51:40.000', N'2023-05-12 17:00:51.000', N'Order 112 delivery'),
        (268, N'SUCCESS', N'2023-11-03 15:45:09.000', N'2023-11-06 07:13:44.000', N'Order 113 delivery'),
        (269, N'SUCCESS', N'2023-11-03 14:23:31.000', N'2023-11-04 03:12:40.000', N'Order 113 delivery'),
        (270, N'SUCCESS', N'2023-11-03 16:07:50.000', N'2023-11-06 07:20:54.000', N'Order 113 delivery'),
        (271, N'SUCCESS', N'2023-11-04 04:48:07.000', N'2023-11-05 19:21:23.000', N'Order 113 delivery'),
        (272, N'SUCCESS', N'2023-02-25 02:36:05.000', N'2023-02-26 22:58:58.000', N'Order 114 delivery'),
        (273, N'SUCCESS', N'2023-02-24 14:38:32.000', N'2023-02-26 04:28:24.000', N'Order 114 delivery'),
        (274, N'IN_PROGRESS', N'2022-11-06 03:35:57.000', N'2022-11-07 02:00:51.000', N'Order 115 delivery'),
        (275, N'FAILED', N'2023-03-04 12:49:57.000', N'2023-03-06 19:30:44.000', N'Order 116 delivery'),
        (276, N'FAILED', N'2023-03-04 17:52:31.000', N'2023-03-04 19:19:42.000', N'Order 116 delivery'),
        (277, N'SUCCESS', N'2022-11-09 00:07:03.000', N'2022-11-10 13:08:14.000', N'Order 117 delivery'),
        (278, N'SUCCESS', N'2022-02-27 00:33:13.000', N'2022-02-27 09:01:34.000', N'Order 118 delivery'),
        (279, N'SUCCESS', N'2022-02-26 12:31:09.000', N'2022-02-28 16:15:29.000', N'Order 118 delivery'),
        (280, N'SUCCESS', N'2023-11-21 00:07:23.000', N'2023-11-21 09:06:54.000', N'Order 119 delivery'),
        (281, N'SUCCESS', N'2023-11-20 22:12:29.000', N'2023-11-23 14:48:37.000', N'Order 119 delivery'),
        (282, N'SUCCESS', N'2023-11-21 08:03:40.000', N'2023-11-24 07:50:23.000', N'Order 119 delivery'),
        (283, N'SUCCESS', N'2023-12-20 07:08:32.000', N'2023-12-20 16:47:53.000', N'Order 120 delivery'),
        (284, N'SUCCESS', N'2023-12-20 22:44:37.000', N'2023-12-22 01:40:59.000', N'Order 120 delivery'),
        (285, N'SUCCESS', N'2023-12-20 10:01:37.000', N'2023-12-20 19:52:26.000', N'Order 120 delivery'),
        (286, N'SUCCESS', N'2023-12-21 01:39:03.000', N'2023-12-22 19:19:28.000', N'Order 120 delivery'),
        (287, N'SUCCESS', N'2023-01-30 03:26:27.000', N'2023-02-01 12:02:38.000', N'Order 121 delivery'),
        (288, N'SUCCESS', N'2023-01-29 19:53:20.000', N'2023-01-30 07:30:06.000', N'Order 121 delivery'),
        (289, N'SUCCESS', N'2023-01-29 15:57:56.000', N'2023-02-01 12:36:35.000', N'Order 121 delivery'),
        (290, N'SUCCESS', N'2023-01-29 21:01:54.000', N'2023-01-30 12:22:39.000', N'Order 121 delivery'),
        (291, N'SUCCESS', N'2022-02-03 21:17:38.000', N'2022-02-05 19:46:59.000', N'Order 122 delivery'),
        (292, N'SUCCESS', N'2022-02-03 19:17:23.000', N'2022-02-06 04:35:10.000', N'Order 122 delivery'),
        (293, N'SUCCESS', N'2022-03-31 02:13:10.000', N'2022-04-02 03:12:52.000', N'Order 124 delivery'),
        (294, N'SUCCESS', N'2022-03-31 14:28:06.000', N'2022-04-02 15:38:08.000', N'Order 124 delivery'),
        (295, N'SUCCESS', N'2022-02-21 22:43:06.000', N'2022-02-22 00:27:16.000', N'Order 125 delivery'),
        (296, N'SUCCESS', N'2022-02-21 19:53:41.000', N'2022-02-23 12:22:09.000', N'Order 125 delivery'),
        (297, N'SUCCESS', N'2022-07-22 07:19:00.000', N'2022-07-22 21:17:32.000', N'Order 126 delivery'),
        (298, N'SUCCESS', N'2022-07-22 04:20:42.000', N'2022-07-22 15:33:29.000', N'Order 126 delivery'),
        (299, N'SUCCESS', N'2022-07-22 13:24:18.000', N'2022-07-24 06:19:21.000', N'Order 126 delivery'),
        (300, N'SUCCESS', N'2022-11-18 20:31:33.000', N'2022-11-20 06:49:27.000', N'Order 127 delivery'),
        (301, N'SUCCESS', N'2023-05-15 18:37:21.000', N'2023-05-15 20:56:06.000', N'Order 128 delivery'),
        (302, N'SUCCESS', N'2023-11-13 17:45:29.000', N'2023-11-16 06:04:48.000', N'Order 129 delivery'),
        (303, N'SUCCESS', N'2023-11-13 14:25:20.000', N'2023-11-14 17:09:37.000', N'Order 129 delivery'),
        (304, N'SUCCESS', N'2023-11-14 07:31:51.000', N'2023-11-15 09:41:17.000', N'Order 129 delivery'),
        (305, N'SUCCESS', N'2023-11-14 07:44:13.000', N'2023-11-14 22:02:04.000', N'Order 129 delivery'),
        (306, N'SUCCESS', N'2022-08-29 05:21:19.000', N'2022-08-29 14:27:29.000', N'Order 130 delivery'),
        (307, N'SUCCESS', N'2022-08-28 23:34:46.000', N'2022-08-30 16:24:20.000', N'Order 130 delivery'),
        (308, N'SUCCESS', N'2022-08-29 14:28:44.000', N'2022-08-30 23:05:34.000', N'Order 130 delivery'),
        (309, N'SUCCESS', N'2023-02-26 05:09:24.000', N'2023-02-26 05:25:36.000', N'Order 131 delivery'),
        (310, N'SUCCESS', N'2023-02-26 15:43:31.000', N'2023-02-27 22:57:31.000', N'Order 131 delivery'),
        (311, N'SUCCESS', N'2023-02-26 08:36:13.000', N'2023-02-26 11:08:09.000', N'Order 131 delivery'),
        (312, N'SUCCESS', N'2022-07-08 20:19:16.000', N'2022-07-09 00:04:05.000', N'Order 132 delivery'),
        (313, N'SUCCESS', N'2022-07-08 23:58:50.000', N'2022-07-10 08:01:29.000', N'Order 132 delivery'),
        (314, N'SUCCESS', N'2023-10-25 14:52:27.000', N'2023-10-27 15:17:34.000', N'Order 133 delivery'),
        (315, N'SUCCESS', N'2023-10-25 00:50:01.000', N'2023-10-27 06:52:01.000', N'Order 133 delivery'),
        (316, N'SUCCESS', N'2023-10-25 03:34:54.000', N'2023-10-27 00:54:36.000', N'Order 133 delivery'),
        (317, N'PENDING', N'2022-06-07 17:48:29.000', N'2022-06-09 19:08:52.000', N'Order 134 delivery'),
        (318, N'PENDING', N'2022-06-07 21:15:17.000', N'2022-06-10 16:43:31.000', N'Order 134 delivery'),
        (319, N'IN_PROGRESS', N'2022-06-07 13:23:59.000', N'2022-06-07 15:49:32.000', N'Order 134 delivery'),
        (320, N'SUCCESS', N'2023-09-21 09:50:53.000', N'2023-09-22 09:30:09.000', N'Order 135 delivery'),
        (321, N'SUCCESS', N'2023-09-21 22:58:02.000', N'2023-09-23 04:18:44.000', N'Order 135 delivery'),
        (322, N'SUCCESS', N'2023-09-21 17:47:43.000', N'2023-09-21 22:24:55.000', N'Order 135 delivery'),
        (323, N'FAILED', N'2022-10-03 00:32:10.000', N'2022-10-03 09:23:20.000', N'Order 136 delivery'),
        (324, N'FAILED', N'2022-10-03 16:00:05.000', N'2022-10-03 22:13:10.000', N'Order 136 delivery'),
        (325, N'SUCCESS', N'2022-01-21 09:55:14.000', N'2022-01-22 06:34:03.000', N'Order 137 delivery'),
        (326, N'SUCCESS', N'2022-01-21 15:13:50.000', N'2022-01-24 01:36:52.000', N'Order 137 delivery'),
        (327, N'FAILED', N'2023-12-29 04:23:54.000', N'2023-12-29 07:45:01.000', N'Order 138 delivery'),
        (328, N'FAILED', N'2023-12-29 07:19:17.000', N'2023-12-29 09:05:25.000', N'Order 138 delivery'),
        (329, N'FAILED', N'2023-12-29 11:07:41.000', N'2023-12-31 09:07:36.000', N'Order 138 delivery'),
        (330, N'FAILED', N'2023-12-29 03:53:53.000', N'2023-12-30 02:29:17.000', N'Order 138 delivery'),
        (331, N'SUCCESS', N'2023-08-03 11:39:05.000', N'2023-08-06 07:28:04.000', N'Order 139 delivery'),
        (332, N'SUCCESS', N'2023-08-03 21:18:18.000', N'2023-08-06 13:51:53.000', N'Order 139 delivery'),
        (333, N'SUCCESS', N'2023-08-03 15:45:22.000', N'2023-08-05 12:28:22.000', N'Order 139 delivery'),
        (334, N'SUCCESS', N'2023-08-03 18:25:15.000', N'2023-08-04 13:22:55.000', N'Order 139 delivery'),
        (335, N'SUCCESS', N'2022-03-28 06:43:52.000', N'2022-03-30 00:41:15.000', N'Order 140 delivery'),
        (336, N'SUCCESS', N'2022-03-27 12:36:42.000', N'2022-03-30 11:21:19.000', N'Order 140 delivery'),
        (337, N'SUCCESS', N'2022-03-27 17:06:52.000', N'2022-03-30 11:09:16.000', N'Order 140 delivery'),
        (338, N'SUCCESS', N'2022-04-14 17:43:31.000', N'2022-04-15 01:11:16.000', N'Order 141 delivery'),
        (339, N'SUCCESS', N'2022-04-14 18:56:31.000', N'2022-04-16 04:50:25.000', N'Order 141 delivery'),
        (340, N'SUCCESS', N'2023-12-29 06:03:03.000', N'2023-12-30 20:33:12.000', N'Order 142 delivery'),
        (341, N'SUCCESS', N'2022-05-22 07:18:16.000', N'2022-05-25 04:36:23.000', N'Order 143 delivery'),
        (342, N'SUCCESS', N'2022-05-22 01:10:00.000', N'2022-05-23 02:09:45.000', N'Order 143 delivery'),
        (343, N'SUCCESS', N'2022-05-22 11:51:15.000', N'2022-05-24 09:04:07.000', N'Order 143 delivery'),
        (344, N'SUCCESS', N'2022-05-22 18:17:10.000', N'2022-05-23 13:54:35.000', N'Order 143 delivery'),
        (345, N'SUCCESS', N'2023-08-19 02:43:53.000', N'2023-08-20 12:13:59.000', N'Order 144 delivery'),
        (346, N'SUCCESS', N'2023-08-18 09:07:29.000', N'2023-08-19 00:00:26.000', N'Order 144 delivery'),
        (347, N'SUCCESS', N'2022-06-18 12:41:09.000', N'2022-06-20 20:25:23.000', N'Order 145 delivery'),
        (348, N'SUCCESS', N'2022-06-19 00:22:01.000', N'2022-06-21 14:55:19.000', N'Order 145 delivery'),
        (349, N'SUCCESS', N'2022-06-18 16:48:49.000', N'2022-06-19 10:37:11.000', N'Order 145 delivery'),
        (350, N'SUCCESS', N'2023-10-26 02:11:46.000', N'2023-10-26 08:43:20.000', N'Order 146 delivery'),
        (351, N'SUCCESS', N'2023-10-25 23:16:32.000', N'2023-10-28 20:19:53.000', N'Order 146 delivery'),
        (352, N'SUCCESS', N'2023-10-26 02:38:29.000', N'2023-10-27 02:22:59.000', N'Order 146 delivery'),
        (353, N'SUCCESS', N'2023-10-25 15:21:48.000', N'2023-10-26 02:39:53.000', N'Order 146 delivery'),
        (354, N'IN_PROGRESS', N'2023-10-27 21:08:47.000', N'2023-10-27 22:49:12.000', N'Order 148 delivery'),
        (355, N'IN_PROGRESS', N'2023-10-27 15:14:11.000', N'2023-10-27 21:12:15.000', N'Order 148 delivery'),
        (356, N'SUCCESS', N'2023-06-27 19:24:00.000', N'2023-06-30 02:06:11.000', N'Order 149 delivery'),
        (357, N'SUCCESS', N'2023-06-28 09:24:14.000', N'2023-06-30 13:17:42.000', N'Order 149 delivery'),
        (358, N'SUCCESS', N'2023-06-27 20:57:43.000', N'2023-06-30 10:31:50.000', N'Order 149 delivery'),
        (359, N'SUCCESS', N'2023-06-05 00:56:43.000', N'2023-06-06 08:04:01.000', N'Order 150 delivery'),
        (360, N'SUCCESS', N'2023-06-04 07:57:53.000', N'2023-06-04 15:47:20.000', N'Order 150 delivery'),
        (361, N'SUCCESS', N'2023-06-04 12:58:15.000', N'2023-06-07 05:00:14.000', N'Order 150 delivery'),
        (362, N'SUCCESS', N'2022-09-09 00:32:50.000', N'2022-09-11 12:30:03.000', N'Order 151 delivery'),
        (363, N'SUCCESS', N'2022-09-09 09:57:05.000', N'2022-09-09 22:28:03.000', N'Order 151 delivery'),
        (364, N'SUCCESS', N'2022-09-09 07:52:03.000', N'2022-09-11 20:14:35.000', N'Order 151 delivery'),
        (365, N'SUCCESS', N'2022-09-09 20:05:01.000', N'2022-09-12 04:01:30.000', N'Order 151 delivery'),
        (366, N'SUCCESS', N'2022-02-02 21:51:25.000', N'2022-02-05 06:09:36.000', N'Order 152 delivery'),
        (367, N'SUCCESS', N'2022-02-02 18:22:01.000', N'2022-02-02 19:41:50.000', N'Order 152 delivery'),
        (368, N'SUCCESS', N'2022-10-12 18:42:56.000', N'2022-10-15 08:24:49.000', N'Order 154 delivery'),
        (369, N'SUCCESS', N'2022-10-12 04:29:05.000', N'2022-10-14 11:41:12.000', N'Order 154 delivery'),
        (370, N'SUCCESS', N'2022-10-12 15:23:33.000', N'2022-10-13 20:18:33.000', N'Order 154 delivery'),
        (371, N'FAILED', N'2023-01-29 13:11:34.000', N'2023-02-01 05:02:19.000', N'Order 155 delivery'),
        (372, N'FAILED', N'2023-01-30 06:46:15.000', N'2023-01-30 15:42:14.000', N'Order 155 delivery'),
        (373, N'FAILED', N'2023-01-30 00:55:01.000', N'2023-02-01 20:16:54.000', N'Order 155 delivery'),
        (374, N'SUCCESS', N'2023-03-20 20:30:12.000', N'2023-03-23 19:47:07.000', N'Order 156 delivery'),
        (375, N'SUCCESS', N'2023-03-20 11:23:02.000', N'2023-03-23 01:28:59.000', N'Order 156 delivery'),
        (376, N'SUCCESS', N'2023-03-20 23:12:04.000', N'2023-03-22 21:05:44.000', N'Order 156 delivery'),
        (377, N'SUCCESS', N'2022-05-03 14:48:55.000', N'2022-05-05 17:05:02.000', N'Order 157 delivery'),
        (378, N'SUCCESS', N'2023-11-14 19:46:52.000', N'2023-11-16 14:54:53.000', N'Order 158 delivery'),
        (379, N'SUCCESS', N'2023-11-14 04:14:37.000', N'2023-11-16 16:29:31.000', N'Order 158 delivery'),
        (380, N'SUCCESS', N'2023-08-09 17:27:52.000', N'2023-08-10 15:27:08.000', N'Order 159 delivery'),
        (381, N'SUCCESS', N'2023-08-09 15:33:13.000', N'2023-08-12 10:45:21.000', N'Order 159 delivery'),
        (382, N'SUCCESS', N'2024-01-01 05:29:52.000', N'2024-01-03 17:45:30.000', N'Order 160 delivery'),
        (383, N'SUCCESS', N'2022-10-05 06:41:52.000', N'2022-10-06 11:55:32.000', N'Order 161 delivery'),
        (384, N'SUCCESS', N'2022-10-04 18:58:42.000', N'2022-10-05 12:14:33.000', N'Order 161 delivery'),
        (385, N'SUCCESS', N'2022-09-27 17:42:13.000', N'2022-09-30 04:07:57.000', N'Order 162 delivery'),
        (386, N'SUCCESS', N'2022-09-27 16:37:17.000', N'2022-09-28 09:00:39.000', N'Order 162 delivery'),
        (387, N'SUCCESS', N'2022-03-13 01:47:22.000', N'2022-03-14 20:34:04.000', N'Order 163 delivery'),
        (388, N'SUCCESS', N'2022-03-13 10:08:43.000', N'2022-03-14 07:37:23.000', N'Order 163 delivery'),
        (389, N'SUCCESS', N'2022-03-13 08:24:26.000', N'2022-03-15 00:07:24.000', N'Order 163 delivery'),
        (390, N'SUCCESS', N'2022-11-30 09:09:23.000', N'2022-12-02 21:47:39.000', N'Order 164 delivery'),
        (391, N'SUCCESS', N'2022-11-30 08:17:17.000', N'2022-12-02 20:56:35.000', N'Order 164 delivery'),
        (392, N'SUCCESS', N'2022-11-30 18:51:36.000', N'2022-12-03 08:14:13.000', N'Order 164 delivery'),
        (393, N'SUCCESS', N'2023-10-23 16:08:09.000', N'2023-10-23 17:10:07.000', N'Order 165 delivery'),
        (394, N'SUCCESS', N'2023-10-24 06:38:36.000', N'2023-10-26 09:59:56.000', N'Order 165 delivery'),
        (395, N'SUCCESS', N'2023-10-24 10:39:29.000', N'2023-10-26 01:24:22.000', N'Order 165 delivery'),
        (396, N'SUCCESS', N'2022-03-03 14:09:10.000', N'2022-03-05 11:00:42.000', N'Order 166 delivery'),
        (397, N'SUCCESS', N'2022-03-04 05:39:48.000', N'2022-03-05 10:54:25.000', N'Order 166 delivery'),
        (398, N'SUCCESS', N'2022-03-03 13:29:02.000', N'2022-03-05 01:38:21.000', N'Order 166 delivery'),
        (399, N'SUCCESS', N'2022-11-22 06:23:35.000', N'2022-11-22 22:28:36.000', N'Order 167 delivery'),
        (400, N'SUCCESS', N'2022-11-21 10:24:00.000', N'2022-11-22 12:05:12.000', N'Order 167 delivery'),
        (401, N'SUCCESS', N'2022-11-22 03:06:33.000', N'2022-11-24 16:02:27.000', N'Order 167 delivery'),
        (402, N'SUCCESS', N'2022-11-21 18:26:57.000', N'2022-11-23 16:11:37.000', N'Order 167 delivery'),
        (403, N'SUCCESS', N'2022-12-27 00:27:47.000', N'2022-12-29 21:02:07.000', N'Order 168 delivery'),
        (404, N'SUCCESS', N'2022-12-26 13:46:13.000', N'2022-12-26 21:56:23.000', N'Order 168 delivery'),
        (405, N'SUCCESS', N'2022-12-26 15:59:53.000', N'2022-12-28 22:39:51.000', N'Order 168 delivery'),
        (406, N'IN_PROGRESS', N'2022-09-04 02:55:10.000', N'2022-09-06 10:40:09.000', N'Order 169 delivery'),
        (407, N'IN_PROGRESS', N'2022-09-03 23:36:10.000', N'2022-09-05 21:27:28.000', N'Order 169 delivery'),
        (408, N'IN_PROGRESS', N'2022-09-03 15:13:35.000', N'2022-09-05 14:35:07.000', N'Order 169 delivery'),
        (409, N'SUCCESS', N'2022-07-12 21:28:02.000', N'2022-07-13 04:09:31.000', N'Order 170 delivery'),
        (410, N'SUCCESS', N'2022-07-12 14:25:59.000', N'2022-07-14 17:11:27.000', N'Order 170 delivery'),
        (411, N'SUCCESS', N'2022-07-13 02:07:34.000', N'2022-07-13 04:58:13.000', N'Order 170 delivery'),
        (412, N'SUCCESS', N'2022-01-01 17:56:56.000', N'2022-01-03 21:47:30.000', N'Order 171 delivery'),
        (413, N'SUCCESS', N'2022-01-01 10:07:44.000', N'2022-01-03 11:24:28.000', N'Order 171 delivery'),
        (414, N'SUCCESS', N'2022-01-01 10:14:05.000', N'2022-01-02 19:17:26.000', N'Order 171 delivery'),
        (415, N'SUCCESS', N'2022-01-01 18:31:46.000', N'2022-01-04 00:07:41.000', N'Order 171 delivery');
SET IDENTITY_INSERT bbpet.dbo.Delivery OFF;



SET IDENTITY_INSERT bbpet.dbo.Shipping ON;
insert into dbo.Shipping (id, deliveryId, status, startTime, endTime, fromAddress, toAddress, provider, trackingCode)
values  (1, 1, N'DELIVERED', N'2023-07-18 06:13:02.000', N'2023-07-19 23:35:52.000', N'123 Goldenwest St, Westminster, CA 92683', N'123 Main St, Los Angeles, CA 90001', N'USPS', N'USPS-0000000001'),
        (2, 2, N'DELIVERED', N'2023-12-03 12:00:51.000', N'2023-12-03 18:09:49.000', N'123 Goldenwest St, Westminster, CA 92683', N'123 Main St, Los Angeles, CA 90001', N'USPS', N'USPS-0000000002'),
        (3, 4, N'DELIVERED', N'2022-01-17 12:52:50.000', N'2022-01-17 13:55:24.000', N'123 Goldenwest St, Westminster, CA 92683', N'123 Main St, Los Angeles, CA 90001', N'USPS', N'USPS-0000000003'),
        (4, 8, N'DELIVERED', N'2023-11-01 13:24:24.000', N'2023-11-02 23:52:57.000', N'123 Goldenwest St, Westminster, CA 92683', N'123 Main St, Los Angeles, CA 90001', N'USPS', N'USPS-0000000004'),
        (5, 12, N'DELIVERED', N'2022-11-24 07:57:35.000', N'2022-11-24 22:33:57.000', N'123 Goldenwest St, Westminster, CA 92683', N'123 Main St, Los Angeles, CA 90001', N'USPS', N'USPS-0000000005'),
        (6, 14, N'DELIVERED', N'2022-07-08 18:47:46.000', N'2022-07-11 15:21:46.000', N'123 Goldenwest St, Westminster, CA 92683', N'123 Main St, Los Angeles, CA 90001', N'USPS', N'USPS-0000000006'),
        (7, 16, N'DELIVERED', N'2022-09-06 23:07:02.000', N'2022-09-08 22:31:09.000', N'123 Goldenwest St, Westminster, CA 92683', N'123 Main St, Los Angeles, CA 90001', N'USPS', N'USPS-0000000007'),
        (8, 18, N'DELIVERED', N'2022-01-22 00:27:06.000', N'2022-01-22 18:47:06.000', N'123 Goldenwest St, Westminster, CA 92683', N'123 Main St, Los Angeles, CA 90001', N'USPS', N'USPS-0000000008'),
        (9, 20, N'DELIVERED', N'2022-08-04 22:59:35.000', N'2022-08-07 20:47:46.000', N'123 Goldenwest St, Westminster, CA 92683', N'123 Main St, Los Angeles, CA 90001', N'USPS', N'USPS-0000000009'),
        (10, 23, N'DELIVERED', N'2023-09-24 20:33:50.000', N'2023-09-27 06:40:46.000', N'123 Goldenwest St, Westminster, CA 92683', N'123 Main St, Los Angeles, CA 90001', N'USPS', N'USPS-0000000010'),
        (11, 26, N'DELIVERED', N'2022-04-25 08:31:12.000', N'2022-04-28 03:11:21.000', N'123 Goldenwest St, Westminster, CA 92683', N'123 Main St, Los Angeles, CA 90001', N'USPS', N'USPS-0000000011'),
        (12, 28, N'SHIPPED', N'2022-01-21 09:28:35.000', N'2022-01-23 16:27:50.000', N'123 Goldenwest St, Westminster, CA 92683', N'123 Main St, Los Angeles, CA 90001', N'USPS', N'USPS-0000000012'),
        (13, 31, N'DELIVERED', N'2022-11-22 01:01:05.000', N'2022-11-22 20:16:45.000', N'123 Goldenwest St, Westminster, CA 92683', N'123 Main St, Los Angeles, CA 90001', N'USPS', N'USPS-0000000013'),
        (14, 34, N'DELIVERED', N'2023-05-09 10:22:58.000', N'2023-05-12 07:33:16.000', N'123 Goldenwest St, Westminster, CA 92683', N'123 Main St, Los Angeles, CA 90001', N'USPS', N'USPS-0000000014'),
        (15, 36, N'CANCELED', N'2022-04-10 00:17:50.000', N'2022-04-12 16:39:00.000', N'123 Goldenwest St, Westminster, CA 92683', N'In-store, 123 Goldenwest St, CA 92683', N'USPS', N'USPS-0000000016'),
        (16, 39, N'PENDING', N'2022-02-13 23:10:45.000', N'2022-02-14 06:40:07.000', N'123 Goldenwest St, Westminster, CA 92683', N'In-store, 123 Goldenwest St, CA 92683', N'USPS', N'USPS-0000000017'),
        (17, 43, N'DELIVERED', N'2023-12-23 02:37:14.000', N'2023-12-25 15:02:31.000', N'123 Goldenwest St, Westminster, CA 92683', N'In-store, 123 Goldenwest St, CA 92683', N'USPS', N'USPS-0000000018'),
        (18, 47, N'DELIVERED', N'2023-02-11 02:59:17.000', N'2023-02-11 04:43:13.000', N'123 Goldenwest St, Westminster, CA 92683', N'In-store, 123 Goldenwest St, CA 92683', N'USPS', N'USPS-0000000019'),
        (19, 48, N'DELIVERED', N'2023-10-31 19:22:27.000', N'2023-11-03 10:27:18.000', N'123 Goldenwest St, Westminster, CA 92683', N'In-store, 123 Goldenwest St, CA 92683', N'USPS', N'USPS-0000000020'),
        (20, 50, N'CANCELED', N'2023-06-10 06:32:09.000', N'2023-06-12 17:50:43.000', N'123 Goldenwest St, Westminster, CA 92683', N'789 Pine St, Phoenix, AZ 85001', N'USPS', N'USPS-0000000021'),
        (21, 53, N'DELIVERED', N'2022-12-25 10:37:06.000', N'2022-12-25 22:28:59.000', N'123 Goldenwest St, Westminster, CA 92683', N'789 Pine St, Phoenix, AZ 85001', N'USPS', N'USPS-0000000022'),
        (22, 55, N'DELIVERED', N'2022-04-23 18:01:13.000', N'2022-04-26 02:12:59.000', N'123 Goldenwest St, Westminster, CA 92683', N'789 Pine St, Phoenix, AZ 85001', N'USPS', N'USPS-0000000023'),
        (23, 58, N'DELIVERED', N'2023-07-12 12:59:56.000', N'2023-07-12 21:42:31.000', N'123 Goldenwest St, Westminster, CA 92683', N'789 Pine St, Phoenix, AZ 85001', N'USPS', N'USPS-0000000025'),
        (24, 62, N'DELIVERED', N'2022-05-07 16:06:09.000', N'2022-05-08 00:07:19.000', N'123 Goldenwest St, Westminster, CA 92683', N'789 Pine St, Phoenix, AZ 85001', N'USPS', N'USPS-0000000026'),
        (25, 63, N'DELIVERED', N'2022-02-07 21:18:22.000', N'2022-02-10 07:10:37.000', N'123 Goldenwest St, Westminster, CA 92683', N'789 Pine St, Phoenix, AZ 85001', N'USPS', N'USPS-0000000027'),
        (26, 65, N'DELIVERED', N'2023-07-18 12:40:13.000', N'2023-07-19 02:34:07.000', N'123 Goldenwest St, Westminster, CA 92683', N'321 Elm St, Las Vegas, NV 89101', N'USPS', N'USPS-0000000028'),
        (27, 68, N'CANCELED', N'2022-02-04 15:24:46.000', N'2022-02-06 14:49:45.000', N'123 Goldenwest St, Westminster, CA 92683', N'321 Elm St, Las Vegas, NV 89101', N'USPS', N'USPS-0000000030'),
        (28, 70, N'DELIVERED', N'2023-06-14 05:51:27.000', N'2023-06-16 00:50:36.000', N'123 Goldenwest St, Westminster, CA 92683', N'321 Elm St, Las Vegas, NV 89101', N'USPS', N'USPS-0000000031'),
        (29, 71, N'DELIVERED', N'2023-10-29 10:47:35.000', N'2023-10-31 22:34:34.000', N'123 Goldenwest St, Westminster, CA 92683', N'321 Elm St, Las Vegas, NV 89101', N'USPS', N'USPS-0000000032'),
        (30, 73, N'DELIVERED', N'2023-03-13 21:09:16.000', N'2023-03-15 10:11:05.000', N'123 Goldenwest St, Westminster, CA 92683', N'321 Elm St, Las Vegas, NV 89101', N'USPS', N'USPS-0000000034'),
        (31, 76, N'DELIVERED', N'2022-04-21 11:28:38.000', N'2022-04-22 16:27:51.000', N'123 Goldenwest St, Westminster, CA 92683', N'654 Maple St, San Diego, CA 92101', N'USPS', N'USPS-0000000035'),
        (32, 79, N'PENDING', N'2022-02-20 10:00:19.000', N'2022-02-20 20:13:48.000', N'123 Goldenwest St, Westminster, CA 92683', N'654 Maple St, San Diego, CA 92101', N'USPS', N'USPS-0000000036'),
        (33, 83, N'CANCELED', N'2023-04-04 02:17:36.000', N'2023-04-04 21:23:09.000', N'123 Goldenwest St, Westminster, CA 92683', N'654 Maple St, San Diego, CA 92101', N'USPS', N'USPS-0000000037'),
        (34, 86, N'DELIVERED', N'2022-04-19 14:32:56.000', N'2022-04-22 00:56:54.000', N'123 Goldenwest St, Westminster, CA 92683', N'654 Maple St, San Diego, CA 92101', N'USPS', N'USPS-0000000038'),
        (35, 89, N'PENDING', N'2023-11-10 01:46:21.000', N'2023-11-12 16:30:24.000', N'123 Goldenwest St, Westminster, CA 92683', N'654 Maple St, San Diego, CA 92101', N'USPS', N'USPS-0000000039'),
        (36, 92, N'DELIVERED', N'2023-04-02 10:30:20.000', N'2023-04-03 06:42:50.000', N'123 Goldenwest St, Westminster, CA 92683', N'654 Maple St, San Diego, CA 92101', N'USPS', N'USPS-0000000040'),
        (37, 95, N'DELIVERED', N'2022-05-12 03:17:02.000', N'2022-05-14 05:42:20.000', N'123 Goldenwest St, Westminster, CA 92683', N'654 Maple St, San Diego, CA 92101', N'USPS', N'USPS-0000000041'),
        (38, 98, N'DELIVERED', N'2022-09-10 15:05:34.000', N'2022-09-11 06:07:42.000', N'123 Goldenwest St, Westminster, CA 92683', N'654 Maple St, San Diego, CA 92101', N'USPS', N'USPS-0000000042'),
        (39, 99, N'DELIVERED', N'2023-07-02 16:20:21.000', N'2023-07-03 14:40:34.000', N'123 Goldenwest St, Westminster, CA 92683', N'987 Birch St, Seattle, WA 98101', N'USPS', N'USPS-0000000044'),
        (40, 102, N'DELIVERED', N'2023-09-06 20:37:48.000', N'2023-09-09 20:15:56.000', N'123 Goldenwest St, Westminster, CA 92683', N'987 Birch St, Seattle, WA 98101', N'USPS', N'USPS-0000000045'),
        (41, 104, N'DELIVERED', N'2022-12-20 14:08:08.000', N'2022-12-20 21:06:33.000', N'123 Goldenwest St, Westminster, CA 92683', N'987 Birch St, Seattle, WA 98101', N'USPS', N'USPS-0000000046'),
        (42, 106, N'DELIVERED', N'2022-07-07 00:41:35.000', N'2022-07-08 03:48:21.000', N'123 Goldenwest St, Westminster, CA 92683', N'987 Birch St, Seattle, WA 98101', N'USPS', N'USPS-0000000047'),
        (43, 107, N'DELIVERED', N'2022-07-14 22:00:55.000', N'2022-07-15 01:01:25.000', N'123 Goldenwest St, Westminster, CA 92683', N'987 Birch St, Seattle, WA 98101', N'USPS', N'USPS-0000000048'),
        (44, 109, N'DELIVERED', N'2023-03-27 07:11:51.000', N'2023-03-29 09:02:02.000', N'123 Goldenwest St, Westminster, CA 92683', N'987 Birch St, Seattle, WA 98101', N'USPS', N'USPS-0000000049'),
        (45, 112, N'DELIVERED', N'2022-08-25 07:24:09.000', N'2022-08-28 05:52:07.000', N'123 Goldenwest St, Westminster, CA 92683', N'987 Birch St, Seattle, WA 98101', N'USPS', N'USPS-0000000050'),
        (46, 114, N'PENDING', N'2022-02-14 21:12:43.000', N'2022-02-16 09:12:14.000', N'123 Goldenwest St, Westminster, CA 92683', N'987 Birch St, Seattle, WA 98101', N'USPS', N'USPS-0000000051'),
        (47, 116, N'DELIVERED', N'2022-01-30 14:41:03.000', N'2022-02-02 08:08:01.000', N'123 Goldenwest St, Westminster, CA 92683', N'In-store, 123 Goldenwest St, CA 92683', N'USPS', N'USPS-0000000052'),
        (48, 119, N'DELIVERED', N'2023-09-18 00:13:44.000', N'2023-09-18 05:29:47.000', N'123 Goldenwest St, Westminster, CA 92683', N'In-store, 123 Goldenwest St, CA 92683', N'USPS', N'USPS-0000000053'),
        (49, 123, N'DELIVERED', N'2022-09-04 12:24:26.000', N'2022-09-06 12:04:33.000', N'123 Goldenwest St, Westminster, CA 92683', N'In-store, 123 Goldenwest St, CA 92683', N'USPS', N'USPS-0000000054'),
        (50, 126, N'DELIVERED', N'2023-02-19 01:36:47.000', N'2023-02-19 03:17:26.000', N'123 Goldenwest St, Westminster, CA 92683', N'In-store, 123 Goldenwest St, CA 92683', N'USPS', N'USPS-0000000055'),
        (51, 129, N'DELIVERED', N'2023-10-13 08:45:44.000', N'2023-10-13 12:13:19.000', N'123 Goldenwest St, Westminster, CA 92683', N'In-store, 123 Goldenwest St, CA 92683', N'USPS', N'USPS-0000000056'),
        (52, 131, N'DELIVERED', N'2023-06-21 20:41:37.000', N'2023-06-22 00:39:13.000', N'123 Goldenwest St, Westminster, CA 92683', N'246 Cherry St, Eugene, OR 97401', N'USPS', N'USPS-0000000057'),
        (53, 134, N'DELIVERED', N'2022-04-06 11:00:02.000', N'2022-04-06 16:49:59.000', N'123 Goldenwest St, Westminster, CA 92683', N'246 Cherry St, Eugene, OR 97401', N'USPS', N'USPS-0000000058'),
        (54, 136, N'DELIVERED', N'2022-08-27 18:58:11.000', N'2022-08-29 11:29:56.000', N'123 Goldenwest St, Westminster, CA 92683', N'864 Walnut St, Tucson, AZ 85701', N'USPS', N'USPS-0000000059'),
        (55, 140, N'CANCELED', N'2023-06-10 19:07:24.000', N'2023-06-13 03:25:42.000', N'123 Goldenwest St, Westminster, CA 92683', N'864 Walnut St, Tucson, AZ 85701', N'USPS', N'USPS-0000000060'),
        (56, 143, N'PENDING', N'2023-02-09 08:33:22.000', N'2023-02-10 06:55:10.000', N'123 Goldenwest St, Westminster, CA 92683', N'864 Walnut St, Tucson, AZ 85701', N'USPS', N'USPS-0000000061'),
        (57, 144, N'DELIVERED', N'2023-05-15 20:02:43.000', N'2023-05-16 21:56:10.000', N'123 Goldenwest St, Westminster, CA 92683', N'864 Walnut St, Tucson, AZ 85701', N'USPS', N'USPS-0000000062'),
        (58, 145, N'DELIVERED', N'2023-03-08 10:45:06.000', N'2023-03-10 06:02:36.000', N'123 Goldenwest St, Westminster, CA 92683', N'864 Walnut St, Tucson, AZ 85701', N'USPS', N'USPS-0000000063'),
        (59, 148, N'DELIVERED', N'2022-10-18 08:20:01.000', N'2022-10-21 05:37:46.000', N'123 Goldenwest St, Westminster, CA 92683', N'864 Walnut St, Tucson, AZ 85701', N'USPS', N'USPS-0000000064'),
        (60, 151, N'DELIVERED', N'2023-09-25 12:44:06.000', N'2023-09-26 01:31:23.000', N'123 Goldenwest St, Westminster, CA 92683', N'864 Walnut St, Tucson, AZ 85701', N'USPS', N'USPS-0000000065'),
        (61, 152, N'DELIVERED', N'2023-11-22 13:42:16.000', N'2023-11-24 05:53:08.000', N'123 Goldenwest St, Westminster, CA 92683', N'864 Walnut St, Tucson, AZ 85701', N'USPS', N'USPS-0000000066'),
        (62, 154, N'DELIVERED', N'2022-08-21 08:10:58.000', N'2022-08-22 15:56:44.000', N'123 Goldenwest St, Westminster, CA 92683', N'864 Walnut St, Tucson, AZ 85701', N'USPS', N'USPS-0000000067'),
        (63, 158, N'DELIVERED', N'2023-05-23 03:55:55.000', N'2023-05-23 19:17:52.000', N'123 Goldenwest St, Westminster, CA 92683', N'864 Walnut St, Tucson, AZ 85701', N'USPS', N'USPS-0000000068'),
        (64, 159, N'DELIVERED', N'2022-06-26 05:38:27.000', N'2022-06-28 04:30:26.000', N'123 Goldenwest St, Westminster, CA 92683', N'864 Walnut St, Tucson, AZ 85701', N'USPS', N'USPS-0000000069'),
        (65, 161, N'DELIVERED', N'2022-03-15 11:16:39.000', N'2022-03-16 05:06:31.000', N'123 Goldenwest St, Westminster, CA 92683', N'864 Walnut St, Tucson, AZ 85701', N'USPS', N'USPS-0000000070'),
        (66, 163, N'DELIVERED', N'2022-05-10 05:29:10.000', N'2022-05-11 22:35:19.000', N'123 Goldenwest St, Westminster, CA 92683', N'864 Walnut St, Tucson, AZ 85701', N'USPS', N'USPS-0000000072'),
        (67, 167, N'DELIVERED', N'2022-08-02 21:38:08.000', N'2022-08-04 13:32:12.000', N'123 Goldenwest St, Westminster, CA 92683', N'864 Walnut St, Tucson, AZ 85701', N'USPS', N'USPS-0000000073'),
        (68, 170, N'DELIVERED', N'2022-01-03 18:04:40.000', N'2022-01-05 04:28:16.000', N'123 Goldenwest St, Westminster, CA 92683', N'In-store, 123 Goldenwest St, CA 92683', N'USPS', N'USPS-0000000074'),
        (69, 174, N'SHIPPED', N'2023-06-09 11:55:29.000', N'2023-06-10 15:01:48.000', N'123 Goldenwest St, Westminster, CA 92683', N'In-store, 123 Goldenwest St, CA 92683', N'USPS', N'USPS-0000000075'),
        (70, 178, N'DELIVERED', N'2022-06-23 14:10:40.000', N'2022-06-24 16:10:34.000', N'123 Goldenwest St, Westminster, CA 92683', N'In-store, 123 Goldenwest St, CA 92683', N'USPS', N'USPS-0000000076'),
        (71, 182, N'SHIPPED', N'2022-04-19 12:26:22.000', N'2022-04-19 14:49:48.000', N'123 Goldenwest St, Westminster, CA 92683', N'In-store, 123 Goldenwest St, CA 92683', N'USPS', N'USPS-0000000077'),
        (72, 184, N'DELIVERED', N'2022-02-05 23:08:06.000', N'2022-02-07 14:03:23.000', N'123 Goldenwest St, Westminster, CA 92683', N'In-store, 123 Goldenwest St, CA 92683', N'USPS', N'USPS-0000000078'),
        (73, 186, N'DELIVERED', N'2023-02-04 04:41:17.000', N'2023-02-06 17:09:48.000', N'123 Goldenwest St, Westminster, CA 92683', N'In-store, 123 Goldenwest St, CA 92683', N'USPS', N'USPS-0000000079'),
        (74, 190, N'SHIPPED', N'2022-06-15 18:47:23.000', N'2022-06-18 08:01:10.000', N'123 Goldenwest St, Westminster, CA 92683', N'In-store, 123 Goldenwest St, CA 92683', N'USPS', N'USPS-0000000080'),
        (75, 191, N'CANCELED', N'2024-01-01 10:26:19.000', N'2024-01-03 18:40:09.000', N'123 Goldenwest St, Westminster, CA 92683', N'In-store, 123 Goldenwest St, CA 92683', N'USPS', N'USPS-0000000081'),
        (76, 195, N'CANCELED', N'2022-05-27 15:53:24.000', N'2022-05-28 04:33:05.000', N'123 Goldenwest St, Westminster, CA 92683', N'123 Main St, Sacramento, CA 94203', N'USPS', N'USPS-0000000082'),
        (77, 199, N'DELIVERED', N'2023-10-04 15:44:34.000', N'2023-10-05 21:14:03.000', N'123 Goldenwest St, Westminster, CA 92683', N'123 Main St, Sacramento, CA 94203', N'USPS', N'USPS-0000000083'),
        (78, 202, N'DELIVERED', N'2023-08-20 02:23:26.000', N'2023-08-20 20:17:58.000', N'123 Goldenwest St, Westminster, CA 92683', N'123 Main St, Sacramento, CA 94203', N'USPS', N'USPS-0000000084'),
        (79, 205, N'DELIVERED', N'2022-12-18 07:08:54.000', N'2022-12-19 08:18:52.000', N'123 Goldenwest St, Westminster, CA 92683', N'123 Main St, Sacramento, CA 94203', N'USPS', N'USPS-0000000085'),
        (80, 207, N'CANCELED', N'2022-05-20 08:48:21.000', N'2022-05-22 19:55:44.000', N'123 Goldenwest St, Westminster, CA 92683', N'123 Main St, Sacramento, CA 94203', N'USPS', N'USPS-0000000087'),
        (81, 209, N'DELIVERED', N'2022-04-19 17:38:30.000', N'2022-04-21 14:39:47.000', N'123 Goldenwest St, Westminster, CA 92683', N'123 Main St, Sacramento, CA 94203', N'USPS', N'USPS-0000000088'),
        (82, 211, N'DELIVERED', N'2023-06-10 03:22:37.000', N'2023-06-10 09:00:54.000', N'123 Goldenwest St, Westminster, CA 92683', N'123 Main St, Sacramento, CA 94203', N'USPS', N'USPS-0000000089'),
        (83, 215, N'DELIVERED', N'2023-08-08 23:16:59.000', N'2023-08-09 22:19:15.000', N'123 Goldenwest St, Westminster, CA 92683', N'123 Main St, Sacramento, CA 94203', N'USPS', N'USPS-0000000090'),
        (84, 216, N'DELIVERED', N'2022-09-26 14:16:05.000', N'2022-09-27 05:30:11.000', N'123 Goldenwest St, Westminster, CA 92683', N'123 Main St, Sacramento, CA 94203', N'USPS', N'USPS-0000000091'),
        (85, 218, N'PENDING', N'2023-07-28 03:35:50.000', N'2023-07-30 17:35:44.000', N'123 Goldenwest St, Westminster, CA 92683', N'123 Main St, Sacramento, CA 94203', N'USPS', N'USPS-0000000092'),
        (86, 220, N'DELIVERED', N'2023-04-03 08:05:20.000', N'2023-04-04 04:17:28.000', N'123 Goldenwest St, Westminster, CA 92683', N'123 Main St, Sacramento, CA 94203', N'USPS', N'USPS-0000000093'),
        (87, 223, N'DELIVERED', N'2023-06-22 08:24:02.000', N'2023-06-24 05:34:05.000', N'123 Goldenwest St, Westminster, CA 92683', N'123 Main St, Sacramento, CA 94203', N'USPS', N'USPS-0000000094'),
        (88, 225, N'PENDING', N'2022-11-30 19:37:00.000', N'2022-11-30 21:43:44.000', N'123 Goldenwest St, Westminster, CA 92683', N'In-store, 123 Goldenwest St, CA 92683', N'USPS', N'USPS-0000000095'),
        (89, 228, N'DELIVERED', N'2023-11-19 03:38:11.000', N'2023-11-19 06:50:41.000', N'123 Goldenwest St, Westminster, CA 92683', N'In-store, 123 Goldenwest St, CA 92683', N'USPS', N'USPS-0000000096'),
        (90, 229, N'DELIVERED', N'2023-05-03 05:55:29.000', N'2023-05-04 07:58:57.000', N'123 Goldenwest St, Westminster, CA 92683', N'In-store, 123 Goldenwest St, CA 92683', N'USPS', N'USPS-0000000097'),
        (91, 230, N'CANCELED', N'2022-02-26 06:25:00.000', N'2022-02-26 11:07:18.000', N'123 Goldenwest St, Westminster, CA 92683', N'In-store, 123 Goldenwest St, CA 92683', N'USPS', N'USPS-0000000098'),
        (92, 232, N'CANCELED', N'2022-04-16 09:50:31.000', N'2022-04-18 06:39:45.000', N'123 Goldenwest St, Westminster, CA 92683', N'In-store, 123 Goldenwest St, CA 92683', N'USPS', N'USPS-0000000099'),
        (93, 235, N'DELIVERED', N'2022-12-19 05:03:47.000', N'2022-12-19 05:36:24.000', N'123 Goldenwest St, Westminster, CA 92683', N'In-store, 123 Goldenwest St, CA 92683', N'USPS', N'USPS-0000000100'),
        (94, 236, N'CANCELED', N'2023-10-26 18:01:46.000', N'2023-10-27 02:17:18.000', N'123 Goldenwest St, Westminster, CA 92683', N'In-store, 123 Goldenwest St, CA 92683', N'USPS', N'USPS-0000000101'),
        (95, 239, N'DELIVERED', N'2022-07-03 16:48:35.000', N'2022-07-05 03:50:14.000', N'123 Goldenwest St, Westminster, CA 92683', N'In-store, 123 Goldenwest St, CA 92683', N'USPS', N'USPS-0000000102'),
        (96, 242, N'DELIVERED', N'2022-05-02 21:50:03.000', N'2022-05-04 08:00:10.000', N'123 Goldenwest St, Westminster, CA 92683', N'In-store, 123 Goldenwest St, CA 92683', N'USPS', N'USPS-0000000103'),
        (97, 245, N'DELIVERED', N'2023-01-16 06:28:30.000', N'2023-01-17 15:28:47.000', N'123 Goldenwest St, Westminster, CA 92683', N'In-store, 123 Goldenwest St, CA 92683', N'USPS', N'USPS-0000000104'),
        (98, 249, N'DELIVERED', N'2023-06-17 00:21:41.000', N'2023-06-17 05:40:27.000', N'123 Goldenwest St, Westminster, CA 92683', N'In-store, 123 Goldenwest St, CA 92683', N'USPS', N'USPS-0000000105'),
        (99, 251, N'DELIVERED', N'2022-03-15 03:53:37.000', N'2022-03-16 19:48:00.000', N'123 Goldenwest St, Westminster, CA 92683', N'In-store, 123 Goldenwest St, CA 92683', N'USPS', N'USPS-0000000106'),
        (100, 255, N'SHIPPED', N'2023-11-08 19:20:31.000', N'2023-11-09 15:54:39.000', N'123 Goldenwest St, Westminster, CA 92683', N'In-store, 123 Goldenwest St, CA 92683', N'USPS', N'USPS-0000000107'),
        (101, 257, N'SHIPPED', N'2023-04-28 06:53:37.000', N'2023-04-28 15:06:21.000', N'123 Goldenwest St, Westminster, CA 92683', N'In-store, 123 Goldenwest St, CA 92683', N'USPS', N'USPS-0000000108'),
        (102, 259, N'PENDING', N'2023-07-10 23:37:37.000', N'2023-07-13 16:34:43.000', N'123 Goldenwest St, Westminster, CA 92683', N'In-store, 123 Goldenwest St, CA 92683', N'USPS', N'USPS-0000000109'),
        (103, 262, N'DELIVERED', N'2023-07-07 13:51:21.000', N'2023-07-10 09:43:57.000', N'123 Goldenwest St, Westminster, CA 92683', N'In-store, 123 Goldenwest St, CA 92683', N'USPS', N'USPS-0000000110'),
        (104, 263, N'DELIVERED', N'2022-02-26 07:47:12.000', N'2022-03-01 04:54:06.000', N'123 Goldenwest St, Westminster, CA 92683', N'In-store, 123 Goldenwest St, CA 92683', N'USPS', N'USPS-0000000111'),
        (105, 264, N'DELIVERED', N'2023-05-13 00:31:39.000', N'2023-05-14 06:19:25.000', N'123 Goldenwest St, Westminster, CA 92683', N'321 Elm St, Henderson, NV 89002', N'USPS', N'USPS-0000000112'),
        (106, 268, N'DELIVERED', N'2023-11-03 15:45:09.000', N'2023-11-06 07:13:44.000', N'123 Goldenwest St, Westminster, CA 92683', N'321 Elm St, Henderson, NV 89002', N'USPS', N'USPS-0000000113'),
        (107, 272, N'DELIVERED', N'2023-02-25 02:36:05.000', N'2023-02-26 22:58:58.000', N'123 Goldenwest St, Westminster, CA 92683', N'321 Elm St, Henderson, NV 89002', N'USPS', N'USPS-0000000114'),
        (108, 274, N'SHIPPED', N'2022-11-06 03:35:57.000', N'2022-11-07 02:00:51.000', N'123 Goldenwest St, Westminster, CA 92683', N'321 Elm St, Henderson, NV 89002', N'USPS', N'USPS-0000000115'),
        (109, 275, N'CANCELED', N'2023-03-04 12:49:57.000', N'2023-03-06 19:30:44.000', N'123 Goldenwest St, Westminster, CA 92683', N'321 Elm St, Henderson, NV 89002', N'USPS', N'USPS-0000000116'),
        (110, 277, N'DELIVERED', N'2022-11-09 00:07:03.000', N'2022-11-10 13:08:14.000', N'123 Goldenwest St, Westminster, CA 92683', N'321 Elm St, Henderson, NV 89002', N'USPS', N'USPS-0000000117'),
        (111, 278, N'DELIVERED', N'2022-02-27 00:33:13.000', N'2022-02-27 09:01:34.000', N'123 Goldenwest St, Westminster, CA 92683', N'321 Elm St, Henderson, NV 89002', N'USPS', N'USPS-0000000118'),
        (112, 280, N'DELIVERED', N'2023-11-21 00:07:23.000', N'2023-11-21 09:06:54.000', N'123 Goldenwest St, Westminster, CA 92683', N'321 Elm St, Henderson, NV 89002', N'USPS', N'USPS-0000000119'),
        (113, 283, N'DELIVERED', N'2023-12-20 07:08:32.000', N'2023-12-20 16:47:53.000', N'123 Goldenwest St, Westminster, CA 92683', N'321 Elm St, Henderson, NV 89002', N'USPS', N'USPS-0000000120'),
        (114, 287, N'DELIVERED', N'2023-01-30 03:26:27.000', N'2023-02-01 12:02:38.000', N'123 Goldenwest St, Westminster, CA 92683', N'In-store, 123 Goldenwest St, CA 92683', N'USPS', N'USPS-0000000121'),
        (115, 291, N'DELIVERED', N'2022-02-03 21:17:38.000', N'2022-02-05 19:46:59.000', N'123 Goldenwest St, Westminster, CA 92683', N'In-store, 123 Goldenwest St, CA 92683', N'USPS', N'USPS-0000000122'),
        (116, 293, N'DELIVERED', N'2022-03-31 02:13:10.000', N'2022-04-02 03:12:52.000', N'123 Goldenwest St, Westminster, CA 92683', N'In-store, 123 Goldenwest St, CA 92683', N'USPS', N'USPS-0000000124'),
        (117, 295, N'DELIVERED', N'2022-02-21 22:43:06.000', N'2022-02-22 00:27:16.000', N'123 Goldenwest St, Westminster, CA 92683', N'In-store, 123 Goldenwest St, CA 92683', N'USPS', N'USPS-0000000125'),
        (118, 297, N'DELIVERED', N'2022-07-22 07:19:00.000', N'2022-07-22 21:17:32.000', N'123 Goldenwest St, Westminster, CA 92683', N'In-store, 123 Goldenwest St, CA 92683', N'USPS', N'USPS-0000000126'),
        (119, 300, N'DELIVERED', N'2022-11-18 20:31:33.000', N'2022-11-20 06:49:27.000', N'123 Goldenwest St, Westminster, CA 92683', N'In-store, 123 Goldenwest St, CA 92683', N'USPS', N'USPS-0000000127'),
        (120, 301, N'DELIVERED', N'2023-05-15 18:37:21.000', N'2023-05-15 20:56:06.000', N'123 Goldenwest St, Westminster, CA 92683', N'In-store, 123 Goldenwest St, CA 92683', N'USPS', N'USPS-0000000128'),
        (121, 302, N'DELIVERED', N'2023-11-13 17:45:29.000', N'2023-11-16 06:04:48.000', N'123 Goldenwest St, Westminster, CA 92683', N'In-store, 123 Goldenwest St, CA 92683', N'USPS', N'USPS-0000000129'),
        (122, 306, N'DELIVERED', N'2022-08-29 05:21:19.000', N'2022-08-29 14:27:29.000', N'123 Goldenwest St, Westminster, CA 92683', N'987 Birch St, Salem, OR 97301', N'USPS', N'USPS-0000000130'),
        (123, 309, N'DELIVERED', N'2023-02-26 05:09:24.000', N'2023-02-26 05:25:36.000', N'123 Goldenwest St, Westminster, CA 92683', N'987 Birch St, Salem, OR 97301', N'USPS', N'USPS-0000000131'),
        (124, 312, N'DELIVERED', N'2022-07-08 20:19:16.000', N'2022-07-09 00:04:05.000', N'123 Goldenwest St, Westminster, CA 92683', N'987 Birch St, Salem, OR 97301', N'USPS', N'USPS-0000000132'),
        (125, 314, N'DELIVERED', N'2023-10-25 14:52:27.000', N'2023-10-27 15:17:34.000', N'123 Goldenwest St, Westminster, CA 92683', N'987 Birch St, Salem, OR 97301', N'USPS', N'USPS-0000000133'),
        (126, 317, N'PENDING', N'2022-06-07 17:48:29.000', N'2022-06-09 19:08:52.000', N'123 Goldenwest St, Westminster, CA 92683', N'987 Birch St, Salem, OR 97301', N'USPS', N'USPS-0000000134'),
        (127, 320, N'DELIVERED', N'2023-09-21 09:50:53.000', N'2023-09-22 09:30:09.000', N'123 Goldenwest St, Westminster, CA 92683', N'987 Birch St, Salem, OR 97301', N'USPS', N'USPS-0000000135'),
        (128, 323, N'CANCELED', N'2022-10-03 00:32:10.000', N'2022-10-03 09:23:20.000', N'123 Goldenwest St, Westminster, CA 92683', N'987 Birch St, Salem, OR 97301', N'USPS', N'USPS-0000000136'),
        (129, 325, N'DELIVERED', N'2022-01-21 09:55:14.000', N'2022-01-22 06:34:03.000', N'123 Goldenwest St, Westminster, CA 92683', N'987 Birch St, Salem, OR 97301', N'USPS', N'USPS-0000000137'),
        (130, 327, N'CANCELED', N'2023-12-29 04:23:54.000', N'2023-12-29 07:45:01.000', N'123 Goldenwest St, Westminster, CA 92683', N'987 Birch St, Salem, OR 97301', N'USPS', N'USPS-0000000138'),
        (131, 331, N'DELIVERED', N'2023-08-03 11:39:05.000', N'2023-08-06 07:28:04.000', N'123 Goldenwest St, Westminster, CA 92683', N'987 Birch St, Salem, OR 97301', N'USPS', N'USPS-0000000139'),
        (132, 335, N'DELIVERED', N'2022-03-28 06:43:52.000', N'2022-03-30 00:41:15.000', N'123 Goldenwest St, Westminster, CA 92683', N'987 Birch St, Salem, OR 97301', N'USPS', N'USPS-0000000140'),
        (133, 338, N'DELIVERED', N'2022-04-14 17:43:31.000', N'2022-04-15 01:11:16.000', N'123 Goldenwest St, Westminster, CA 92683', N'135 Cedar St, Mesa, AZ 85201', N'USPS', N'USPS-0000000141'),
        (134, 340, N'DELIVERED', N'2023-12-29 06:03:03.000', N'2023-12-30 20:33:12.000', N'123 Goldenwest St, Westminster, CA 92683', N'135 Cedar St, Mesa, AZ 85201', N'USPS', N'USPS-0000000142'),
        (135, 341, N'DELIVERED', N'2022-05-22 07:18:16.000', N'2022-05-25 04:36:23.000', N'123 Goldenwest St, Westminster, CA 92683', N'135 Cedar St, Mesa, AZ 85201', N'USPS', N'USPS-0000000143'),
        (136, 345, N'DELIVERED', N'2023-08-19 02:43:53.000', N'2023-08-20 12:13:59.000', N'123 Goldenwest St, Westminster, CA 92683', N'135 Cedar St, Mesa, AZ 85201', N'USPS', N'USPS-0000000144'),
        (137, 347, N'DELIVERED', N'2022-06-18 12:41:09.000', N'2022-06-20 20:25:23.000', N'123 Goldenwest St, Westminster, CA 92683', N'135 Cedar St, Mesa, AZ 85201', N'USPS', N'USPS-0000000145'),
        (138, 350, N'DELIVERED', N'2023-10-26 02:11:46.000', N'2023-10-26 08:43:20.000', N'123 Goldenwest St, Westminster, CA 92683', N'135 Cedar St, Mesa, AZ 85201', N'USPS', N'USPS-0000000146'),
        (139, 354, N'SHIPPED', N'2023-10-27 21:08:47.000', N'2023-10-27 22:49:12.000', N'123 Goldenwest St, Westminster, CA 92683', N'135 Cedar St, Mesa, AZ 85201', N'USPS', N'USPS-0000000148'),
        (140, 356, N'DELIVERED', N'2023-06-27 19:24:00.000', N'2023-06-30 02:06:11.000', N'123 Goldenwest St, Westminster, CA 92683', N'135 Cedar St, Mesa, AZ 85201', N'USPS', N'USPS-0000000149'),
        (141, 359, N'DELIVERED', N'2023-06-05 00:56:43.000', N'2023-06-06 08:04:01.000', N'123 Goldenwest St, Westminster, CA 92683', N'135 Cedar St, Mesa, AZ 85201', N'USPS', N'USPS-0000000150'),
        (142, 362, N'DELIVERED', N'2022-09-09 00:32:50.000', N'2022-09-11 12:30:03.000', N'123 Goldenwest St, Westminster, CA 92683', N'135 Cedar St, Mesa, AZ 85201', N'USPS', N'USPS-0000000151'),
        (143, 366, N'DELIVERED', N'2022-02-02 21:51:25.000', N'2022-02-05 06:09:36.000', N'123 Goldenwest St, Westminster, CA 92683', N'246 Cherry St, Sparks, NV 89431', N'USPS', N'USPS-0000000152'),
        (144, 368, N'DELIVERED', N'2022-10-12 18:42:56.000', N'2022-10-15 08:24:49.000', N'123 Goldenwest St, Westminster, CA 92683', N'246 Cherry St, Sparks, NV 89431', N'USPS', N'USPS-0000000154'),
        (145, 371, N'CANCELED', N'2023-01-29 13:11:34.000', N'2023-02-01 05:02:19.000', N'123 Goldenwest St, Westminster, CA 92683', N'246 Cherry St, Sparks, NV 89431', N'USPS', N'USPS-0000000155'),
        (146, 374, N'DELIVERED', N'2023-03-20 20:30:12.000', N'2023-03-23 19:47:07.000', N'123 Goldenwest St, Westminster, CA 92683', N'246 Cherry St, Sparks, NV 89431', N'USPS', N'USPS-0000000156'),
        (147, 377, N'DELIVERED', N'2022-05-03 14:48:55.000', N'2022-05-05 17:05:02.000', N'123 Goldenwest St, Westminster, CA 92683', N'246 Cherry St, Sparks, NV 89431', N'USPS', N'USPS-0000000157'),
        (148, 378, N'DELIVERED', N'2023-11-14 19:46:52.000', N'2023-11-16 14:54:53.000', N'123 Goldenwest St, Westminster, CA 92683', N'864 Walnut St, Long Beach, CA 90802', N'USPS', N'USPS-0000000158'),
        (149, 380, N'DELIVERED', N'2023-08-09 17:27:52.000', N'2023-08-10 15:27:08.000', N'123 Goldenwest St, Westminster, CA 92683', N'864 Walnut St, Long Beach, CA 90802', N'USPS', N'USPS-0000000159'),
        (150, 382, N'DELIVERED', N'2024-01-01 05:29:52.000', N'2024-01-03 17:45:30.000', N'123 Goldenwest St, Westminster, CA 92683', N'864 Walnut St, Long Beach, CA 90802', N'USPS', N'USPS-0000000160'),
        (151, 383, N'DELIVERED', N'2022-10-05 06:41:52.000', N'2022-10-06 11:55:32.000', N'123 Goldenwest St, Westminster, CA 92683', N'864 Walnut St, Long Beach, CA 90802', N'USPS', N'USPS-0000000161'),
        (152, 385, N'DELIVERED', N'2022-09-27 17:42:13.000', N'2022-09-30 04:07:57.000', N'123 Goldenwest St, Westminster, CA 92683', N'864 Walnut St, Long Beach, CA 90802', N'USPS', N'USPS-0000000162'),
        (153, 387, N'DELIVERED', N'2022-03-13 01:47:22.000', N'2022-03-14 20:34:04.000', N'123 Goldenwest St, Westminster, CA 92683', N'864 Walnut St, Long Beach, CA 90802', N'USPS', N'USPS-0000000163'),
        (154, 390, N'DELIVERED', N'2022-11-30 09:09:23.000', N'2022-12-02 21:47:39.000', N'123 Goldenwest St, Westminster, CA 92683', N'In-store, 123 Goldenwest St, CA 92683', N'USPS', N'USPS-0000000164'),
        (155, 393, N'DELIVERED', N'2023-10-23 16:08:09.000', N'2023-10-23 17:10:07.000', N'123 Goldenwest St, Westminster, CA 92683', N'In-store, 123 Goldenwest St, CA 92683', N'USPS', N'USPS-0000000165'),
        (156, 396, N'DELIVERED', N'2022-03-03 14:09:10.000', N'2022-03-05 11:00:42.000', N'123 Goldenwest St, Westminster, CA 92683', N'In-store, 123 Goldenwest St, CA 92683', N'USPS', N'USPS-0000000166'),
        (157, 399, N'DELIVERED', N'2022-11-22 06:23:35.000', N'2022-11-22 22:28:36.000', N'123 Goldenwest St, Westminster, CA 92683', N'In-store, 123 Goldenwest St, CA 92683', N'USPS', N'USPS-0000000167'),
        (158, 403, N'DELIVERED', N'2022-12-27 00:27:47.000', N'2022-12-29 21:02:07.000', N'123 Goldenwest St, Westminster, CA 92683', N'In-store, 123 Goldenwest St, CA 92683', N'USPS', N'USPS-0000000168'),
        (159, 406, N'SHIPPED', N'2022-09-04 02:55:10.000', N'2022-09-06 10:40:09.000', N'123 Goldenwest St, Westminster, CA 92683', N'In-store, 123 Goldenwest St, CA 92683', N'USPS', N'USPS-0000000169'),
        (160, 409, N'DELIVERED', N'2022-07-12 21:28:02.000', N'2022-07-13 04:09:31.000', N'123 Goldenwest St, Westminster, CA 92683', N'In-store, 123 Goldenwest St, CA 92683', N'USPS', N'USPS-0000000170'),
        (161, 412, N'DELIVERED', N'2022-01-01 17:56:56.000', N'2022-01-03 21:47:30.000', N'123 Goldenwest St, Westminster, CA 92683', N'In-store, 123 Goldenwest St, CA 92683', N'USPS', N'USPS-0000000171');
SET IDENTITY_INSERT bbpet.dbo.Shipping OFF;



SET IDENTITY_INSERT bbpet.dbo.PetServicing ON;
insert into dbo.PetServicing (id, deliveryId, name, status, startTime, endTime, employeeId)
values  (1, 3, N'PetServicing for Pet Sitting', N'COMPLETED', N'2023-12-03 19:42:45.000', N'2023-12-05 07:12:45.000', 8),
        (2, 5, N'PetServicing for Pet Taxi', N'COMPLETED', N'2022-01-17 12:47:42.000', N'2022-01-18 06:14:33.000', 3),
        (3, 6, N'PetServicing for Pet Sitting', N'COMPLETED', N'2022-01-16 20:52:03.000', N'2022-01-17 06:01:32.000', 4),
        (4, 7, N'PetServicing for Pet Sitting', N'COMPLETED', N'2022-01-16 15:35:07.000', N'2022-01-17 21:13:09.000', 9),
        (5, 9, N'PetServicing for Pet Sitting', N'COMPLETED', N'2023-11-01 07:11:53.000', N'2023-11-03 03:48:10.000', 6),
        (6, 10, N'PetServicing for Dog Boarding', N'COMPLETED', N'2023-10-31 20:48:14.000', N'2023-10-31 23:24:26.000', 7),
        (7, 11, N'PetServicing for Cat Boarding', N'COMPLETED', N'2023-11-01 06:42:08.000', N'2023-11-03 20:11:18.000', 7),
        (8, 13, N'PetServicing for Cat Grooming', N'COMPLETED', N'2022-11-24 14:12:34.000', N'2022-11-25 11:15:27.000', 7),
        (9, 15, N'PetServicing for Cat Grooming', N'COMPLETED', N'2022-07-08 20:18:03.000', N'2022-07-11 08:28:50.000', 4),
        (10, 17, N'PetServicing for Cat Boarding', N'COMPLETED', N'2022-09-06 15:07:46.000', N'2022-09-08 21:48:10.000', 10),
        (11, 19, N'PetServicing for Pet Taxi', N'COMPLETED', N'2022-01-21 20:54:10.000', N'2022-01-23 00:30:01.000', 8),
        (12, 21, N'PetServicing for Cat Boarding', N'COMPLETED', N'2022-08-05 10:26:24.000', N'2022-08-08 07:28:45.000', 8),
        (13, 22, N'PetServicing for Veterinary Consultation', N'COMPLETED', N'2022-08-05 02:08:03.000', N'2022-08-05 11:54:23.000', 4),
        (14, 24, N'PetServicing for Dog Walking', N'COMPLETED', N'2023-09-25 07:44:01.000', N'2023-09-27 04:21:56.000', 2),
        (15, 25, N'PetServicing for Cat Grooming', N'COMPLETED', N'2023-09-24 10:03:33.000', N'2023-09-26 10:56:39.000', 5),
        (16, 27, N'PetServicing for Cat Boarding', N'COMPLETED', N'2022-04-24 17:42:41.000', N'2022-04-26 14:29:12.000', 8),
        (17, 29, N'PetServicing for Cat Training', N'PENDING', N'2022-01-21 09:19:38.000', N'2022-01-21 13:10:09.000', 6),
        (18, 30, N'PetServicing for Dog Walking', N'PENDING', N'2022-01-21 23:57:19.000', N'2022-01-22 22:27:40.000', 6),
        (19, 32, N'PetServicing for Dog Boarding', N'COMPLETED', N'2022-11-22 02:55:34.000', N'2022-11-24 01:54:28.000', 2),
        (20, 33, N'PetServicing for Cat Boarding', N'COMPLETED', N'2022-11-22 05:19:50.000', N'2022-11-22 22:37:10.000', 2),
        (21, 35, N'PetServicing for Veterinary Consultation', N'COMPLETED', N'2023-05-08 20:39:47.000', N'2023-05-10 04:54:24.000', 6),
        (22, 37, N'PetServicing for Dog Training', N'CANCELED', N'2022-04-10 16:38:01.000', N'2022-04-12 16:31:10.000', 2),
        (23, 38, N'PetServicing for Pet Sitting', N'CANCELED', N'2022-04-10 03:26:12.000', N'2022-04-10 17:26:07.000', 5),
        (24, 40, N'PetServicing for Veterinary Consultation', N'PENDING', N'2022-02-13 03:51:00.000', N'2022-02-14 09:28:16.000', 6),
        (25, 41, N'PetServicing for Cat Grooming', N'PENDING', N'2022-02-13 04:50:18.000', N'2022-02-16 03:54:11.000', 6),
        (26, 42, N'PetServicing for Cat Boarding', N'IN_PROGRESS', N'2022-02-13 03:39:47.000', N'2022-02-13 18:59:42.000', 7),
        (27, 44, N'PetServicing for Cat Grooming', N'COMPLETED', N'2023-12-22 17:41:33.000', N'2023-12-23 06:23:17.000', 4),
        (28, 45, N'PetServicing for Cat Boarding', N'COMPLETED', N'2023-12-22 10:23:31.000', N'2023-12-23 08:02:07.000', 2),
        (29, 46, N'PetServicing for Dog Walking', N'COMPLETED', N'2023-12-22 12:47:59.000', N'2023-12-23 15:46:09.000', 6),
        (30, 49, N'PetServicing for Dog Boarding', N'COMPLETED', N'2023-10-31 23:01:06.000', N'2023-11-02 14:30:35.000', 4),
        (31, 51, N'PetServicing for Cat Grooming', N'CANCELED', N'2023-06-10 10:54:51.000', N'2023-06-10 19:03:52.000', 7),
        (32, 52, N'PetServicing for Cat Boarding', N'CANCELED', N'2023-06-11 03:16:34.000', N'2023-06-13 07:54:42.000', 8),
        (33, 54, N'PetServicing for Cat Grooming', N'COMPLETED', N'2022-12-25 03:26:30.000', N'2022-12-26 03:01:10.000', 9),
        (34, 56, N'PetServicing for Cat Boarding', N'COMPLETED', N'2022-04-23 02:39:54.000', N'2022-04-25 10:52:11.000', 8),
        (35, 57, N'PetServicing for Cat Training', N'COMPLETED', N'2022-04-23 04:47:34.000', N'2022-04-24 12:51:33.000', 3),
        (36, 59, N'PetServicing for Cat Training', N'COMPLETED', N'2023-07-12 06:15:35.000', N'2023-07-15 05:58:46.000', 3),
        (37, 60, N'PetServicing for Veterinary Consultation', N'COMPLETED', N'2023-07-12 11:05:10.000', N'2023-07-13 12:13:11.000', 6),
        (38, 61, N'PetServicing for Dog Boarding', N'COMPLETED', N'2023-07-12 16:29:13.000', N'2023-07-13 22:48:02.000', 8),
        (39, 64, N'PetServicing for Dog Walking', N'COMPLETED', N'2022-02-07 23:24:34.000', N'2022-02-10 02:52:01.000', 8),
        (40, 66, N'PetServicing for Dog Training', N'COMPLETED', N'2023-07-18 14:32:36.000', N'2023-07-20 20:07:43.000', 8),
        (41, 67, N'PetServicing for Cat Boarding', N'COMPLETED', N'2023-07-18 11:52:44.000', N'2023-07-19 05:55:04.000', 2),
        (42, 69, N'PetServicing for Dog Boarding', N'CANCELED', N'2022-02-04 10:28:40.000', N'2022-02-05 15:51:27.000', 4),
        (43, 72, N'PetServicing for Dog Boarding', N'COMPLETED', N'2023-10-29 18:05:39.000', N'2023-11-01 14:22:08.000', 3),
        (44, 74, N'PetServicing for Cat Training', N'COMPLETED', N'2023-03-13 02:02:44.000', N'2023-03-16 01:45:19.000', 4),
        (45, 75, N'PetServicing for Dog Training', N'COMPLETED', N'2023-03-13 23:56:27.000', N'2023-03-15 01:27:51.000', 1),
        (46, 77, N'PetServicing for Dog Boarding', N'COMPLETED', N'2022-04-21 09:45:05.000', N'2022-04-21 16:42:32.000', 1),
        (47, 78, N'PetServicing for Pet Sitting', N'COMPLETED', N'2022-04-20 23:03:48.000', N'2022-04-21 23:20:01.000', 10),
        (48, 80, N'PetServicing for Pet Taxi', N'PENDING', N'2022-02-20 03:23:09.000', N'2022-02-21 13:52:30.000', 7),
        (49, 81, N'PetServicing for Dog Grooming', N'IN_PROGRESS', N'2022-02-20 09:13:31.000', N'2022-02-23 05:38:22.000', 3),
        (50, 82, N'PetServicing for Cat Grooming', N'IN_PROGRESS', N'2022-02-20 00:47:29.000', N'2022-02-21 16:37:28.000', 9),
        (51, 84, N'PetServicing for Cat Boarding', N'CANCELED', N'2023-04-03 13:42:50.000', N'2023-04-05 08:44:29.000', 1),
        (52, 85, N'PetServicing for Dog Walking', N'CANCELED', N'2023-04-04 07:20:28.000', N'2023-04-05 16:46:02.000', 6),
        (53, 87, N'PetServicing for Dog Training', N'COMPLETED', N'2022-04-19 20:34:41.000', N'2022-04-22 13:39:44.000', 4),
        (54, 88, N'PetServicing for Cat Grooming', N'COMPLETED', N'2022-04-19 19:53:02.000', N'2022-04-22 01:04:49.000', 10),
        (55, 90, N'PetServicing for Cat Training', N'PENDING', N'2023-11-09 10:09:19.000', N'2023-11-09 19:35:43.000', 6),
        (56, 91, N'PetServicing for Cat Boarding', N'PENDING', N'2023-11-10 07:49:40.000', N'2023-11-11 10:50:03.000', 9),
        (57, 93, N'PetServicing for Cat Training', N'COMPLETED', N'2023-04-03 02:49:40.000', N'2023-04-04 16:21:32.000', 2),
        (58, 94, N'PetServicing for Cat Grooming', N'COMPLETED', N'2023-04-02 18:06:24.000', N'2023-04-04 22:59:26.000', 9),
        (59, 96, N'PetServicing for Cat Training', N'COMPLETED', N'2022-05-12 01:02:51.000', N'2022-05-13 01:13:26.000', 9),
        (60, 97, N'PetServicing for Cat Boarding', N'COMPLETED', N'2022-05-11 18:22:08.000', N'2022-05-13 08:24:40.000', 3),
        (61, 100, N'PetServicing for Pet Sitting', N'COMPLETED', N'2023-07-02 08:33:24.000', N'2023-07-04 23:25:17.000', 4),
        (62, 101, N'PetServicing for Pet Taxi', N'COMPLETED', N'2023-07-02 11:42:37.000', N'2023-07-04 02:36:06.000', 9),
        (63, 103, N'PetServicing for Dog Walking', N'COMPLETED', N'2023-09-06 15:14:44.000', N'2023-09-06 18:49:59.000', 10),
        (64, 105, N'PetServicing for Pet Taxi', N'COMPLETED', N'2022-12-20 02:24:27.000', N'2022-12-21 16:51:00.000', 3),
        (65, 108, N'PetServicing for Dog Training', N'COMPLETED', N'2022-07-15 10:10:11.000', N'2022-07-18 09:03:29.000', 10),
        (66, 110, N'PetServicing for Pet Taxi', N'COMPLETED', N'2023-03-26 14:24:41.000', N'2023-03-28 08:48:55.000', 4),
        (67, 111, N'PetServicing for Dog Boarding', N'COMPLETED', N'2023-03-26 18:44:37.000', N'2023-03-28 06:42:37.000', 6),
        (68, 113, N'PetServicing for Dog Training', N'COMPLETED', N'2022-08-25 09:11:19.000', N'2022-08-27 16:58:08.000', 7),
        (69, 115, N'PetServicing for Pet Taxi', N'PENDING', N'2022-02-15 01:06:08.000', N'2022-02-15 22:25:30.000', 8),
        (70, 117, N'PetServicing for Pet Sitting', N'COMPLETED', N'2022-01-30 13:30:13.000', N'2022-01-31 07:48:10.000', 9),
        (71, 118, N'PetServicing for Dog Training', N'COMPLETED', N'2022-01-29 23:47:52.000', N'2022-01-31 23:40:28.000', 2),
        (72, 120, N'PetServicing for Veterinary Consultation', N'COMPLETED', N'2023-09-18 00:34:39.000', N'2023-09-19 23:17:33.000', 6),
        (73, 121, N'PetServicing for Dog Training', N'COMPLETED', N'2023-09-18 03:23:46.000', N'2023-09-18 08:53:54.000', 4),
        (74, 122, N'PetServicing for Dog Training', N'COMPLETED', N'2023-09-18 13:01:37.000', N'2023-09-21 02:02:41.000', 4),
        (75, 124, N'PetServicing for Cat Grooming', N'COMPLETED', N'2022-09-04 19:01:21.000', N'2022-09-05 11:02:32.000', 5),
        (76, 125, N'PetServicing for Cat Training', N'COMPLETED', N'2022-09-03 21:17:26.000', N'2022-09-05 09:15:13.000', 5),
        (77, 127, N'PetServicing for Dog Training', N'COMPLETED', N'2023-02-19 04:54:27.000', N'2023-02-21 00:58:01.000', 5),
        (78, 128, N'PetServicing for Pet Taxi', N'COMPLETED', N'2023-02-18 18:39:38.000', N'2023-02-21 00:41:01.000', 3),
        (79, 130, N'PetServicing for Dog Walking', N'COMPLETED', N'2023-10-13 10:49:20.000', N'2023-10-14 00:31:22.000', 2),
        (80, 132, N'PetServicing for Dog Walking', N'COMPLETED', N'2023-06-21 10:59:43.000', N'2023-06-23 07:51:21.000', 9),
        (81, 133, N'PetServicing for Dog Training', N'COMPLETED', N'2023-06-20 22:08:27.000', N'2023-06-22 16:19:48.000', 9),
        (82, 135, N'PetServicing for Dog Training', N'COMPLETED', N'2022-04-06 01:29:01.000', N'2022-04-06 05:52:54.000', 3),
        (83, 137, N'PetServicing for Cat Grooming', N'COMPLETED', N'2022-08-27 15:39:13.000', N'2022-08-28 06:45:51.000', 2),
        (84, 138, N'PetServicing for Pet Sitting', N'COMPLETED', N'2022-08-27 09:05:13.000', N'2022-08-30 05:58:04.000', 1),
        (85, 139, N'PetServicing for Cat Boarding', N'COMPLETED', N'2022-08-27 23:51:51.000', N'2022-08-28 18:16:11.000', 9),
        (86, 141, N'PetServicing for Cat Training', N'CANCELED', N'2023-06-10 07:59:50.000', N'2023-06-10 16:36:42.000', 5),
        (87, 142, N'PetServicing for Pet Taxi', N'CANCELED', N'2023-06-10 07:08:23.000', N'2023-06-12 20:28:13.000', 6),
        (88, 146, N'PetServicing for Dog Training', N'COMPLETED', N'2023-03-07 21:58:28.000', N'2023-03-07 23:57:14.000', 3),
        (89, 147, N'PetServicing for Pet Sitting', N'COMPLETED', N'2023-03-08 08:26:03.000', N'2023-03-08 11:08:37.000', 7),
        (90, 149, N'PetServicing for Pet Taxi', N'COMPLETED', N'2022-10-18 08:46:44.000', N'2022-10-18 14:12:40.000', 1),
        (91, 150, N'PetServicing for Dog Boarding', N'COMPLETED', N'2022-10-17 22:44:20.000', N'2022-10-18 23:26:12.000', 2),
        (92, 153, N'PetServicing for Pet Taxi', N'COMPLETED', N'2023-11-22 05:09:45.000', N'2023-11-23 14:18:59.000', 8),
        (93, 155, N'PetServicing for Dog Boarding', N'COMPLETED', N'2022-08-21 12:52:32.000', N'2022-08-23 01:31:08.000', 9),
        (94, 156, N'PetServicing for Pet Sitting', N'COMPLETED', N'2022-08-21 20:54:14.000', N'2022-08-23 08:24:40.000', 3),
        (95, 157, N'PetServicing for Veterinary Consultation', N'COMPLETED', N'2022-08-21 13:24:17.000', N'2022-08-24 09:38:56.000', 4),
        (96, 160, N'PetServicing for Pet Taxi', N'COMPLETED', N'2022-06-26 11:09:38.000', N'2022-06-27 02:41:26.000', 9),
        (97, 162, N'PetServicing for Dog Boarding', N'COMPLETED', N'2022-03-16 02:51:57.000', N'2022-03-18 17:40:27.000', 6),
        (98, 164, N'PetServicing for Cat Grooming', N'COMPLETED', N'2022-05-09 11:48:23.000', N'2022-05-12 10:06:11.000', 8),
        (99, 165, N'PetServicing for Dog Training', N'COMPLETED', N'2022-05-10 09:37:09.000', N'2022-05-12 18:43:20.000', 1),
        (100, 166, N'PetServicing for Dog Training', N'COMPLETED', N'2022-05-09 18:52:44.000', N'2022-05-12 18:39:10.000', 8),
        (101, 168, N'PetServicing for Dog Boarding', N'COMPLETED', N'2022-08-03 12:54:16.000', N'2022-08-06 04:32:40.000', 7),
        (102, 169, N'PetServicing for Pet Taxi', N'COMPLETED', N'2022-08-03 19:01:34.000', N'2022-08-06 05:05:06.000', 8),
        (103, 171, N'PetServicing for Pet Sitting', N'COMPLETED', N'2022-01-04 06:53:37.000', N'2022-01-06 17:08:18.000', 4),
        (104, 172, N'PetServicing for Cat Training', N'COMPLETED', N'2022-01-03 20:35:44.000', N'2022-01-03 20:43:29.000', 2),
        (105, 173, N'PetServicing for Dog Grooming', N'COMPLETED', N'2022-01-04 06:34:31.000', N'2022-01-06 09:36:14.000', 3),
        (106, 175, N'PetServicing for Pet Taxi', N'PENDING', N'2023-06-09 18:25:33.000', N'2023-06-12 18:20:26.000', 9),
        (107, 176, N'PetServicing for Cat Training', N'IN_PROGRESS', N'2023-06-09 23:12:49.000', N'2023-06-11 12:53:36.000', 7),
        (108, 177, N'PetServicing for Dog Walking', N'PENDING', N'2023-06-10 10:55:08.000', N'2023-06-12 01:04:42.000', 7),
        (109, 179, N'PetServicing for Veterinary Consultation', N'COMPLETED', N'2022-06-23 11:26:08.000', N'2022-06-24 08:57:35.000', 4),
        (110, 180, N'PetServicing for Cat Boarding', N'COMPLETED', N'2022-06-23 08:40:38.000', N'2022-06-25 11:19:01.000', 8),
        (111, 181, N'PetServicing for Dog Walking', N'COMPLETED', N'2022-06-23 15:00:58.000', N'2022-06-26 12:46:05.000', 2),
        (112, 183, N'PetServicing for Cat Training', N'IN_PROGRESS', N'2022-04-19 04:24:32.000', N'2022-04-20 07:39:02.000', 2),
        (113, 185, N'PetServicing for Dog Training', N'COMPLETED', N'2022-02-06 00:22:55.000', N'2022-02-08 11:03:11.000', 3),
        (114, 187, N'PetServicing for Cat Training', N'COMPLETED', N'2023-02-03 17:40:45.000', N'2023-02-05 10:24:37.000', 9),
        (115, 188, N'PetServicing for Pet Sitting', N'COMPLETED', N'2023-02-03 16:40:05.000', N'2023-02-05 18:51:59.000', 8),
        (116, 189, N'PetServicing for Pet Taxi', N'COMPLETED', N'2023-02-03 15:25:39.000', N'2023-02-04 17:42:24.000', 2),
        (117, 192, N'PetServicing for Cat Boarding', N'CANCELED', N'2023-12-31 19:38:48.000', N'2024-01-03 01:38:01.000', 2),
        (118, 193, N'PetServicing for Cat Training', N'CANCELED', N'2023-12-31 12:58:40.000', N'2024-01-02 15:34:31.000', 9),
        (119, 194, N'PetServicing for Cat Grooming', N'CANCELED', N'2023-12-31 23:06:17.000', N'2024-01-03 05:33:43.000', 9),
        (120, 196, N'PetServicing for Veterinary Consultation', N'CANCELED', N'2022-05-27 00:47:51.000', N'2022-05-28 21:09:05.000', 6),
        (121, 197, N'PetServicing for Veterinary Consultation', N'CANCELED', N'2022-05-27 00:20:26.000', N'2022-05-28 00:17:10.000', 2),
        (122, 198, N'PetServicing for Cat Grooming', N'CANCELED', N'2022-05-26 19:59:14.000', N'2022-05-29 17:34:23.000', 2),
        (123, 200, N'PetServicing for Dog Walking', N'COMPLETED', N'2023-10-04 20:46:07.000', N'2023-10-07 14:09:53.000', 9),
        (124, 201, N'PetServicing for Cat Boarding', N'COMPLETED', N'2023-10-05 06:20:16.000', N'2023-10-08 04:24:16.000', 9),
        (125, 203, N'PetServicing for Dog Boarding', N'COMPLETED', N'2023-08-20 07:55:55.000', N'2023-08-21 00:37:10.000', 8),
        (126, 204, N'PetServicing for Pet Taxi', N'COMPLETED', N'2023-08-20 02:00:36.000', N'2023-08-20 13:46:40.000', 7),
        (127, 206, N'PetServicing for Pet Taxi', N'COMPLETED', N'2022-12-18 04:35:34.000', N'2022-12-20 08:06:13.000', 5),
        (128, 208, N'PetServicing for Dog Training', N'CANCELED', N'2022-05-20 10:09:46.000', N'2022-05-21 14:39:50.000', 4),
        (129, 210, N'PetServicing for Dog Walking', N'COMPLETED', N'2022-04-20 06:24:05.000', N'2022-04-22 04:07:46.000', 5),
        (130, 212, N'PetServicing for Cat Training', N'COMPLETED', N'2023-06-10 11:49:08.000', N'2023-06-10 17:57:53.000', 6),
        (131, 213, N'PetServicing for Pet Taxi', N'COMPLETED', N'2023-06-10 18:56:31.000', N'2023-06-11 16:20:11.000', 9),
        (132, 214, N'PetServicing for Cat Boarding', N'COMPLETED', N'2023-06-10 02:08:17.000', N'2023-06-10 03:57:49.000', 10),
        (133, 217, N'PetServicing for Dog Boarding', N'COMPLETED', N'2022-09-26 20:39:42.000', N'2022-09-27 05:56:53.000', 8),
        (134, 219, N'PetServicing for Cat Grooming', N'PENDING', N'2023-07-28 07:27:13.000', N'2023-07-31 03:53:23.000', 6),
        (135, 221, N'PetServicing for Cat Training', N'COMPLETED', N'2023-04-02 20:13:04.000', N'2023-04-04 00:50:36.000', 6),
        (136, 222, N'PetServicing for Cat Grooming', N'COMPLETED', N'2023-04-03 03:17:21.000', N'2023-04-04 02:53:39.000', 5),
        (137, 224, N'PetServicing for Cat Boarding', N'COMPLETED', N'2023-06-21 20:33:25.000', N'2023-06-23 16:24:31.000', 2),
        (138, 226, N'PetServicing for Cat Grooming', N'IN_PROGRESS', N'2022-11-30 20:47:19.000', N'2022-12-03 20:21:18.000', 2),
        (139, 227, N'PetServicing for Veterinary Consultation', N'PENDING', N'2022-11-30 19:00:52.000', N'2022-12-02 20:43:57.000', 9),
        (140, 231, N'PetServicing for Pet Taxi', N'CANCELED', N'2022-02-25 12:35:02.000', N'2022-02-26 21:25:17.000', 5),
        (141, 233, N'PetServicing for Pet Sitting', N'CANCELED', N'2022-04-17 01:27:49.000', N'2022-04-17 23:20:04.000', 6),
        (142, 234, N'PetServicing for Cat Grooming', N'CANCELED', N'2022-04-16 05:09:38.000', N'2022-04-18 15:06:39.000', 8),
        (143, 237, N'PetServicing for Dog Boarding', N'CANCELED', N'2023-10-26 19:39:46.000', N'2023-10-28 09:45:13.000', 7),
        (144, 238, N'PetServicing for Dog Training', N'CANCELED', N'2023-10-26 19:45:38.000', N'2023-10-28 15:59:36.000', 8),
        (145, 240, N'PetServicing for Veterinary Consultation', N'COMPLETED', N'2022-07-03 09:13:21.000', N'2022-07-05 06:54:04.000', 2),
        (146, 241, N'PetServicing for Cat Grooming', N'COMPLETED', N'2022-07-03 16:27:38.000', N'2022-07-03 22:34:39.000', 2),
        (147, 243, N'PetServicing for Pet Sitting', N'COMPLETED', N'2022-05-02 23:05:13.000', N'2022-05-04 04:26:02.000', 6),
        (148, 244, N'PetServicing for Dog Walking', N'COMPLETED', N'2022-05-03 15:31:18.000', N'2022-05-04 22:58:25.000', 9),
        (149, 246, N'PetServicing for Pet Sitting', N'COMPLETED', N'2023-01-16 00:07:46.000', N'2023-01-17 22:12:51.000', 8),
        (150, 247, N'PetServicing for Pet Taxi', N'COMPLETED', N'2023-01-15 20:26:54.000', N'2023-01-16 09:59:43.000', 2),
        (151, 248, N'PetServicing for Dog Training', N'COMPLETED', N'2023-01-15 16:36:08.000', N'2023-01-16 16:37:06.000', 4),
        (152, 250, N'PetServicing for Dog Grooming', N'COMPLETED', N'2023-06-16 14:33:25.000', N'2023-06-16 23:11:39.000', 3),
        (153, 252, N'PetServicing for Dog Boarding', N'COMPLETED', N'2022-03-15 06:03:17.000', N'2022-03-17 07:51:21.000', 2),
        (154, 253, N'PetServicing for Dog Boarding', N'COMPLETED', N'2022-03-14 19:31:46.000', N'2022-03-15 22:25:06.000', 5),
        (155, 254, N'PetServicing for Dog Grooming', N'COMPLETED', N'2022-03-15 03:49:28.000', N'2022-03-16 15:36:49.000', 3),
        (156, 256, N'PetServicing for Dog Grooming', N'IN_PROGRESS', N'2023-11-08 08:29:07.000', N'2023-11-10 05:48:42.000', 5),
        (157, 258, N'PetServicing for Cat Boarding', N'PENDING', N'2023-04-28 10:17:48.000', N'2023-04-30 05:56:36.000', 3),
        (158, 260, N'PetServicing for Dog Grooming', N'PENDING', N'2023-07-11 11:07:33.000', N'2023-07-11 23:59:00.000', 7),
        (159, 261, N'PetServicing for Cat Boarding', N'IN_PROGRESS', N'2023-07-11 00:13:16.000', N'2023-07-11 01:28:55.000', 4),
        (160, 265, N'PetServicing for Cat Training', N'COMPLETED', N'2023-05-12 22:58:02.000', N'2023-05-13 05:11:45.000', 3),
        (161, 266, N'PetServicing for Pet Sitting', N'COMPLETED', N'2023-05-12 20:45:01.000', N'2023-05-15 15:43:44.000', 3),
        (162, 267, N'PetServicing for Dog Boarding', N'COMPLETED', N'2023-05-12 14:51:40.000', N'2023-05-12 17:00:51.000', 1),
        (163, 269, N'PetServicing for Dog Grooming', N'COMPLETED', N'2023-11-03 14:23:31.000', N'2023-11-04 03:12:40.000', 5),
        (164, 270, N'PetServicing for Pet Sitting', N'COMPLETED', N'2023-11-03 16:07:50.000', N'2023-11-06 07:20:54.000', 9),
        (165, 271, N'PetServicing for Dog Training', N'COMPLETED', N'2023-11-04 04:48:07.000', N'2023-11-05 19:21:23.000', 6),
        (166, 273, N'PetServicing for Cat Boarding', N'COMPLETED', N'2023-02-24 14:38:32.000', N'2023-02-26 04:28:24.000', 3),
        (167, 276, N'PetServicing for Cat Boarding', N'CANCELED', N'2023-03-04 17:52:31.000', N'2023-03-04 19:19:42.000', 8),
        (168, 279, N'PetServicing for Cat Grooming', N'COMPLETED', N'2022-02-26 12:31:09.000', N'2022-02-28 16:15:29.000', 7),
        (169, 281, N'PetServicing for Pet Taxi', N'COMPLETED', N'2023-11-20 22:12:29.000', N'2023-11-23 14:48:37.000', 5),
        (170, 282, N'PetServicing for Veterinary Consultation', N'COMPLETED', N'2023-11-21 08:03:40.000', N'2023-11-24 07:50:23.000', 3),
        (171, 284, N'PetServicing for Pet Taxi', N'COMPLETED', N'2023-12-20 22:44:37.000', N'2023-12-22 01:40:59.000', 1),
        (172, 285, N'PetServicing for Pet Taxi', N'COMPLETED', N'2023-12-20 10:01:37.000', N'2023-12-20 19:52:26.000', 7),
        (173, 286, N'PetServicing for Dog Grooming', N'COMPLETED', N'2023-12-21 01:39:03.000', N'2023-12-22 19:19:28.000', 8),
        (174, 288, N'PetServicing for Pet Taxi', N'COMPLETED', N'2023-01-29 19:53:20.000', N'2023-01-30 07:30:06.000', 5),
        (175, 289, N'PetServicing for Cat Boarding', N'COMPLETED', N'2023-01-29 15:57:56.000', N'2023-02-01 12:36:35.000', 6),
        (176, 290, N'PetServicing for Pet Taxi', N'COMPLETED', N'2023-01-29 21:01:54.000', N'2023-01-30 12:22:39.000', 4),
        (177, 292, N'PetServicing for Pet Sitting', N'COMPLETED', N'2022-02-03 19:17:23.000', N'2022-02-06 04:35:10.000', 1),
        (178, 294, N'PetServicing for Dog Walking', N'COMPLETED', N'2022-03-31 14:28:06.000', N'2022-04-02 15:38:08.000', 7),
        (179, 296, N'PetServicing for Pet Sitting', N'COMPLETED', N'2022-02-21 19:53:41.000', N'2022-02-23 12:22:09.000', 5),
        (180, 298, N'PetServicing for Pet Sitting', N'COMPLETED', N'2022-07-22 04:20:42.000', N'2022-07-22 15:33:29.000', 7),
        (181, 299, N'PetServicing for Cat Boarding', N'COMPLETED', N'2022-07-22 13:24:18.000', N'2022-07-24 06:19:21.000', 2),
        (182, 303, N'PetServicing for Dog Walking', N'COMPLETED', N'2023-11-13 14:25:20.000', N'2023-11-14 17:09:37.000', 7),
        (183, 304, N'PetServicing for Dog Boarding', N'COMPLETED', N'2023-11-14 07:31:51.000', N'2023-11-15 09:41:17.000', 2),
        (184, 305, N'PetServicing for Dog Training', N'COMPLETED', N'2023-11-14 07:44:13.000', N'2023-11-14 22:02:04.000', 3),
        (185, 307, N'PetServicing for Cat Boarding', N'COMPLETED', N'2022-08-28 23:34:46.000', N'2022-08-30 16:24:20.000', 6),
        (186, 308, N'PetServicing for Cat Training', N'COMPLETED', N'2022-08-29 14:28:44.000', N'2022-08-30 23:05:34.000', 4),
        (187, 310, N'PetServicing for Cat Grooming', N'COMPLETED', N'2023-02-26 15:43:31.000', N'2023-02-27 22:57:31.000', 8),
        (188, 311, N'PetServicing for Pet Taxi', N'COMPLETED', N'2023-02-26 08:36:13.000', N'2023-02-26 11:08:09.000', 2),
        (189, 313, N'PetServicing for Dog Training', N'COMPLETED', N'2022-07-08 23:58:50.000', N'2022-07-10 08:01:29.000', 6),
        (190, 315, N'PetServicing for Cat Grooming', N'COMPLETED', N'2023-10-25 00:50:01.000', N'2023-10-27 06:52:01.000', 3),
        (191, 316, N'PetServicing for Veterinary Consultation', N'COMPLETED', N'2023-10-25 03:34:54.000', N'2023-10-27 00:54:36.000', 3),
        (192, 318, N'PetServicing for Pet Sitting', N'PENDING', N'2022-06-07 21:15:17.000', N'2022-06-10 16:43:31.000', 8),
        (193, 319, N'PetServicing for Pet Taxi', N'IN_PROGRESS', N'2022-06-07 13:23:59.000', N'2022-06-07 15:49:32.000', 9),
        (194, 321, N'PetServicing for Pet Sitting', N'COMPLETED', N'2023-09-21 22:58:02.000', N'2023-09-23 04:18:44.000', 3),
        (195, 322, N'PetServicing for Pet Taxi', N'COMPLETED', N'2023-09-21 17:47:43.000', N'2023-09-21 22:24:55.000', 2),
        (196, 324, N'PetServicing for Cat Boarding', N'CANCELED', N'2022-10-03 16:00:05.000', N'2022-10-03 22:13:10.000', 8),
        (197, 326, N'PetServicing for Dog Walking', N'COMPLETED', N'2022-01-21 15:13:50.000', N'2022-01-24 01:36:52.000', 7),
        (198, 328, N'PetServicing for Pet Sitting', N'CANCELED', N'2023-12-29 07:19:17.000', N'2023-12-29 09:05:25.000', 2),
        (199, 329, N'PetServicing for Cat Boarding', N'CANCELED', N'2023-12-29 11:07:41.000', N'2023-12-31 09:07:36.000', 3),
        (200, 330, N'PetServicing for Pet Sitting', N'CANCELED', N'2023-12-29 03:53:53.000', N'2023-12-30 02:29:17.000', 4),
        (201, 332, N'PetServicing for Cat Boarding', N'COMPLETED', N'2023-08-03 21:18:18.000', N'2023-08-06 13:51:53.000', 4),
        (202, 333, N'PetServicing for Cat Boarding', N'COMPLETED', N'2023-08-03 15:45:22.000', N'2023-08-05 12:28:22.000', 9),
        (203, 334, N'PetServicing for Cat Training', N'COMPLETED', N'2023-08-03 18:25:15.000', N'2023-08-04 13:22:55.000', 4),
        (204, 336, N'PetServicing for Dog Training', N'COMPLETED', N'2022-03-27 12:36:42.000', N'2022-03-30 11:21:19.000', 5),
        (205, 337, N'PetServicing for Pet Taxi', N'COMPLETED', N'2022-03-27 17:06:52.000', N'2022-03-30 11:09:16.000', 3),
        (206, 339, N'PetServicing for Cat Boarding', N'COMPLETED', N'2022-04-14 18:56:31.000', N'2022-04-16 04:50:25.000', 4),
        (207, 342, N'PetServicing for Dog Boarding', N'COMPLETED', N'2022-05-22 01:10:00.000', N'2022-05-23 02:09:45.000', 2),
        (208, 343, N'PetServicing for Veterinary Consultation', N'COMPLETED', N'2022-05-22 11:51:15.000', N'2022-05-24 09:04:07.000', 2),
        (209, 344, N'PetServicing for Cat Training', N'COMPLETED', N'2022-05-22 18:17:10.000', N'2022-05-23 13:54:35.000', 7),
        (210, 346, N'PetServicing for Veterinary Consultation', N'COMPLETED', N'2023-08-18 09:07:29.000', N'2023-08-19 00:00:26.000', 8),
        (211, 348, N'PetServicing for Cat Grooming', N'COMPLETED', N'2022-06-19 00:22:01.000', N'2022-06-21 14:55:19.000', 6),
        (212, 349, N'PetServicing for Cat Grooming', N'COMPLETED', N'2022-06-18 16:48:49.000', N'2022-06-19 10:37:11.000', 6),
        (213, 351, N'PetServicing for Cat Training', N'COMPLETED', N'2023-10-25 23:16:32.000', N'2023-10-28 20:19:53.000', 2),
        (214, 352, N'PetServicing for Dog Walking', N'COMPLETED', N'2023-10-26 02:38:29.000', N'2023-10-27 02:22:59.000', 9),
        (215, 353, N'PetServicing for Pet Sitting', N'COMPLETED', N'2023-10-25 15:21:48.000', N'2023-10-26 02:39:53.000', 2),
        (216, 355, N'PetServicing for Cat Grooming', N'IN_PROGRESS', N'2023-10-27 15:14:11.000', N'2023-10-27 21:12:15.000', 6),
        (217, 357, N'PetServicing for Cat Grooming', N'COMPLETED', N'2023-06-28 09:24:14.000', N'2023-06-30 13:17:42.000', 9),
        (218, 358, N'PetServicing for Cat Training', N'COMPLETED', N'2023-06-27 20:57:43.000', N'2023-06-30 10:31:50.000', 8),
        (219, 360, N'PetServicing for Pet Taxi', N'COMPLETED', N'2023-06-04 07:57:53.000', N'2023-06-04 15:47:20.000', 3),
        (220, 361, N'PetServicing for Veterinary Consultation', N'COMPLETED', N'2023-06-04 12:58:15.000', N'2023-06-07 05:00:14.000', 7),
        (221, 363, N'PetServicing for Dog Grooming', N'COMPLETED', N'2022-09-09 09:57:05.000', N'2022-09-09 22:28:03.000', 6),
        (222, 364, N'PetServicing for Pet Taxi', N'COMPLETED', N'2022-09-09 07:52:03.000', N'2022-09-11 20:14:35.000', 4),
        (223, 365, N'PetServicing for Cat Boarding', N'COMPLETED', N'2022-09-09 20:05:01.000', N'2022-09-12 04:01:30.000', 8),
        (224, 367, N'PetServicing for Cat Training', N'COMPLETED', N'2022-02-02 18:22:01.000', N'2022-02-02 19:41:50.000', 10),
        (225, 369, N'PetServicing for Pet Taxi', N'COMPLETED', N'2022-10-12 04:29:05.000', N'2022-10-14 11:41:12.000', 5),
        (226, 370, N'PetServicing for Dog Training', N'COMPLETED', N'2022-10-12 15:23:33.000', N'2022-10-13 20:18:33.000', 2),
        (227, 372, N'PetServicing for Veterinary Consultation', N'CANCELED', N'2023-01-30 06:46:15.000', N'2023-01-30 15:42:14.000', 5),
        (228, 373, N'PetServicing for Cat Training', N'CANCELED', N'2023-01-30 00:55:01.000', N'2023-02-01 20:16:54.000', 7),
        (229, 375, N'PetServicing for Dog Training', N'COMPLETED', N'2023-03-20 11:23:02.000', N'2023-03-23 01:28:59.000', 5),
        (230, 376, N'PetServicing for Veterinary Consultation', N'COMPLETED', N'2023-03-20 23:12:04.000', N'2023-03-22 21:05:44.000', 7),
        (231, 379, N'PetServicing for Dog Boarding', N'COMPLETED', N'2023-11-14 04:14:37.000', N'2023-11-16 16:29:31.000', 5),
        (232, 381, N'PetServicing for Dog Grooming', N'COMPLETED', N'2023-08-09 15:33:13.000', N'2023-08-12 10:45:21.000', 7),
        (233, 384, N'PetServicing for Dog Boarding', N'COMPLETED', N'2022-10-04 18:58:42.000', N'2022-10-05 12:14:33.000', 3),
        (234, 386, N'PetServicing for Pet Taxi', N'COMPLETED', N'2022-09-27 16:37:17.000', N'2022-09-28 09:00:39.000', 9),
        (235, 388, N'PetServicing for Cat Grooming', N'COMPLETED', N'2022-03-13 10:08:43.000', N'2022-03-14 07:37:23.000', 5),
        (236, 389, N'PetServicing for Dog Training', N'COMPLETED', N'2022-03-13 08:24:26.000', N'2022-03-15 00:07:24.000', 1),
        (237, 391, N'PetServicing for Pet Taxi', N'COMPLETED', N'2022-11-30 08:17:17.000', N'2022-12-02 20:56:35.000', 10),
        (238, 392, N'PetServicing for Dog Training', N'COMPLETED', N'2022-11-30 18:51:36.000', N'2022-12-03 08:14:13.000', 7),
        (239, 394, N'PetServicing for Pet Sitting', N'COMPLETED', N'2023-10-24 06:38:36.000', N'2023-10-26 09:59:56.000', 5),
        (240, 395, N'PetServicing for Cat Training', N'COMPLETED', N'2023-10-24 10:39:29.000', N'2023-10-26 01:24:22.000', 6),
        (241, 397, N'PetServicing for Cat Grooming', N'COMPLETED', N'2022-03-04 05:39:48.000', N'2022-03-05 10:54:25.000', 4),
        (242, 398, N'PetServicing for Pet Sitting', N'COMPLETED', N'2022-03-03 13:29:02.000', N'2022-03-05 01:38:21.000', 6),
        (243, 400, N'PetServicing for Cat Boarding', N'COMPLETED', N'2022-11-21 10:24:00.000', N'2022-11-22 12:05:12.000', 4),
        (244, 401, N'PetServicing for Cat Training', N'COMPLETED', N'2022-11-22 03:06:33.000', N'2022-11-24 16:02:27.000', 2),
        (245, 402, N'PetServicing for Dog Boarding', N'COMPLETED', N'2022-11-21 18:26:57.000', N'2022-11-23 16:11:37.000', 4),
        (246, 404, N'PetServicing for Dog Walking', N'COMPLETED', N'2022-12-26 13:46:13.000', N'2022-12-26 21:56:23.000', 1),
        (247, 405, N'PetServicing for Cat Boarding', N'COMPLETED', N'2022-12-26 15:59:53.000', N'2022-12-28 22:39:51.000', 5),
        (248, 407, N'PetServicing for Veterinary Consultation', N'IN_PROGRESS', N'2022-09-03 23:36:10.000', N'2022-09-05 21:27:28.000', 9),
        (249, 408, N'PetServicing for Dog Training', N'IN_PROGRESS', N'2022-09-03 15:13:35.000', N'2022-09-05 14:35:07.000', 1),
        (250, 410, N'PetServicing for Cat Training', N'COMPLETED', N'2022-07-12 14:25:59.000', N'2022-07-14 17:11:27.000', 3),
        (251, 411, N'PetServicing for Pet Taxi', N'COMPLETED', N'2022-07-13 02:07:34.000', N'2022-07-13 04:58:13.000', 9),
        (252, 413, N'PetServicing for Pet Taxi', N'COMPLETED', N'2022-01-01 10:07:44.000', N'2022-01-03 11:24:28.000', 4),
        (253, 414, N'PetServicing for Cat Training', N'COMPLETED', N'2022-01-01 10:14:05.000', N'2022-01-02 19:17:26.000', 5),
        (254, 415, N'PetServicing for Cat Training', N'COMPLETED', N'2022-01-01 18:31:46.000', N'2022-01-04 00:07:41.000', 2);
SET IDENTITY_INSERT bbpet.dbo.PetServicing OFF;




SET IDENTITY_INSERT bbpet.dbo.OrderItem ON;
insert into dbo.OrderItem (id, orderId, shopItemId, type, priceEach, quantity, discount, sourcingId, deliveryId)
values  (1, 1, 23, N'PRODUCT', 12.00, 4, 0.02, 1, 1),
        (2, 2, 24, N'PRODUCT', 20.00, 8, 0.06, 2, 2),
        (3, 2, 20, N'PRODUCT', 25.00, 1, 0.19, 3, 2),
        (4, 2, 8, N'SERVICE', 20.00, 3, 0.16, 4, 3),
        (5, 3, 23, N'PRODUCT', 12.00, 6, 0.20, 5, 4),
        (6, 3, 28, N'PRODUCT', 3.00, 5, 0.17, 6, 4),
        (7, 3, 30, N'PRODUCT', 10.00, 7, 0.04, 7, 4),
        (8, 3, 9, N'SERVICE', 25.00, 4, 0.17, 8, 5),
        (9, 3, 8, N'SERVICE', 20.00, 3, 0.14, 9, 6),
        (10, 3, 8, N'SERVICE', 20.00, 3, 0.04, 10, 7),
        (11, 4, 16, N'PRODUCT', 8.00, 8, 0.06, 11, 8),
        (12, 4, 14, N'PRODUCT', 5.00, 6, 0.02, 12, 8),
        (13, 4, 8, N'SERVICE', 20.00, 2, 0.02, 13, 9),
        (14, 4, 5, N'SERVICE', 30.00, 4, 0.20, 14, 10),
        (15, 4, 6, N'SERVICE', 25.00, 2, 0.03, 15, 11),
        (16, 5, 25, N'PRODUCT', 10.00, 7, 0.12, 16, 12),
        (17, 5, 20, N'PRODUCT', 25.00, 8, 0.10, 17, 12),
        (18, 5, 2, N'SERVICE', 25.00, 2, 0.19, 18, 13),
        (19, 6, 29, N'PRODUCT', 12.00, 6, 0.18, 19, 14),
        (20, 6, 15, N'PRODUCT', 10.00, 6, 0.03, 20, 14),
        (21, 6, 20, N'PRODUCT', 25.00, 5, 0.11, 21, 14),
        (22, 6, 2, N'SERVICE', 25.00, 4, 0.07, 22, 15),
        (23, 7, 23, N'PRODUCT', 12.00, 4, 0.06, 23, 16),
        (24, 7, 27, N'PRODUCT', 5.00, 9, 0.19, 24, 16),
        (25, 7, 6, N'SERVICE', 25.00, 1, 0.19, 25, 17),
        (26, 8, 28, N'PRODUCT', 3.00, 7, 0.12, 26, 18),
        (27, 8, 19, N'PRODUCT', 30.00, 10, 0.03, 27, 18),
        (28, 8, 28, N'PRODUCT', 3.00, 10, 0.12, 28, 18),
        (29, 8, 9, N'SERVICE', 25.00, 3, 0.14, 29, 19),
        (30, 9, 25, N'PRODUCT', 10.00, 8, 0.12, 30, 20),
        (31, 9, 27, N'PRODUCT', 5.00, 10, 0.18, 31, 20),
        (32, 9, 20, N'PRODUCT', 25.00, 2, 0.08, 32, 20),
        (33, 9, 13, N'PRODUCT', 10.00, 4, 0.02, 33, 20),
        (34, 9, 6, N'SERVICE', 25.00, 2, 0.05, 34, 21),
        (35, 9, 10, N'SERVICE', 50.00, 4, 0.14, 35, 22),
        (36, 10, 21, N'PRODUCT', 15.00, 6, 0.14, 36, 23),
        (37, 10, 17, N'PRODUCT', 50.00, 7, 0.13, 37, 23),
        (38, 10, 16, N'PRODUCT', 8.00, 8, 0.09, 38, 23),
        (39, 10, 7, N'SERVICE', 15.00, 2, 0.14, 39, 24),
        (40, 10, 2, N'SERVICE', 25.00, 3, 0.06, 40, 25),
        (41, 11, 29, N'PRODUCT', 12.00, 6, 0.07, 41, 26),
        (42, 11, 6, N'SERVICE', 25.00, 3, 0.10, 42, 27),
        (43, 12, 26, N'PRODUCT', 8.00, 5, 0.18, 41, 28),
        (44, 12, 19, N'PRODUCT', 30.00, 2, 0.15, 41, 28),
        (45, 12, 4, N'SERVICE', 40.00, 3, 0.04, 43, 29),
        (46, 12, 7, N'SERVICE', 15.00, 1, 0.08, 44, 30),
        (47, 13, 22, N'PRODUCT', 10.00, 2, 0.07, 45, 31),
        (48, 13, 5, N'SERVICE', 30.00, 4, 0.07, 46, 32),
        (49, 13, 6, N'SERVICE', 25.00, 4, 0.08, 47, 33),
        (50, 14, 14, N'PRODUCT', 5.00, 9, 0.02, 48, 34),
        (51, 14, 13, N'PRODUCT', 10.00, 7, 0.03, 49, 34),
        (52, 14, 12, N'PRODUCT', 15.00, 6, 0.18, 50, 34),
        (53, 14, 10, N'SERVICE', 50.00, 4, 0.01, 51, 35),
        (54, 15, 15, N'PRODUCT', 10.00, 1, 0.16, 52, null),
        (55, 15, 15, N'PRODUCT', 10.00, 2, 0.13, 53, null),
        (56, 15, 25, N'PRODUCT', 10.00, 7, 0.04, 54, null),
        (57, 15, 6, N'SERVICE', 25.00, 4, 0.13, 55, null),
        (58, 15, 1, N'SERVICE', 30.00, 3, 0.06, 56, null),
        (59, 16, 28, N'PRODUCT', 3.00, 9, 0.11, 57, 36),
        (60, 16, 20, N'PRODUCT', 25.00, 4, 0.09, 58, 36),
        (61, 16, 17, N'PRODUCT', 50.00, 1, 0.07, 59, 36),
        (62, 16, 14, N'PRODUCT', 5.00, 4, 0.15, 60, 36),
        (63, 16, 3, N'SERVICE', 50.00, 3, 0.05, 61, 37),
        (64, 16, 8, N'SERVICE', 20.00, 2, 0.03, 62, 38),
        (65, 17, 19, N'PRODUCT', 30.00, 8, 0.02, 60, 39),
        (66, 17, 25, N'PRODUCT', 10.00, 3, 0.14, 60, 39),
        (67, 17, 19, N'PRODUCT', 30.00, 7, 0.16, 60, 39),
        (68, 17, 10, N'SERVICE', 50.00, 4, 0.07, 63, 40),
        (69, 17, 2, N'SERVICE', 25.00, 2, 0.00, 64, 41),
        (70, 17, 6, N'SERVICE', 25.00, 5, 0.18, 65, 42),
        (71, 18, 20, N'PRODUCT', 25.00, 8, 0.09, 66, 43),
        (72, 18, 24, N'PRODUCT', 20.00, 2, 0.09, 67, 43),
        (73, 18, 16, N'PRODUCT', 8.00, 8, 0.07, 68, 43),
        (74, 18, 2, N'SERVICE', 25.00, 2, 0.04, 69, 44),
        (75, 18, 6, N'SERVICE', 25.00, 3, 0.00, 70, 45),
        (76, 18, 7, N'SERVICE', 15.00, 4, 0.00, 71, 46),
        (77, 19, 18, N'PRODUCT', 100.00, 4, 0.06, 72, 47),
        (78, 19, 22, N'PRODUCT', 10.00, 2, 0.03, 73, 47),
        (79, 19, 28, N'PRODUCT', 3.00, 1, 0.12, 74, 47),
        (80, 20, 18, N'PRODUCT', 100.00, 8, 0.15, 75, 48),
        (81, 20, 30, N'PRODUCT', 10.00, 4, 0.10, 76, 48),
        (82, 20, 22, N'PRODUCT', 10.00, 7, 0.10, 77, 48),
        (83, 20, 5, N'SERVICE', 30.00, 3, 0.18, 78, 49),
        (84, 21, 22, N'PRODUCT', 10.00, 7, 0.02, 79, 50),
        (85, 21, 2, N'SERVICE', 25.00, 3, 0.03, 80, 51),
        (86, 21, 6, N'SERVICE', 25.00, 5, 0.07, 81, 52),
        (87, 22, 13, N'PRODUCT', 10.00, 5, 0.18, 82, 53),
        (88, 22, 17, N'PRODUCT', 50.00, 9, 0.16, 83, 53),
        (89, 22, 2, N'SERVICE', 25.00, 1, 0.05, 84, 54),
        (90, 23, 23, N'PRODUCT', 12.00, 9, 0.07, 85, 55),
        (91, 23, 26, N'PRODUCT', 8.00, 2, 0.07, 86, 55),
        (92, 23, 30, N'PRODUCT', 10.00, 5, 0.06, 87, 55),
        (93, 23, 6, N'SERVICE', 25.00, 5, 0.01, 88, 56),
        (94, 23, 4, N'SERVICE', 40.00, 2, 0.12, 89, 57),
        (95, 24, 21, N'PRODUCT', 15.00, 4, 0.11, 90, null),
        (96, 24, 22, N'PRODUCT', 10.00, 8, 0.05, 91, null),
        (97, 24, 6, N'SERVICE', 25.00, 4, 0.03, 92, null),
        (98, 24, 4, N'SERVICE', 40.00, 5, 0.03, 93, null),
        (99, 25, 27, N'PRODUCT', 5.00, 3, 0.08, 94, 58),
        (100, 25, 27, N'PRODUCT', 5.00, 7, 0.20, 95, 58),
        (101, 25, 29, N'PRODUCT', 12.00, 6, 0.00, 96, 58),
        (102, 25, 26, N'PRODUCT', 8.00, 6, 0.03, 97, 58),
        (103, 25, 4, N'SERVICE', 40.00, 4, 0.14, 98, 59),
        (104, 25, 10, N'SERVICE', 50.00, 2, 0.06, 99, 60),
        (105, 25, 5, N'SERVICE', 30.00, 1, 0.09, 100, 61),
        (106, 26, 16, N'PRODUCT', 8.00, 5, 0.05, 101, 62),
        (107, 27, 18, N'PRODUCT', 100.00, 10, 0.13, 102, 63),
        (108, 27, 26, N'PRODUCT', 8.00, 4, 0.01, 103, 63),
        (109, 27, 7, N'SERVICE', 15.00, 4, 0.17, 104, 64),
        (110, 28, 20, N'PRODUCT', 25.00, 5, 0.14, 105, 65),
        (111, 28, 18, N'PRODUCT', 100.00, 3, 0.04, 106, 65),
        (112, 28, 18, N'PRODUCT', 100.00, 5, 0.11, 107, 65),
        (113, 28, 3, N'SERVICE', 50.00, 4, 0.06, 108, 66),
        (114, 28, 6, N'SERVICE', 25.00, 4, 0.19, 109, 67),
        (115, 29, 17, N'PRODUCT', 50.00, 3, 0.17, 110, null),
        (116, 29, 30, N'PRODUCT', 10.00, 6, 0.10, 111, null),
        (117, 29, 21, N'PRODUCT', 15.00, 1, 0.16, 112, null),
        (118, 29, 9, N'SERVICE', 25.00, 3, 0.17, 113, null),
        (119, 29, 9, N'SERVICE', 25.00, 4, 0.12, 114, null),
        (120, 30, 27, N'PRODUCT', 5.00, 8, 0.00, 115, 68),
        (121, 30, 23, N'PRODUCT', 12.00, 3, 0.02, 116, 68),
        (122, 30, 5, N'SERVICE', 30.00, 2, 0.05, 117, 69),
        (123, 31, 27, N'PRODUCT', 5.00, 4, 0.07, 118, 70),
        (124, 31, 30, N'PRODUCT', 10.00, 9, 0.19, 119, 70),
        (125, 31, 28, N'PRODUCT', 3.00, 9, 0.03, 120, 70),
        (126, 32, 25, N'PRODUCT', 10.00, 6, 0.17, 121, 71),
        (127, 32, 30, N'PRODUCT', 10.00, 7, 0.05, 122, 71),
        (128, 32, 5, N'SERVICE', 30.00, 4, 0.13, 123, 72),
        (129, 33, 29, N'PRODUCT', 12.00, 6, 0.00, 124, null),
        (130, 33, 20, N'PRODUCT', 25.00, 3, 0.08, 125, null),
        (131, 34, 13, N'PRODUCT', 10.00, 1, 0.19, 126, 73),
        (132, 34, 4, N'SERVICE', 40.00, 1, 0.02, 127, 74),
        (133, 34, 3, N'SERVICE', 50.00, 1, 0.16, 128, 75),
        (134, 35, 21, N'PRODUCT', 15.00, 5, 0.09, 129, 76),
        (135, 35, 5, N'SERVICE', 30.00, 2, 0.00, 130, 77),
        (136, 35, 8, N'SERVICE', 20.00, 3, 0.10, 131, 78),
        (137, 36, 22, N'PRODUCT', 10.00, 4, 0.10, 129, 79),
        (138, 36, 27, N'PRODUCT', 5.00, 3, 0.07, 129, 79),
        (139, 36, 9, N'SERVICE', 25.00, 4, 0.19, 132, 80),
        (140, 36, 1, N'SERVICE', 30.00, 2, 0.09, 133, 81),
        (141, 36, 2, N'SERVICE', 25.00, 3, 0.12, 134, 82),
        (142, 37, 16, N'PRODUCT', 8.00, 9, 0.08, 135, 83),
        (143, 37, 27, N'PRODUCT', 5.00, 5, 0.18, 136, 83),
        (144, 37, 27, N'PRODUCT', 5.00, 6, 0.01, 137, 83),
        (145, 37, 6, N'SERVICE', 25.00, 2, 0.02, 138, 84),
        (146, 37, 7, N'SERVICE', 15.00, 2, 0.16, 139, 85),
        (147, 38, 18, N'PRODUCT', 100.00, 6, 0.13, 140, 86),
        (148, 38, 20, N'PRODUCT', 25.00, 5, 0.02, 141, 86),
        (149, 38, 3, N'SERVICE', 50.00, 4, 0.11, 142, 87),
        (150, 38, 2, N'SERVICE', 25.00, 2, 0.07, 143, 88),
        (151, 39, 26, N'PRODUCT', 8.00, 9, 0.01, 141, 89),
        (152, 39, 4, N'SERVICE', 40.00, 1, 0.11, 144, 90),
        (153, 39, 6, N'SERVICE', 25.00, 3, 0.13, 145, 91),
        (154, 40, 26, N'PRODUCT', 8.00, 3, 0.13, 146, 92),
        (155, 40, 22, N'PRODUCT', 10.00, 3, 0.04, 147, 92),
        (156, 40, 4, N'SERVICE', 40.00, 4, 0.16, 148, 93),
        (157, 40, 2, N'SERVICE', 25.00, 4, 0.14, 149, 94),
        (158, 41, 12, N'PRODUCT', 15.00, 6, 0.05, 150, 95),
        (159, 41, 22, N'PRODUCT', 10.00, 8, 0.15, 151, 95),
        (160, 41, 25, N'PRODUCT', 10.00, 9, 0.04, 152, 95),
        (161, 41, 4, N'SERVICE', 40.00, 2, 0.06, 153, 96),
        (162, 41, 6, N'SERVICE', 25.00, 4, 0.08, 154, 97),
        (163, 42, 26, N'PRODUCT', 8.00, 3, 0.02, 155, 98),
        (164, 42, 29, N'PRODUCT', 12.00, 8, 0.10, 156, 98),
        (165, 43, 26, N'PRODUCT', 8.00, 1, 0.12, 157, null),
        (166, 43, 12, N'PRODUCT', 15.00, 4, 0.20, 158, null),
        (167, 43, 26, N'PRODUCT', 8.00, 9, 0.16, 159, null),
        (168, 43, 3, N'SERVICE', 50.00, 3, 0.14, 160, null),
        (169, 44, 20, N'PRODUCT', 25.00, 9, 0.04, 161, 99),
        (170, 44, 8, N'SERVICE', 20.00, 2, 0.16, 162, 100),
        (171, 44, 9, N'SERVICE', 25.00, 5, 0.04, 163, 101),
        (172, 45, 29, N'PRODUCT', 12.00, 2, 0.17, 164, 102),
        (173, 45, 24, N'PRODUCT', 20.00, 4, 0.14, 165, 102),
        (174, 45, 7, N'SERVICE', 15.00, 5, 0.05, 166, 103),
        (175, 46, 17, N'PRODUCT', 50.00, 5, 0.05, 167, 104),
        (176, 46, 9, N'SERVICE', 25.00, 2, 0.06, 168, 105),
        (177, 47, 22, N'PRODUCT', 10.00, 2, 0.14, 169, 106),
        (178, 48, 18, N'PRODUCT', 100.00, 3, 0.16, 170, 107),
        (179, 48, 27, N'PRODUCT', 5.00, 8, 0.17, 171, 107),
        (180, 48, 11, N'PRODUCT', 20.00, 1, 0.10, 172, 107),
        (181, 48, 3, N'SERVICE', 50.00, 4, 0.07, 173, 108),
        (182, 49, 17, N'PRODUCT', 50.00, 8, 0.00, 174, 109),
        (183, 49, 11, N'PRODUCT', 20.00, 3, 0.01, 175, 109),
        (184, 49, 14, N'PRODUCT', 5.00, 9, 0.05, 176, 109),
        (185, 49, 9, N'SERVICE', 25.00, 2, 0.19, 177, 110),
        (186, 49, 5, N'SERVICE', 30.00, 4, 0.09, 178, 111),
        (187, 50, 13, N'PRODUCT', 10.00, 6, 0.05, 179, 112),
        (188, 50, 25, N'PRODUCT', 10.00, 6, 0.01, 180, 112),
        (189, 50, 3, N'SERVICE', 50.00, 3, 0.15, 181, 113),
        (190, 51, 17, N'PRODUCT', 50.00, 3, 0.01, 180, 114),
        (191, 51, 9, N'SERVICE', 25.00, 4, 0.20, 182, 115),
        (192, 52, 14, N'PRODUCT', 5.00, 7, 0.00, 183, 116),
        (193, 52, 13, N'PRODUCT', 10.00, 1, 0.18, 184, 116),
        (194, 52, 8, N'SERVICE', 20.00, 4, 0.19, 185, 117),
        (195, 52, 3, N'SERVICE', 50.00, 4, 0.13, 186, 118),
        (196, 53, 29, N'PRODUCT', 12.00, 8, 0.06, 187, 119),
        (197, 53, 10, N'SERVICE', 50.00, 3, 0.11, 188, 120),
        (198, 53, 3, N'SERVICE', 50.00, 3, 0.08, 189, 121),
        (199, 53, 3, N'SERVICE', 50.00, 3, 0.12, 190, 122),
        (200, 54, 21, N'PRODUCT', 15.00, 6, 0.03, 191, 123),
        (201, 54, 15, N'PRODUCT', 10.00, 7, 0.03, 192, 123),
        (202, 54, 2, N'SERVICE', 25.00, 3, 0.05, 193, 124),
        (203, 54, 4, N'SERVICE', 40.00, 1, 0.17, 194, 125),
        (204, 55, 29, N'PRODUCT', 12.00, 2, 0.14, 195, 126),
        (205, 55, 24, N'PRODUCT', 20.00, 4, 0.13, 196, 126),
        (206, 55, 3, N'SERVICE', 50.00, 1, 0.02, 197, 127),
        (207, 55, 9, N'SERVICE', 25.00, 3, 0.01, 198, 128),
        (208, 56, 19, N'PRODUCT', 30.00, 10, 0.16, 199, 129),
        (209, 56, 20, N'PRODUCT', 25.00, 3, 0.11, 200, 129),
        (210, 56, 13, N'PRODUCT', 10.00, 7, 0.02, 201, 129),
        (211, 56, 29, N'PRODUCT', 12.00, 9, 0.01, 202, 129),
        (212, 56, 7, N'SERVICE', 15.00, 3, 0.06, 203, 130),
        (213, 57, 28, N'PRODUCT', 3.00, 9, 0.01, 204, 131),
        (214, 57, 24, N'PRODUCT', 20.00, 1, 0.08, 205, 131),
        (215, 57, 18, N'PRODUCT', 100.00, 8, 0.11, 206, 131),
        (216, 57, 7, N'SERVICE', 15.00, 2, 0.11, 207, 132),
        (217, 57, 3, N'SERVICE', 50.00, 3, 0.05, 208, 133),
        (218, 58, 26, N'PRODUCT', 8.00, 4, 0.03, 209, 134),
        (219, 58, 24, N'PRODUCT', 20.00, 4, 0.04, 210, 134),
        (220, 58, 3, N'SERVICE', 50.00, 3, 0.11, 211, 135),
        (221, 59, 20, N'PRODUCT', 25.00, 9, 0.18, 212, 136),
        (222, 59, 27, N'PRODUCT', 5.00, 7, 0.01, 213, 136),
        (223, 59, 2, N'SERVICE', 25.00, 2, 0.14, 214, 137),
        (224, 59, 8, N'SERVICE', 20.00, 4, 0.17, 215, 138),
        (225, 59, 6, N'SERVICE', 25.00, 3, 0.14, 216, 139),
        (226, 60, 15, N'PRODUCT', 10.00, 5, 0.09, 217, 140),
        (227, 60, 21, N'PRODUCT', 15.00, 6, 0.05, 218, 140),
        (228, 60, 30, N'PRODUCT', 10.00, 5, 0.00, 219, 140),
        (229, 60, 4, N'SERVICE', 40.00, 2, 0.09, 220, 141),
        (230, 60, 9, N'SERVICE', 25.00, 3, 0.19, 221, 142),
        (231, 61, 15, N'PRODUCT', 10.00, 3, 0.01, 219, 143),
        (232, 61, 24, N'PRODUCT', 20.00, 5, 0.16, 219, 143),
        (233, 62, 17, N'PRODUCT', 50.00, 6, 0.15, 222, 144),
        (234, 62, 29, N'PRODUCT', 12.00, 6, 0.09, 223, 144),
        (235, 62, 25, N'PRODUCT', 10.00, 6, 0.15, 224, 144),
        (236, 63, 29, N'PRODUCT', 12.00, 4, 0.11, 225, 145),
        (237, 63, 11, N'PRODUCT', 20.00, 6, 0.19, 226, 145),
        (238, 63, 21, N'PRODUCT', 15.00, 3, 0.15, 227, 145),
        (239, 63, 3, N'SERVICE', 50.00, 2, 0.02, 228, 146),
        (240, 63, 8, N'SERVICE', 20.00, 4, 0.15, 229, 147),
        (241, 64, 17, N'PRODUCT', 50.00, 8, 0.12, 230, 148),
        (242, 64, 14, N'PRODUCT', 5.00, 2, 0.13, 231, 148),
        (243, 64, 9, N'SERVICE', 25.00, 4, 0.16, 232, 149),
        (244, 64, 5, N'SERVICE', 30.00, 3, 0.05, 233, 150),
        (245, 65, 27, N'PRODUCT', 5.00, 9, 0.08, 234, 151),
        (246, 65, 12, N'PRODUCT', 15.00, 6, 0.12, 235, 151),
        (247, 65, 16, N'PRODUCT', 8.00, 10, 0.15, 236, 151),
        (248, 65, 19, N'PRODUCT', 30.00, 6, 0.06, 237, 151),
        (249, 66, 12, N'PRODUCT', 15.00, 8, 0.18, 238, 152),
        (250, 66, 28, N'PRODUCT', 3.00, 2, 0.04, 239, 152),
        (251, 66, 17, N'PRODUCT', 50.00, 2, 0.01, 240, 152),
        (252, 66, 16, N'PRODUCT', 8.00, 7, 0.04, 241, 152),
        (253, 66, 9, N'SERVICE', 25.00, 1, 0.12, 242, 153),
        (254, 67, 22, N'PRODUCT', 10.00, 4, 0.05, 243, 154),
        (255, 67, 14, N'PRODUCT', 5.00, 6, 0.10, 244, 154),
        (256, 67, 5, N'SERVICE', 30.00, 2, 0.10, 245, 155),
        (257, 67, 8, N'SERVICE', 20.00, 4, 0.09, 246, 156),
        (258, 67, 10, N'SERVICE', 50.00, 1, 0.16, 247, 157),
        (259, 68, 28, N'PRODUCT', 3.00, 1, 0.05, 248, 158),
        (260, 68, 15, N'PRODUCT', 10.00, 2, 0.16, 249, 158),
        (261, 68, 21, N'PRODUCT', 15.00, 6, 0.12, 250, 158),
        (262, 68, 24, N'PRODUCT', 20.00, 10, 0.14, 251, 158),
        (263, 69, 11, N'PRODUCT', 20.00, 3, 0.13, 252, 159),
        (264, 69, 25, N'PRODUCT', 10.00, 9, 0.15, 253, 159),
        (265, 69, 23, N'PRODUCT', 12.00, 10, 0.20, 254, 159),
        (266, 69, 19, N'PRODUCT', 30.00, 5, 0.05, 255, 159),
        (267, 69, 9, N'SERVICE', 25.00, 1, 0.19, 256, 160),
        (268, 70, 11, N'PRODUCT', 20.00, 7, 0.01, 257, 161),
        (269, 70, 30, N'PRODUCT', 10.00, 4, 0.18, 258, 161),
        (270, 70, 16, N'PRODUCT', 8.00, 7, 0.12, 259, 161),
        (271, 70, 5, N'SERVICE', 30.00, 4, 0.18, 260, 162),
        (272, 71, 21, N'PRODUCT', 15.00, 6, 0.15, 261, null),
        (273, 71, 13, N'PRODUCT', 10.00, 4, 0.02, 262, null),
        (274, 71, 26, N'PRODUCT', 8.00, 3, 0.18, 263, null),
        (275, 71, 25, N'PRODUCT', 10.00, 5, 0.16, 264, null),
        (276, 71, 8, N'SERVICE', 20.00, 4, 0.18, 265, null),
        (277, 71, 8, N'SERVICE', 20.00, 1, 0.08, 266, null),
        (278, 71, 9, N'SERVICE', 25.00, 2, 0.02, 267, null),
        (279, 72, 27, N'PRODUCT', 5.00, 4, 0.03, 268, 163),
        (280, 72, 2, N'SERVICE', 25.00, 3, 0.13, 269, 164),
        (281, 72, 3, N'SERVICE', 50.00, 3, 0.03, 270, 165),
        (282, 72, 3, N'SERVICE', 50.00, 2, 0.09, 271, 166),
        (283, 73, 14, N'PRODUCT', 5.00, 6, 0.10, 272, 167),
        (284, 73, 14, N'PRODUCT', 5.00, 10, 0.09, 273, 167),
        (285, 73, 21, N'PRODUCT', 15.00, 1, 0.10, 274, 167),
        (286, 73, 25, N'PRODUCT', 10.00, 5, 0.18, 275, 167),
        (287, 73, 5, N'SERVICE', 30.00, 2, 0.14, 276, 168),
        (288, 73, 9, N'SERVICE', 25.00, 4, 0.16, 277, 169),
        (289, 74, 17, N'PRODUCT', 50.00, 2, 0.16, 278, 170),
        (290, 74, 15, N'PRODUCT', 10.00, 6, 0.14, 279, 170),
        (291, 74, 22, N'PRODUCT', 10.00, 8, 0.14, 280, 170),
        (292, 74, 8, N'SERVICE', 20.00, 4, 0.08, 281, 171),
        (293, 74, 4, N'SERVICE', 40.00, 4, 0.07, 282, 172),
        (294, 74, 1, N'SERVICE', 30.00, 1, 0.04, 283, 173),
        (295, 75, 14, N'PRODUCT', 5.00, 8, 0.01, 280, 174),
        (296, 75, 20, N'PRODUCT', 25.00, 2, 0.10, 280, 174),
        (297, 75, 29, N'PRODUCT', 12.00, 7, 0.18, 280, 174),
        (298, 75, 9, N'SERVICE', 25.00, 4, 0.04, 284, 175),
        (299, 75, 4, N'SERVICE', 40.00, 3, 0.02, 285, 176),
        (300, 75, 7, N'SERVICE', 15.00, 4, 0.05, 286, 177),
        (301, 76, 13, N'PRODUCT', 10.00, 4, 0.15, 287, 178),
        (302, 76, 16, N'PRODUCT', 8.00, 8, 0.06, 288, 178),
        (303, 76, 10, N'SERVICE', 50.00, 2, 0.19, 289, 179),
        (304, 76, 6, N'SERVICE', 25.00, 5, 0.13, 290, 180),
        (305, 76, 7, N'SERVICE', 15.00, 3, 0.14, 291, 181),
        (306, 77, 28, N'PRODUCT', 3.00, 5, 0.14, 288, 182),
        (307, 77, 11, N'PRODUCT', 20.00, 7, 0.07, 288, 182),
        (308, 77, 4, N'SERVICE', 40.00, 4, 0.01, 292, 183),
        (309, 78, 16, N'PRODUCT', 8.00, 4, 0.01, 293, 184),
        (310, 78, 26, N'PRODUCT', 8.00, 9, 0.07, 294, 184),
        (311, 78, 28, N'PRODUCT', 3.00, 2, 0.11, 295, 184),
        (312, 78, 3, N'SERVICE', 50.00, 3, 0.13, 296, 185),
        (313, 79, 28, N'PRODUCT', 3.00, 5, 0.16, 297, 186),
        (314, 79, 25, N'PRODUCT', 10.00, 6, 0.13, 298, 186),
        (315, 79, 19, N'PRODUCT', 30.00, 4, 0.08, 299, 186),
        (316, 79, 4, N'SERVICE', 40.00, 3, 0.01, 300, 187),
        (317, 79, 8, N'SERVICE', 20.00, 3, 0.18, 301, 188),
        (318, 79, 9, N'SERVICE', 25.00, 1, 0.12, 302, 189),
        (319, 80, 25, N'PRODUCT', 10.00, 4, 0.03, 299, 190),
        (320, 80, 15, N'PRODUCT', 10.00, 4, 0.07, 299, 190),
        (321, 80, 19, N'PRODUCT', 30.00, 5, 0.07, 299, 190),
        (322, 80, 20, N'PRODUCT', 25.00, 2, 0.06, 299, 190),
        (323, 81, 24, N'PRODUCT', 20.00, 8, 0.02, 303, 191),
        (324, 81, 23, N'PRODUCT', 12.00, 10, 0.01, 304, 191),
        (325, 81, 29, N'PRODUCT', 12.00, 1, 0.07, 305, 191),
        (326, 81, 6, N'SERVICE', 25.00, 3, 0.04, 306, 192),
        (327, 81, 4, N'SERVICE', 40.00, 5, 0.06, 307, 193),
        (328, 81, 2, N'SERVICE', 25.00, 1, 0.01, 308, 194),
        (329, 82, 14, N'PRODUCT', 5.00, 2, 0.05, 309, 195),
        (330, 82, 18, N'PRODUCT', 100.00, 2, 0.09, 310, 195),
        (331, 82, 10, N'SERVICE', 50.00, 1, 0.14, 311, 196),
        (332, 82, 10, N'SERVICE', 50.00, 2, 0.10, 312, 197),
        (333, 82, 2, N'SERVICE', 25.00, 1, 0.01, 313, 198),
        (334, 83, 23, N'PRODUCT', 12.00, 5, 0.05, 314, 199),
        (335, 83, 24, N'PRODUCT', 20.00, 8, 0.05, 315, 199),
        (336, 83, 7, N'SERVICE', 15.00, 3, 0.12, 316, 200),
        (337, 83, 6, N'SERVICE', 25.00, 3, 0.13, 317, 201),
        (338, 84, 20, N'PRODUCT', 25.00, 2, 0.07, 318, 202),
        (339, 84, 19, N'PRODUCT', 30.00, 3, 0.17, 319, 202),
        (340, 84, 12, N'PRODUCT', 15.00, 5, 0.13, 320, 202),
        (341, 84, 5, N'SERVICE', 30.00, 2, 0.15, 321, 203),
        (342, 84, 9, N'SERVICE', 25.00, 3, 0.06, 322, 204),
        (343, 85, 21, N'PRODUCT', 15.00, 4, 0.01, 323, 205),
        (344, 85, 17, N'PRODUCT', 50.00, 6, 0.19, 324, 205),
        (345, 85, 28, N'PRODUCT', 3.00, 3, 0.18, 325, 205),
        (346, 85, 9, N'SERVICE', 25.00, 4, 0.10, 326, 206),
        (347, 86, 30, N'PRODUCT', 10.00, 3, 0.10, 327, null),
        (348, 86, 27, N'PRODUCT', 5.00, 3, 0.17, 328, null),
        (349, 86, 23, N'PRODUCT', 12.00, 6, 0.10, 329, null),
        (350, 86, 5, N'SERVICE', 30.00, 5, 0.20, 330, null),
        (351, 86, 1, N'SERVICE', 30.00, 5, 0.03, 331, null),
        (352, 86, 7, N'SERVICE', 15.00, 4, 0.19, 332, null),
        (353, 87, 20, N'PRODUCT', 25.00, 7, 0.18, 333, 207),
        (354, 87, 29, N'PRODUCT', 12.00, 6, 0.04, 334, 207),
        (355, 87, 25, N'PRODUCT', 10.00, 2, 0.12, 335, 207),
        (356, 87, 3, N'SERVICE', 50.00, 2, 0.06, 336, 208),
        (357, 88, 13, N'PRODUCT', 10.00, 9, 0.10, 337, 209),
        (358, 88, 16, N'PRODUCT', 8.00, 7, 0.08, 338, 209),
        (359, 88, 13, N'PRODUCT', 10.00, 9, 0.09, 339, 209),
        (360, 88, 19, N'PRODUCT', 30.00, 9, 0.19, 340, 209),
        (361, 88, 7, N'SERVICE', 15.00, 2, 0.01, 341, 210),
        (362, 89, 17, N'PRODUCT', 50.00, 8, 0.19, 342, 211),
        (363, 89, 27, N'PRODUCT', 5.00, 2, 0.12, 343, 211),
        (364, 89, 23, N'PRODUCT', 12.00, 7, 0.17, 344, 211),
        (365, 89, 19, N'PRODUCT', 30.00, 2, 0.17, 345, 211),
        (366, 89, 4, N'SERVICE', 40.00, 4, 0.13, 346, 212),
        (367, 89, 9, N'SERVICE', 25.00, 3, 0.18, 347, 213),
        (368, 89, 6, N'SERVICE', 25.00, 3, 0.18, 348, 214),
        (369, 90, 25, N'PRODUCT', 10.00, 5, 0.16, 349, 215),
        (370, 90, 26, N'PRODUCT', 8.00, 6, 0.13, 350, 215),
        (371, 90, 25, N'PRODUCT', 10.00, 9, 0.04, 351, 215),
        (372, 90, 19, N'PRODUCT', 30.00, 3, 0.18, 352, 215),
        (373, 91, 22, N'PRODUCT', 10.00, 8, 0.05, 353, 216),
        (374, 91, 20, N'PRODUCT', 25.00, 4, 0.11, 354, 216),
        (375, 91, 23, N'PRODUCT', 12.00, 2, 0.02, 355, 216),
        (376, 91, 5, N'SERVICE', 30.00, 4, 0.01, 356, 217),
        (377, 92, 28, N'PRODUCT', 3.00, 5, 0.06, 355, 218),
        (378, 92, 2, N'SERVICE', 25.00, 3, 0.12, 357, 219),
        (379, 93, 16, N'PRODUCT', 8.00, 4, 0.09, 358, 220),
        (380, 93, 24, N'PRODUCT', 20.00, 3, 0.10, 359, 220),
        (381, 93, 4, N'SERVICE', 40.00, 5, 0.06, 360, 221),
        (382, 93, 2, N'SERVICE', 25.00, 3, 0.05, 361, 222),
        (383, 94, 14, N'PRODUCT', 5.00, 9, 0.11, 362, 223),
        (384, 94, 6, N'SERVICE', 25.00, 5, 0.14, 363, 224),
        (385, 95, 12, N'PRODUCT', 15.00, 8, 0.11, 362, 225),
        (386, 95, 2, N'SERVICE', 25.00, 3, 0.02, 364, 226),
        (387, 95, 10, N'SERVICE', 50.00, 4, 0.15, 365, 227),
        (388, 96, 20, N'PRODUCT', 25.00, 2, 0.09, 366, 228),
        (389, 96, 28, N'PRODUCT', 3.00, 8, 0.03, 367, 228),
        (390, 97, 26, N'PRODUCT', 8.00, 7, 0.16, 368, 229),
        (391, 97, 29, N'PRODUCT', 12.00, 8, 0.07, 369, 229),
        (392, 98, 28, N'PRODUCT', 3.00, 9, 0.03, 370, 230),
        (393, 98, 18, N'PRODUCT', 100.00, 4, 0.10, 371, 230),
        (394, 98, 9, N'SERVICE', 25.00, 2, 0.15, 372, 231),
        (395, 99, 25, N'PRODUCT', 10.00, 9, 0.19, 373, 232),
        (396, 99, 12, N'PRODUCT', 15.00, 7, 0.17, 374, 232),
        (397, 99, 29, N'PRODUCT', 12.00, 5, 0.05, 375, 232),
        (398, 99, 8, N'SERVICE', 20.00, 5, 0.04, 376, 233),
        (399, 99, 2, N'SERVICE', 25.00, 3, 0.17, 377, 234),
        (400, 100, 28, N'PRODUCT', 3.00, 8, 0.15, 378, 235),
        (401, 100, 25, N'PRODUCT', 10.00, 7, 0.04, 379, 235),
        (402, 101, 25, N'PRODUCT', 10.00, 10, 0.14, 380, 236),
        (403, 101, 18, N'PRODUCT', 100.00, 4, 0.06, 381, 236),
        (404, 101, 20, N'PRODUCT', 25.00, 5, 0.06, 382, 236),
        (405, 101, 5, N'SERVICE', 30.00, 1, 0.00, 383, 237),
        (406, 101, 3, N'SERVICE', 50.00, 4, 0.07, 384, 238),
        (407, 102, 14, N'PRODUCT', 5.00, 6, 0.09, 385, 239),
        (408, 102, 25, N'PRODUCT', 10.00, 2, 0.19, 386, 239),
        (409, 102, 19, N'PRODUCT', 30.00, 3, 0.14, 387, 239),
        (410, 102, 10, N'SERVICE', 50.00, 2, 0.05, 388, 240),
        (411, 102, 2, N'SERVICE', 25.00, 3, 0.10, 389, 241),
        (412, 103, 25, N'PRODUCT', 10.00, 5, 0.09, 390, 242),
        (413, 103, 25, N'PRODUCT', 10.00, 6, 0.09, 391, 242),
        (414, 103, 8, N'SERVICE', 20.00, 4, 0.08, 392, 243),
        (415, 103, 7, N'SERVICE', 15.00, 3, 0.04, 393, 244),
        (416, 104, 15, N'PRODUCT', 10.00, 9, 0.11, 394, 245),
        (417, 104, 21, N'PRODUCT', 15.00, 3, 0.11, 395, 245),
        (418, 104, 8, N'SERVICE', 20.00, 4, 0.18, 396, 246),
        (419, 104, 9, N'SERVICE', 25.00, 2, 0.08, 397, 247),
        (420, 104, 3, N'SERVICE', 50.00, 3, 0.19, 398, 248),
        (421, 105, 19, N'PRODUCT', 30.00, 9, 0.01, 399, 249),
        (422, 105, 20, N'PRODUCT', 25.00, 1, 0.19, 400, 249),
        (423, 105, 26, N'PRODUCT', 8.00, 2, 0.07, 401, 249),
        (424, 105, 1, N'SERVICE', 30.00, 2, 0.18, 402, 250),
        (425, 106, 24, N'PRODUCT', 20.00, 6, 0.05, 403, 251),
        (426, 106, 5, N'SERVICE', 30.00, 1, 0.16, 404, 252),
        (427, 106, 5, N'SERVICE', 30.00, 5, 0.11, 405, 253),
        (428, 106, 1, N'SERVICE', 30.00, 5, 0.11, 406, 254),
        (429, 107, 30, N'PRODUCT', 10.00, 5, 0.12, 403, 255),
        (430, 107, 23, N'PRODUCT', 12.00, 6, 0.15, 403, 255),
        (431, 107, 1, N'SERVICE', 30.00, 2, 0.05, 407, 256),
        (432, 108, 18, N'PRODUCT', 100.00, 8, 0.11, 403, 257),
        (433, 108, 28, N'PRODUCT', 3.00, 1, 0.10, 403, 257),
        (434, 108, 6, N'SERVICE', 25.00, 1, 0.12, 408, 258),
        (435, 109, 26, N'PRODUCT', 8.00, 3, 0.07, 403, 259),
        (436, 109, 13, N'PRODUCT', 10.00, 7, 0.15, 403, 259),
        (437, 109, 17, N'PRODUCT', 50.00, 6, 0.01, 403, 259),
        (438, 109, 1, N'SERVICE', 30.00, 5, 0.12, 409, 260),
        (439, 109, 6, N'SERVICE', 25.00, 4, 0.08, 410, 261),
        (440, 110, 26, N'PRODUCT', 8.00, 7, 0.15, 411, 262),
        (441, 110, 12, N'PRODUCT', 15.00, 8, 0.20, 412, 262),
        (442, 111, 11, N'PRODUCT', 20.00, 4, 0.09, 413, 263),
        (443, 112, 24, N'PRODUCT', 20.00, 9, 0.15, 414, 264),
        (444, 112, 30, N'PRODUCT', 10.00, 3, 0.11, 415, 264),
        (445, 112, 4, N'SERVICE', 40.00, 1, 0.07, 416, 265),
        (446, 112, 8, N'SERVICE', 20.00, 1, 0.11, 417, 266),
        (447, 112, 5, N'SERVICE', 30.00, 4, 0.19, 418, 267),
        (448, 113, 11, N'PRODUCT', 20.00, 4, 0.06, 419, 268),
        (449, 113, 1, N'SERVICE', 30.00, 4, 0.13, 420, 269),
        (450, 113, 8, N'SERVICE', 20.00, 3, 0.08, 421, 270),
        (451, 113, 3, N'SERVICE', 50.00, 1, 0.06, 422, 271),
        (452, 114, 20, N'PRODUCT', 25.00, 9, 0.05, 423, 272),
        (453, 114, 12, N'PRODUCT', 15.00, 6, 0.09, 424, 272),
        (454, 114, 6, N'SERVICE', 25.00, 4, 0.00, 425, 273),
        (455, 115, 28, N'PRODUCT', 3.00, 7, 0.00, 424, 274),
        (456, 115, 24, N'PRODUCT', 20.00, 9, 0.09, 424, 274),
        (457, 116, 13, N'PRODUCT', 10.00, 10, 0.06, 426, 275),
        (458, 116, 13, N'PRODUCT', 10.00, 4, 0.18, 427, 275),
        (459, 116, 6, N'SERVICE', 25.00, 2, 0.05, 428, 276),
        (460, 117, 15, N'PRODUCT', 10.00, 5, 0.14, 429, 277),
        (461, 117, 16, N'PRODUCT', 8.00, 4, 0.07, 430, 277),
        (462, 118, 26, N'PRODUCT', 8.00, 5, 0.06, 431, 278),
        (463, 118, 15, N'PRODUCT', 10.00, 3, 0.14, 432, 278),
        (464, 118, 2, N'SERVICE', 25.00, 2, 0.05, 433, 279),
        (465, 119, 13, N'PRODUCT', 10.00, 4, 0.11, 434, 280),
        (466, 119, 26, N'PRODUCT', 8.00, 6, 0.05, 435, 280),
        (467, 119, 25, N'PRODUCT', 10.00, 9, 0.08, 436, 280),
        (468, 119, 27, N'PRODUCT', 5.00, 5, 0.12, 437, 280),
        (469, 119, 9, N'SERVICE', 25.00, 4, 0.03, 438, 281),
        (470, 119, 10, N'SERVICE', 50.00, 4, 0.08, 439, 282),
        (471, 120, 24, N'PRODUCT', 20.00, 5, 0.04, 440, 283),
        (472, 120, 15, N'PRODUCT', 10.00, 3, 0.11, 441, 283),
        (473, 120, 9, N'SERVICE', 25.00, 4, 0.05, 442, 284),
        (474, 120, 9, N'SERVICE', 25.00, 5, 0.10, 443, 285),
        (475, 120, 1, N'SERVICE', 30.00, 4, 0.06, 444, 286),
        (476, 121, 18, N'PRODUCT', 100.00, 7, 0.16, 445, 287),
        (477, 121, 25, N'PRODUCT', 10.00, 9, 0.13, 446, 287),
        (478, 121, 9, N'SERVICE', 25.00, 5, 0.07, 447, 288),
        (479, 121, 6, N'SERVICE', 25.00, 4, 0.01, 448, 289),
        (480, 121, 9, N'SERVICE', 25.00, 2, 0.12, 449, 290),
        (481, 122, 29, N'PRODUCT', 12.00, 6, 0.09, 450, 291),
        (482, 122, 20, N'PRODUCT', 25.00, 8, 0.17, 451, 291),
        (483, 122, 8, N'SERVICE', 20.00, 3, 0.14, 452, 292),
        (484, 123, 28, N'PRODUCT', 3.00, 5, 0.17, 453, null),
        (485, 123, 28, N'PRODUCT', 3.00, 7, 0.06, 454, null),
        (486, 123, 17, N'PRODUCT', 50.00, 3, 0.14, 455, null),
        (487, 123, 1, N'SERVICE', 30.00, 2, 0.01, 456, null),
        (488, 123, 9, N'SERVICE', 25.00, 4, 0.04, 457, null),
        (489, 124, 30, N'PRODUCT', 10.00, 5, 0.06, 458, 293),
        (490, 124, 30, N'PRODUCT', 10.00, 10, 0.19, 459, 293),
        (491, 124, 7, N'SERVICE', 15.00, 3, 0.14, 460, 294),
        (492, 125, 25, N'PRODUCT', 10.00, 8, 0.01, 461, 295),
        (493, 125, 22, N'PRODUCT', 10.00, 6, 0.19, 462, 295),
        (494, 125, 29, N'PRODUCT', 12.00, 5, 0.14, 463, 295),
        (495, 125, 8, N'SERVICE', 20.00, 3, 0.13, 464, 296),
        (496, 126, 22, N'PRODUCT', 10.00, 4, 0.03, 465, 297),
        (497, 126, 14, N'PRODUCT', 5.00, 5, 0.15, 466, 297),
        (498, 126, 8, N'SERVICE', 20.00, 1, 0.12, 467, 298),
        (499, 126, 6, N'SERVICE', 25.00, 2, 0.00, 468, 299),
        (500, 127, 16, N'PRODUCT', 8.00, 7, 0.06, 469, 300),
        (501, 127, 16, N'PRODUCT', 8.00, 10, 0.00, 470, 300),
        (502, 127, 22, N'PRODUCT', 10.00, 7, 0.15, 471, 300),
        (503, 127, 15, N'PRODUCT', 10.00, 7, 0.19, 472, 300),
        (504, 128, 17, N'PRODUCT', 50.00, 2, 0.19, 473, 301),
        (505, 128, 26, N'PRODUCT', 8.00, 7, 0.07, 474, 301),
        (506, 128, 11, N'PRODUCT', 20.00, 4, 0.03, 475, 301),
        (507, 129, 16, N'PRODUCT', 8.00, 3, 0.00, 476, 302),
        (508, 129, 14, N'PRODUCT', 5.00, 8, 0.09, 477, 302),
        (509, 129, 7, N'SERVICE', 15.00, 3, 0.15, 478, 303),
        (510, 129, 5, N'SERVICE', 30.00, 1, 0.07, 479, 304),
        (511, 129, 3, N'SERVICE', 50.00, 5, 0.15, 480, 305),
        (512, 130, 17, N'PRODUCT', 50.00, 8, 0.09, 481, 306),
        (513, 130, 28, N'PRODUCT', 3.00, 4, 0.14, 482, 306),
        (514, 130, 30, N'PRODUCT', 10.00, 7, 0.16, 483, 306),
        (515, 130, 29, N'PRODUCT', 12.00, 4, 0.15, 484, 306),
        (516, 130, 6, N'SERVICE', 25.00, 4, 0.10, 485, 307),
        (517, 130, 4, N'SERVICE', 40.00, 3, 0.11, 486, 308),
        (518, 131, 23, N'PRODUCT', 12.00, 9, 0.14, 487, 309),
        (519, 131, 2, N'SERVICE', 25.00, 4, 0.01, 488, 310),
        (520, 131, 9, N'SERVICE', 25.00, 5, 0.08, 489, 311),
        (521, 132, 12, N'PRODUCT', 15.00, 9, 0.08, 490, 312),
        (522, 132, 3, N'SERVICE', 50.00, 2, 0.14, 491, 313),
        (523, 133, 21, N'PRODUCT', 15.00, 6, 0.05, 492, 314),
        (524, 133, 22, N'PRODUCT', 10.00, 6, 0.09, 493, 314),
        (525, 133, 17, N'PRODUCT', 50.00, 5, 0.14, 494, 314),
        (526, 133, 16, N'PRODUCT', 8.00, 1, 0.19, 495, 314),
        (527, 133, 2, N'SERVICE', 25.00, 2, 0.10, 496, 315),
        (528, 133, 10, N'SERVICE', 50.00, 1, 0.00, 497, 316),
        (529, 134, 14, N'PRODUCT', 5.00, 2, 0.05, 495, 317),
        (530, 134, 22, N'PRODUCT', 10.00, 2, 0.13, 495, 317),
        (531, 134, 8, N'SERVICE', 20.00, 3, 0.04, 498, 318),
        (532, 134, 9, N'SERVICE', 25.00, 4, 0.02, 499, 319),
        (533, 135, 13, N'PRODUCT', 10.00, 9, 0.08, 500, 320),
        (534, 135, 23, N'PRODUCT', 12.00, 3, 0.13, 501, 320),
        (535, 135, 23, N'PRODUCT', 12.00, 2, 0.13, 502, 320),
        (536, 135, 8, N'SERVICE', 20.00, 4, 0.16, 503, 321),
        (537, 135, 9, N'SERVICE', 25.00, 2, 0.17, 504, 322),
        (538, 136, 16, N'PRODUCT', 8.00, 2, 0.12, 505, 323),
        (539, 136, 30, N'PRODUCT', 10.00, 7, 0.09, 506, 323),
        (540, 136, 6, N'SERVICE', 25.00, 3, 0.18, 507, 324),
        (541, 137, 19, N'PRODUCT', 30.00, 3, 0.01, 508, 325),
        (542, 137, 24, N'PRODUCT', 20.00, 7, 0.17, 509, 325),
        (543, 137, 13, N'PRODUCT', 10.00, 4, 0.08, 510, 325),
        (544, 137, 7, N'SERVICE', 15.00, 5, 0.08, 511, 326),
        (545, 138, 13, N'PRODUCT', 10.00, 8, 0.17, 512, 327),
        (546, 138, 8, N'SERVICE', 20.00, 3, 0.13, 513, 328),
        (547, 138, 6, N'SERVICE', 25.00, 3, 0.02, 514, 329),
        (548, 138, 8, N'SERVICE', 20.00, 1, 0.20, 515, 330),
        (549, 139, 21, N'PRODUCT', 15.00, 10, 0.04, 516, 331),
        (550, 139, 14, N'PRODUCT', 5.00, 8, 0.03, 517, 331),
        (551, 139, 13, N'PRODUCT', 10.00, 3, 0.16, 518, 331),
        (552, 139, 6, N'SERVICE', 25.00, 4, 0.06, 519, 332),
        (553, 139, 6, N'SERVICE', 25.00, 4, 0.08, 520, 333),
        (554, 139, 4, N'SERVICE', 40.00, 4, 0.03, 521, 334),
        (555, 140, 14, N'PRODUCT', 5.00, 2, 0.12, 522, 335),
        (556, 140, 3, N'SERVICE', 50.00, 4, 0.10, 523, 336),
        (557, 140, 9, N'SERVICE', 25.00, 1, 0.18, 524, 337),
        (558, 141, 22, N'PRODUCT', 10.00, 7, 0.12, 525, 338),
        (559, 141, 20, N'PRODUCT', 25.00, 1, 0.08, 526, 338),
        (560, 141, 6, N'SERVICE', 25.00, 3, 0.18, 527, 339),
        (561, 142, 28, N'PRODUCT', 3.00, 6, 0.19, 528, 340),
        (562, 142, 14, N'PRODUCT', 5.00, 5, 0.01, 529, 340),
        (563, 142, 20, N'PRODUCT', 25.00, 9, 0.01, 530, 340),
        (564, 143, 25, N'PRODUCT', 10.00, 9, 0.05, 531, 341),
        (565, 143, 5, N'SERVICE', 30.00, 4, 0.02, 532, 342),
        (566, 143, 10, N'SERVICE', 50.00, 1, 0.05, 533, 343),
        (567, 143, 4, N'SERVICE', 40.00, 2, 0.15, 534, 344),
        (568, 144, 13, N'PRODUCT', 10.00, 5, 0.17, 535, 345),
        (569, 144, 14, N'PRODUCT', 5.00, 8, 0.13, 536, 345),
        (570, 144, 10, N'SERVICE', 50.00, 2, 0.09, 537, 346),
        (571, 145, 28, N'PRODUCT', 3.00, 9, 0.13, 538, 347),
        (572, 145, 15, N'PRODUCT', 10.00, 9, 0.03, 539, 347),
        (573, 145, 13, N'PRODUCT', 10.00, 8, 0.08, 540, 347),
        (574, 145, 2, N'SERVICE', 25.00, 4, 0.06, 541, 348),
        (575, 145, 2, N'SERVICE', 25.00, 3, 0.06, 542, 349),
        (576, 146, 26, N'PRODUCT', 8.00, 2, 0.10, 543, 350),
        (577, 146, 29, N'PRODUCT', 12.00, 5, 0.09, 544, 350),
        (578, 146, 21, N'PRODUCT', 15.00, 8, 0.15, 545, 350),
        (579, 146, 28, N'PRODUCT', 3.00, 5, 0.04, 546, 350),
        (580, 146, 4, N'SERVICE', 40.00, 2, 0.12, 547, 351),
        (581, 146, 7, N'SERVICE', 15.00, 2, 0.18, 548, 352),
        (582, 146, 8, N'SERVICE', 20.00, 2, 0.17, 549, 353),
        (583, 147, 21, N'PRODUCT', 15.00, 3, 0.02, 550, null),
        (584, 147, 28, N'PRODUCT', 3.00, 3, 0.07, 551, null),
        (585, 147, 23, N'PRODUCT', 12.00, 9, 0.06, 552, null),
        (586, 147, 5, N'SERVICE', 30.00, 1, 0.14, 553, null),
        (587, 148, 25, N'PRODUCT', 10.00, 5, 0.10, 552, 354),
        (588, 148, 20, N'PRODUCT', 25.00, 9, 0.13, 552, 354),
        (589, 148, 13, N'PRODUCT', 10.00, 2, 0.05, 552, 354),
        (590, 148, 21, N'PRODUCT', 15.00, 1, 0.00, 552, 354),
        (591, 148, 2, N'SERVICE', 25.00, 4, 0.03, 554, 355),
        (592, 149, 18, N'PRODUCT', 100.00, 4, 0.10, 555, 356),
        (593, 149, 2, N'SERVICE', 25.00, 4, 0.09, 556, 357),
        (594, 149, 4, N'SERVICE', 40.00, 1, 0.19, 557, 358),
        (595, 150, 21, N'PRODUCT', 15.00, 7, 0.20, 558, 359),
        (596, 150, 27, N'PRODUCT', 5.00, 1, 0.13, 559, 359),
        (597, 150, 9, N'SERVICE', 25.00, 2, 0.11, 560, 360),
        (598, 150, 10, N'SERVICE', 50.00, 4, 0.07, 561, 361),
        (599, 151, 13, N'PRODUCT', 10.00, 4, 0.08, 562, 362),
        (600, 151, 1, N'SERVICE', 30.00, 2, 0.01, 563, 363),
        (601, 151, 9, N'SERVICE', 25.00, 5, 0.10, 564, 364),
        (602, 151, 6, N'SERVICE', 25.00, 3, 0.09, 565, 365),
        (603, 152, 19, N'PRODUCT', 30.00, 7, 0.14, 566, 366),
        (604, 152, 12, N'PRODUCT', 15.00, 1, 0.02, 567, 366),
        (605, 152, 14, N'PRODUCT', 5.00, 7, 0.16, 568, 366),
        (606, 152, 4, N'SERVICE', 40.00, 3, 0.15, 569, 367),
        (607, 153, 28, N'PRODUCT', 3.00, 7, 0.11, 570, null),
        (608, 153, 22, N'PRODUCT', 10.00, 9, 0.10, 571, null),
        (609, 153, 29, N'PRODUCT', 12.00, 3, 0.08, 572, null),
        (610, 154, 22, N'PRODUCT', 10.00, 9, 0.03, 573, 368),
        (611, 154, 19, N'PRODUCT', 30.00, 3, 0.09, 574, 368),
        (612, 154, 9, N'SERVICE', 25.00, 3, 0.20, 575, 369),
        (613, 154, 3, N'SERVICE', 50.00, 2, 0.04, 576, 370),
        (614, 155, 23, N'PRODUCT', 12.00, 6, 0.11, 577, 371),
        (615, 155, 13, N'PRODUCT', 10.00, 7, 0.02, 578, 371),
        (616, 155, 10, N'SERVICE', 50.00, 5, 0.05, 579, 372),
        (617, 155, 4, N'SERVICE', 40.00, 2, 0.06, 580, 373),
        (618, 156, 23, N'PRODUCT', 12.00, 9, 0.02, 581, 374),
        (619, 156, 25, N'PRODUCT', 10.00, 1, 0.02, 582, 374),
        (620, 156, 24, N'PRODUCT', 20.00, 2, 0.09, 583, 374),
        (621, 156, 3, N'SERVICE', 50.00, 3, 0.08, 584, 375),
        (622, 156, 10, N'SERVICE', 50.00, 3, 0.05, 585, 376),
        (623, 157, 21, N'PRODUCT', 15.00, 8, 0.09, 586, 377),
        (624, 157, 11, N'PRODUCT', 20.00, 7, 0.04, 587, 377),
        (625, 158, 29, N'PRODUCT', 12.00, 2, 0.06, 588, 378),
        (626, 158, 15, N'PRODUCT', 10.00, 4, 0.10, 589, 378),
        (627, 158, 5, N'SERVICE', 30.00, 5, 0.11, 590, 379),
        (628, 159, 20, N'PRODUCT', 25.00, 3, 0.18, 591, 380),
        (629, 159, 15, N'PRODUCT', 10.00, 8, 0.18, 592, 380),
        (630, 159, 25, N'PRODUCT', 10.00, 2, 0.05, 593, 380),
        (631, 159, 27, N'PRODUCT', 5.00, 6, 0.17, 594, 380),
        (632, 159, 1, N'SERVICE', 30.00, 4, 0.10, 595, 381),
        (633, 160, 22, N'PRODUCT', 10.00, 5, 0.15, 596, 382),
        (634, 161, 17, N'PRODUCT', 50.00, 4, 0.16, 597, 383),
        (635, 161, 5, N'SERVICE', 30.00, 4, 0.02, 598, 384),
        (636, 162, 16, N'PRODUCT', 8.00, 6, 0.08, 599, 385),
        (637, 162, 20, N'PRODUCT', 25.00, 4, 0.06, 600, 385),
        (638, 162, 9, N'SERVICE', 25.00, 3, 0.20, 601, 386),
        (639, 163, 23, N'PRODUCT', 12.00, 4, 0.02, 602, 387),
        (640, 163, 27, N'PRODUCT', 5.00, 4, 0.10, 603, 387),
        (641, 163, 13, N'PRODUCT', 10.00, 3, 0.11, 604, 387),
        (642, 163, 2, N'SERVICE', 25.00, 1, 0.16, 605, 388),
        (643, 163, 3, N'SERVICE', 50.00, 3, 0.18, 606, 389),
        (644, 164, 17, N'PRODUCT', 50.00, 10, 0.18, 607, 390),
        (645, 164, 24, N'PRODUCT', 20.00, 6, 0.03, 608, 390),
        (646, 164, 9, N'SERVICE', 25.00, 4, 0.07, 609, 391),
        (647, 164, 3, N'SERVICE', 50.00, 3, 0.01, 610, 392),
        (648, 165, 24, N'PRODUCT', 20.00, 10, 0.01, 611, 393),
        (649, 165, 22, N'PRODUCT', 10.00, 3, 0.18, 612, 393),
        (650, 165, 22, N'PRODUCT', 10.00, 7, 0.12, 613, 393),
        (651, 165, 13, N'PRODUCT', 10.00, 4, 0.03, 614, 393),
        (652, 165, 8, N'SERVICE', 20.00, 5, 0.04, 615, 394),
        (653, 165, 4, N'SERVICE', 40.00, 4, 0.12, 616, 395),
        (654, 166, 20, N'PRODUCT', 25.00, 7, 0.12, 617, 396),
        (655, 166, 2, N'SERVICE', 25.00, 2, 0.06, 618, 397),
        (656, 166, 8, N'SERVICE', 20.00, 2, 0.01, 619, 398),
        (657, 167, 30, N'PRODUCT', 10.00, 5, 0.17, 620, 399),
        (658, 167, 21, N'PRODUCT', 15.00, 5, 0.11, 621, 399),
        (659, 167, 17, N'PRODUCT', 50.00, 1, 0.15, 622, 399),
        (660, 167, 6, N'SERVICE', 25.00, 2, 0.07, 623, 400),
        (661, 167, 4, N'SERVICE', 40.00, 3, 0.02, 624, 401),
        (662, 167, 5, N'SERVICE', 30.00, 3, 0.13, 625, 402),
        (663, 168, 22, N'PRODUCT', 10.00, 7, 0.09, 626, 403),
        (664, 168, 22, N'PRODUCT', 10.00, 2, 0.09, 627, 403),
        (665, 168, 7, N'SERVICE', 15.00, 1, 0.13, 628, 404),
        (666, 168, 6, N'SERVICE', 25.00, 2, 0.15, 629, 405),
        (667, 169, 18, N'PRODUCT', 100.00, 7, 0.01, 627, 406),
        (668, 169, 16, N'PRODUCT', 8.00, 5, 0.09, 627, 406),
        (669, 169, 10, N'SERVICE', 50.00, 2, 0.19, 630, 407),
        (670, 169, 3, N'SERVICE', 50.00, 2, 0.15, 631, 408),
        (671, 170, 24, N'PRODUCT', 20.00, 5, 0.20, 632, 409),
        (672, 170, 25, N'PRODUCT', 10.00, 5, 0.12, 633, 409),
        (673, 170, 26, N'PRODUCT', 8.00, 4, 0.03, 634, 409),
        (674, 170, 4, N'SERVICE', 40.00, 3, 0.06, 635, 410),
        (675, 170, 9, N'SERVICE', 25.00, 4, 0.14, 636, 411),
        (676, 171, 22, N'PRODUCT', 10.00, 5, 0.09, 637, 412),
        (677, 171, 25, N'PRODUCT', 10.00, 8, 0.20, 638, 412),
        (678, 171, 9, N'SERVICE', 25.00, 4, 0.03, 639, 413),
        (679, 171, 4, N'SERVICE', 40.00, 2, 0.07, 640, 414),
        (680, 171, 4, N'SERVICE', 40.00, 3, 0.15, 641, 415);
SET IDENTITY_INSERT bbpet.dbo.OrderItem OFF;



