-- Always use right db
USE bbpet;
GO

-- turn on/off identity_insert for each table

SET IDENTITY_INSERT Employee ON;
INSERT INTO bbpet.dbo.Employee (id, name, address, phoneNumber) VALUES (1, N'John Doe', N'123 Main St, Irvine, CA 92602', N'555-1234');
INSERT INTO bbpet.dbo.Employee (id, name, address, phoneNumber) VALUES (2, N'Jane Smith', N'456 Oak St, Anaheim, CA 92801', N'555-5678');
INSERT INTO bbpet.dbo.Employee (id, name, address, phoneNumber) VALUES (3, N'Bob Johnson', N'789 Pine St, Santa Ana, CA 92703', N'555-9012');
INSERT INTO bbpet.dbo.Employee (id, name, address, phoneNumber) VALUES (4, N'Alice Williams', N'321 Elm St, Huntington Beach, CA 92647', N'555-3456');
INSERT INTO bbpet.dbo.Employee (id, name, address, phoneNumber) VALUES (5, N'Charlie Brown', N'654 Maple St, Fullerton, CA 92831', N'555-7890');
INSERT INTO bbpet.dbo.Employee (id, name, address, phoneNumber) VALUES (6, N'Emma Davis', N'987 Birch St, Costa Mesa, CA 92626', N'555-2345');
INSERT INTO bbpet.dbo.Employee (id, name, address, phoneNumber) VALUES (7, N'Michael Wilson', N'135 Cedar St, Newport Beach, CA 92660', N'555-6789');
INSERT INTO bbpet.dbo.Employee (id, name, address, phoneNumber) VALUES (8, N'Olivia Taylor', N'246 Cherry St, Garden Grove, CA 92840', N'555-0123');
INSERT INTO bbpet.dbo.Employee (id, name, address, phoneNumber) VALUES (9, N'William Moore', N'864 Walnut St, Orange, CA 92866', N'555-4567');
INSERT INTO bbpet.dbo.Employee (id, name, address, phoneNumber) VALUES (10, N'Sophia Martin', N'579 Hickory St, Tustin, CA 92780', N'555-8901');
SET IDENTITY_INSERT Employee OFF;


SET IDENTITY_INSERT ShopItem ON;
INSERT INTO bbpet.dbo.ShopItem (id, name, type, price) VALUES (1, N'Dog Grooming', N'SERVICE', 30.00);
INSERT INTO bbpet.dbo.ShopItem (id, name, type, price) VALUES (2, N'Cat Grooming', N'SERVICE', 25.00);
INSERT INTO bbpet.dbo.ShopItem (id, name, type, price) VALUES (3, N'Dog Training', N'SERVICE', 50.00);
INSERT INTO bbpet.dbo.ShopItem (id, name, type, price) VALUES (4, N'Cat Training', N'SERVICE', 40.00);
INSERT INTO bbpet.dbo.ShopItem (id, name, type, price) VALUES (5, N'Dog Boarding', N'SERVICE', 30.00);
INSERT INTO bbpet.dbo.ShopItem (id, name, type, price) VALUES (6, N'Cat Boarding', N'SERVICE', 25.00);
INSERT INTO bbpet.dbo.ShopItem (id, name, type, price) VALUES (7, N'Dog Walking', N'SERVICE', 15.00);
INSERT INTO bbpet.dbo.ShopItem (id, name, type, price) VALUES (8, N'Pet Sitting', N'SERVICE', 20.00);
INSERT INTO bbpet.dbo.ShopItem (id, name, type, price) VALUES (9, N'Pet Taxi', N'SERVICE', 25.00);
INSERT INTO bbpet.dbo.ShopItem (id, name, type, price) VALUES (10, N'Veterinary Consultation', N'SERVICE', 50.00);
INSERT INTO bbpet.dbo.ShopItem (id, name, type, price) VALUES (11, N'Dog Food', N'PRODUCT', 20.00);
INSERT INTO bbpet.dbo.ShopItem (id, name, type, price) VALUES (12, N'Cat Food', N'PRODUCT', 15.00);
INSERT INTO bbpet.dbo.ShopItem (id, name, type, price) VALUES (13, N'Bird Food', N'PRODUCT', 10.00);
INSERT INTO bbpet.dbo.ShopItem (id, name, type, price) VALUES (14, N'Fish Food', N'PRODUCT', 5.00);
INSERT INTO bbpet.dbo.ShopItem (id, name, type, price) VALUES (15, N'Dog Toy', N'PRODUCT', 10.00);
INSERT INTO bbpet.dbo.ShopItem (id, name, type, price) VALUES (16, N'Cat Toy', N'PRODUCT', 8.00);
INSERT INTO bbpet.dbo.ShopItem (id, name, type, price) VALUES (17, N'Bird Cage', N'PRODUCT', 50.00);
INSERT INTO bbpet.dbo.ShopItem (id, name, type, price) VALUES (18, N'Fish Tank', N'PRODUCT', 100.00);
INSERT INTO bbpet.dbo.ShopItem (id, name, type, price) VALUES (19, N'Dog Bed', N'PRODUCT', 30.00);
INSERT INTO bbpet.dbo.ShopItem (id, name, type, price) VALUES (20, N'Cat Bed', N'PRODUCT', 25.00);
INSERT INTO bbpet.dbo.ShopItem (id, name, type, price) VALUES (21, N'Dog Leash', N'PRODUCT', 15.00);
INSERT INTO bbpet.dbo.ShopItem (id, name, type, price) VALUES (22, N'Cat Collar', N'PRODUCT', 10.00);
INSERT INTO bbpet.dbo.ShopItem (id, name, type, price) VALUES (23, N'Bird Swing', N'PRODUCT', 12.00);
INSERT INTO bbpet.dbo.ShopItem (id, name, type, price) VALUES (24, N'Fish Filter', N'PRODUCT', 20.00);
INSERT INTO bbpet.dbo.ShopItem (id, name, type, price) VALUES (25, N'Dog Shampoo', N'PRODUCT', 10.00);
INSERT INTO bbpet.dbo.ShopItem (id, name, type, price) VALUES (26, N'Cat Litter', N'PRODUCT', 8.00);
INSERT INTO bbpet.dbo.ShopItem (id, name, type, price) VALUES (27, N'Bird Treat', N'PRODUCT', 5.00);
INSERT INTO bbpet.dbo.ShopItem (id, name, type, price) VALUES (28, N'Fish Food Flakes', N'PRODUCT', 3.00);
INSERT INTO bbpet.dbo.ShopItem (id, name, type, price) VALUES (29, N'Dog Brush', N'PRODUCT', 12.00);
INSERT INTO bbpet.dbo.ShopItem (id, name, type, price) VALUES (30, N'Cat Brush', N'PRODUCT', 10.00);
SET IDENTITY_INSERT ShopItem OFF;


SET IDENTITY_INSERT Service ON;
INSERT INTO bbpet.dbo.Service (id, shopItemId, name, description) VALUES (1, 1, N'Dog Grooming', N'Professional grooming service for dogs.');
INSERT INTO bbpet.dbo.Service (id, shopItemId, name, description) VALUES (2, 2, N'Cat Grooming', N'Professional grooming service for cats.');
INSERT INTO bbpet.dbo.Service (id, shopItemId, name, description) VALUES (3, 3, N'Dog Training', N'Professional training service for dogs.');
INSERT INTO bbpet.dbo.Service (id, shopItemId, name, description) VALUES (4, 4, N'Cat Training', N'Professional training service for cats.');
INSERT INTO bbpet.dbo.Service (id, shopItemId, name, description) VALUES (5, 5, N'Dog Boarding', N'Boarding service for dogs.');
INSERT INTO bbpet.dbo.Service (id, shopItemId, name, description) VALUES (6, 6, N'Cat Boarding', N'Boarding service for cats.');
INSERT INTO bbpet.dbo.Service (id, shopItemId, name, description) VALUES (7, 7, N'Dog Walking', N'Dog walking service.');
INSERT INTO bbpet.dbo.Service (id, shopItemId, name, description) VALUES (8, 8, N'Pet Sitting', N'Pet sitting service.');
INSERT INTO bbpet.dbo.Service (id, shopItemId, name, description) VALUES (9, 9, N'Pet Taxi', N'Pet transportation service.');
INSERT INTO bbpet.dbo.Service (id, shopItemId, name, description) VALUES (10, 10, N'Veterinary Consultation', N'Consultation with a licensed veterinarian.');
SET IDENTITY_INSERT Service OFF;

SET IDENTITY_INSERT Product ON;
INSERT INTO bbpet.dbo.Product (id, shopItemId, name, description) VALUES (1, 11, N'Dog Food', N'High-quality dog food for all breeds.');
INSERT INTO bbpet.dbo.Product (id, shopItemId, name, description) VALUES (2, 12, N'Cat Food', N'High-quality cat food for all breeds.');
INSERT INTO bbpet.dbo.Product (id, shopItemId, name, description) VALUES (3, 13, N'Bird Food', N'High-quality bird food for all species.');
INSERT INTO bbpet.dbo.Product (id, shopItemId, name, description) VALUES (4, 14, N'Fish Food', N'High-quality fish food for all species.');
INSERT INTO bbpet.dbo.Product (id, shopItemId, name, description) VALUES (5, 15, N'Dog Toy', N'Durable dog toy for play and exercise.');
INSERT INTO bbpet.dbo.Product (id, shopItemId, name, description) VALUES (6, 16, N'Cat Toy', N'Durable cat toy for play and exercise.');
INSERT INTO bbpet.dbo.Product (id, shopItemId, name, description) VALUES (7, 17, N'Bird Cage', N'Spacious bird cage for all bird species.');
INSERT INTO bbpet.dbo.Product (id, shopItemId, name, description) VALUES (8, 18, N'Fish Tank', N'Spacious fish tank for all fish species.');
INSERT INTO bbpet.dbo.Product (id, shopItemId, name, description) VALUES (9, 19, N'Dog Bed', N'Comfortable dog bed for all breeds.');
INSERT INTO bbpet.dbo.Product (id, shopItemId, name, description) VALUES (10, 20, N'Cat Bed', N'Comfortable cat bed for all breeds.');
INSERT INTO bbpet.dbo.Product (id, shopItemId, name, description) VALUES (11, 21, N'Dog Leash', N'Durable dog leash for all breeds.');
INSERT INTO bbpet.dbo.Product (id, shopItemId, name, description) VALUES (12, 22, N'Cat Collar', N'Durable cat collar with ID tag.');
INSERT INTO bbpet.dbo.Product (id, shopItemId, name, description) VALUES (13, 23, N'Bird Swing', N'Fun bird swing for all bird species.');
INSERT INTO bbpet.dbo.Product (id, shopItemId, name, description) VALUES (14, 24, N'Fish Filter', N'Efficient fish tank filter for clear water.');
INSERT INTO bbpet.dbo.Product (id, shopItemId, name, description) VALUES (15, 25, N'Dog Shampoo', N'Gentle dog shampoo for all breeds.');
INSERT INTO bbpet.dbo.Product (id, shopItemId, name, description) VALUES (16, 26, N'Cat Litter', N'Natural cat litter for odor control.');
INSERT INTO bbpet.dbo.Product (id, shopItemId, name, description) VALUES (17, 27, N'Bird Treat', N'Healthy bird treat for all species.');
INSERT INTO bbpet.dbo.Product (id, shopItemId, name, description) VALUES (18, 28, N'Fish Food Flakes', N'Nutritious fish food flakes for all species.');
INSERT INTO bbpet.dbo.Product (id, shopItemId, name, description) VALUES (19, 29, N'Dog Brush', N'Durable dog brush for all breeds.');
INSERT INTO bbpet.dbo.Product (id, shopItemId, name, description) VALUES (20, 30, N'Cat Brush', N'Durable cat brush for all breeds.');
SET IDENTITY_INSERT Product OFF;


SET IDENTITY_INSERT ProductInventory ON;
INSERT INTO bbpet.dbo.ProductInventory (id, productId, storeDate, storeLocation, priceEach, quantity, mgfDate, expDate) VALUES (1, 1, N'2022-01-01', N'Warehouse 1 - Westminster, CA 92683', 17.00, 100000, N'2022-01-01', N'2023-01-01');
INSERT INTO bbpet.dbo.ProductInventory (id, productId, storeDate, storeLocation, priceEach, quantity, mgfDate, expDate) VALUES (2, 1, N'2023-01-01', N'Warehouse 2 - Westminster, CA 92683', 17.50, 100000, N'2023-01-01', N'2024-01-01');
INSERT INTO bbpet.dbo.ProductInventory (id, productId, storeDate, storeLocation, priceEach, quantity, mgfDate, expDate) VALUES (3, 1, N'2024-01-01', N'Warehouse 3 - Westminster, CA 92683', 18.00, 100000, N'2024-01-01', N'2025-01-01');
INSERT INTO bbpet.dbo.ProductInventory (id, productId, storeDate, storeLocation, priceEach, quantity, mgfDate, expDate) VALUES (4, 2, N'2022-01-01', N'Warehouse 1 - Westminster, CA 92683', 13.00, 100000, N'2022-01-01', N'2023-01-01');
INSERT INTO bbpet.dbo.ProductInventory (id, productId, storeDate, storeLocation, priceEach, quantity, mgfDate, expDate) VALUES (5, 2, N'2023-01-01', N'Warehouse 2 - Westminster, CA 92683', 13.50, 100000, N'2023-01-01', N'2024-01-01');
INSERT INTO bbpet.dbo.ProductInventory (id, productId, storeDate, storeLocation, priceEach, quantity, mgfDate, expDate) VALUES (6, 2, N'2024-01-01', N'Warehouse 3 - Westminster, CA 92683', 14.00, 100000, N'2024-01-01', N'2025-01-01');
INSERT INTO bbpet.dbo.ProductInventory (id, productId, storeDate, storeLocation, priceEach, quantity, mgfDate, expDate) VALUES (7, 3, N'2022-01-01', N'Warehouse 1 - Westminster, CA 92683', 8.00, 100000, N'2022-01-01', N'2023-01-01');
INSERT INTO bbpet.dbo.ProductInventory (id, productId, storeDate, storeLocation, priceEach, quantity, mgfDate, expDate) VALUES (8, 3, N'2023-01-01', N'Warehouse 2 - Westminster, CA 92683', 8.50, 100000, N'2023-01-01', N'2024-01-01');
INSERT INTO bbpet.dbo.ProductInventory (id, productId, storeDate, storeLocation, priceEach, quantity, mgfDate, expDate) VALUES (9, 3, N'2024-01-01', N'Warehouse 3 - Westminster, CA 92683', 9.00, 100000, N'2024-01-01', N'2025-01-01');
INSERT INTO bbpet.dbo.ProductInventory (id, productId, storeDate, storeLocation, priceEach, quantity, mgfDate, expDate) VALUES (10, 4, N'2022-01-01', N'Warehouse 1 - Westminster, CA 92683', 3.00, 100000, N'2022-01-01', N'2023-01-01');
INSERT INTO bbpet.dbo.ProductInventory (id, productId, storeDate, storeLocation, priceEach, quantity, mgfDate, expDate) VALUES (11, 4, N'2023-01-01', N'Warehouse 2 - Westminster, CA 92683', 3.50, 100000, N'2023-01-01', N'2024-01-01');
INSERT INTO bbpet.dbo.ProductInventory (id, productId, storeDate, storeLocation, priceEach, quantity, mgfDate, expDate) VALUES (12, 4, N'2024-01-01', N'Warehouse 3 - Westminster, CA 92683', 4.00, 100000, N'2024-01-01', N'2025-01-01');
INSERT INTO bbpet.dbo.ProductInventory (id, productId, storeDate, storeLocation, priceEach, quantity, mgfDate, expDate) VALUES (13, 5, N'2022-01-01', N'Warehouse 1 - Westminster, CA 92683', 8.00, 100000, N'2022-01-01', N'2023-01-01');
INSERT INTO bbpet.dbo.ProductInventory (id, productId, storeDate, storeLocation, priceEach, quantity, mgfDate, expDate) VALUES (14, 5, N'2023-01-01', N'Warehouse 2 - Westminster, CA 92683', 8.50, 100000, N'2023-01-01', N'2024-01-01');
INSERT INTO bbpet.dbo.ProductInventory (id, productId, storeDate, storeLocation, priceEach, quantity, mgfDate, expDate) VALUES (15, 5, N'2024-01-01', N'Warehouse 3 - Westminster, CA 92683', 9.00, 100000, N'2024-01-01', N'2025-01-01');
INSERT INTO bbpet.dbo.ProductInventory (id, productId, storeDate, storeLocation, priceEach, quantity, mgfDate, expDate) VALUES (16, 6, N'2022-01-01', N'Warehouse 1 - Westminster, CA 92683', 6.00, 100000, N'2022-01-01', N'2023-01-01');
INSERT INTO bbpet.dbo.ProductInventory (id, productId, storeDate, storeLocation, priceEach, quantity, mgfDate, expDate) VALUES (17, 6, N'2023-01-01', N'Warehouse 2 - Westminster, CA 92683', 6.50, 100000, N'2023-01-01', N'2024-01-01');
INSERT INTO bbpet.dbo.ProductInventory (id, productId, storeDate, storeLocation, priceEach, quantity, mgfDate, expDate) VALUES (18, 6, N'2024-01-01', N'Warehouse 3 - Westminster, CA 92683', 7.00, 100000, N'2024-01-01', N'2025-01-01');
INSERT INTO bbpet.dbo.ProductInventory (id, productId, storeDate, storeLocation, priceEach, quantity, mgfDate, expDate) VALUES (19, 7, N'2022-01-01', N'Warehouse 1 - Westminster, CA 92683', 40.00, 100000, N'2022-01-01', N'2023-01-01');
INSERT INTO bbpet.dbo.ProductInventory (id, productId, storeDate, storeLocation, priceEach, quantity, mgfDate, expDate) VALUES (20, 7, N'2023-01-01', N'Warehouse 2 - Westminster, CA 92683', 42.00, 100000, N'2023-01-01', N'2024-01-01');
INSERT INTO bbpet.dbo.ProductInventory (id, productId, storeDate, storeLocation, priceEach, quantity, mgfDate, expDate) VALUES (21, 7, N'2024-01-01', N'Warehouse 3 - Westminster, CA 92683', 44.00, 100000, N'2024-01-01', N'2025-01-01');
INSERT INTO bbpet.dbo.ProductInventory (id, productId, storeDate, storeLocation, priceEach, quantity, mgfDate, expDate) VALUES (22, 8, N'2022-01-01', N'Warehouse 1 - Westminster, CA 92683', 80.00, 100000, N'2022-01-01', N'2023-01-01');
INSERT INTO bbpet.dbo.ProductInventory (id, productId, storeDate, storeLocation, priceEach, quantity, mgfDate, expDate) VALUES (23, 8, N'2023-01-01', N'Warehouse 2 - Westminster, CA 92683', 85.00, 100000, N'2023-01-01', N'2024-01-01');
INSERT INTO bbpet.dbo.ProductInventory (id, productId, storeDate, storeLocation, priceEach, quantity, mgfDate, expDate) VALUES (24, 8, N'2024-01-01', N'Warehouse 3 - Westminster, CA 92683', 90.00, 100000, N'2024-01-01', N'2025-01-01');
INSERT INTO bbpet.dbo.ProductInventory (id, productId, storeDate, storeLocation, priceEach, quantity, mgfDate, expDate) VALUES (25, 9, N'2022-01-01', N'Warehouse 1 - Westminster, CA 92683', 24.00, 100000, N'2022-01-01', N'2023-01-01');
INSERT INTO bbpet.dbo.ProductInventory (id, productId, storeDate, storeLocation, priceEach, quantity, mgfDate, expDate) VALUES (26, 9, N'2023-01-01', N'Warehouse 2 - Westminster, CA 92683', 25.00, 100000, N'2023-01-01', N'2024-01-01');
INSERT INTO bbpet.dbo.ProductInventory (id, productId, storeDate, storeLocation, priceEach, quantity, mgfDate, expDate) VALUES (27, 9, N'2024-01-01', N'Warehouse 3 - Westminster, CA 92683', 26.00, 100000, N'2024-01-01', N'2025-01-01');
INSERT INTO bbpet.dbo.ProductInventory (id, productId, storeDate, storeLocation, priceEach, quantity, mgfDate, expDate) VALUES (28, 10, N'2022-01-01', N'Warehouse 1 - Westminster, CA 92683', 20.00, 100000, N'2022-01-01', N'2023-01-01');
INSERT INTO bbpet.dbo.ProductInventory (id, productId, storeDate, storeLocation, priceEach, quantity, mgfDate, expDate) VALUES (29, 10, N'2023-01-01', N'Warehouse 2 - Westminster, CA 92683', 21.00, 100000, N'2023-01-01', N'2024-01-01');
INSERT INTO bbpet.dbo.ProductInventory (id, productId, storeDate, storeLocation, priceEach, quantity, mgfDate, expDate) VALUES (30, 10, N'2024-01-01', N'Warehouse 3 - Westminster, CA 92683', 22.00, 100000, N'2024-01-01', N'2025-01-01');
INSERT INTO bbpet.dbo.ProductInventory (id, productId, storeDate, storeLocation, priceEach, quantity, mgfDate, expDate) VALUES (31, 11, N'2022-01-01', N'Warehouse 1 - Westminster, CA 92683', 12.00, 100000, N'2022-01-01', N'2023-01-01');
INSERT INTO bbpet.dbo.ProductInventory (id, productId, storeDate, storeLocation, priceEach, quantity, mgfDate, expDate) VALUES (32, 11, N'2023-01-01', N'Warehouse 2 - Westminster, CA 92683', 13.00, 100000, N'2023-01-01', N'2024-01-01');
INSERT INTO bbpet.dbo.ProductInventory (id, productId, storeDate, storeLocation, priceEach, quantity, mgfDate, expDate) VALUES (33, 11, N'2024-01-01', N'Warehouse 3 - Westminster, CA 92683', 14.00, 100000, N'2024-01-01', N'2025-01-01');
INSERT INTO bbpet.dbo.ProductInventory (id, productId, storeDate, storeLocation, priceEach, quantity, mgfDate, expDate) VALUES (34, 12, N'2022-01-01', N'Warehouse 1 - Westminster, CA 92683', 8.00, 100000, N'2022-01-01', N'2023-01-01');
INSERT INTO bbpet.dbo.ProductInventory (id, productId, storeDate, storeLocation, priceEach, quantity, mgfDate, expDate) VALUES (35, 12, N'2023-01-01', N'Warehouse 2 - Westminster, CA 92683', 9.00, 100000, N'2023-01-01', N'2024-01-01');
INSERT INTO bbpet.dbo.ProductInventory (id, productId, storeDate, storeLocation, priceEach, quantity, mgfDate, expDate) VALUES (36, 12, N'2024-01-01', N'Warehouse 3 - Westminster, CA 92683', 10.00, 100000, N'2024-01-01', N'2025-01-01');
INSERT INTO bbpet.dbo.ProductInventory (id, productId, storeDate, storeLocation, priceEach, quantity, mgfDate, expDate) VALUES (37, 13, N'2022-01-01', N'Warehouse 1 - Westminster, CA 92683', 9.00, 100000, N'2022-01-01', N'2023-01-01');
INSERT INTO bbpet.dbo.ProductInventory (id, productId, storeDate, storeLocation, priceEach, quantity, mgfDate, expDate) VALUES (38, 13, N'2023-01-01', N'Warehouse 2 - Westminster, CA 92683', 10.00, 100000, N'2023-01-01', N'2024-01-01');
INSERT INTO bbpet.dbo.ProductInventory (id, productId, storeDate, storeLocation, priceEach, quantity, mgfDate, expDate) VALUES (39, 13, N'2024-01-01', N'Warehouse 3 - Westminster, CA 92683', 11.00, 100000, N'2024-01-01', N'2025-01-01');
INSERT INTO bbpet.dbo.ProductInventory (id, productId, storeDate, storeLocation, priceEach, quantity, mgfDate, expDate) VALUES (40, 14, N'2022-01-01', N'Warehouse 1 - Westminster, CA 92683', 16.00, 100000, N'2022-01-01', N'2023-01-01');
INSERT INTO bbpet.dbo.ProductInventory (id, productId, storeDate, storeLocation, priceEach, quantity, mgfDate, expDate) VALUES (41, 14, N'2023-01-01', N'Warehouse 2 - Westminster, CA 92683', 17.00, 100000, N'2023-01-01', N'2024-01-01');
INSERT INTO bbpet.dbo.ProductInventory (id, productId, storeDate, storeLocation, priceEach, quantity, mgfDate, expDate) VALUES (42, 14, N'2024-01-01', N'Warehouse 3 - Westminster, CA 92683', 18.00, 100000, N'2024-01-01', N'2025-01-01');
INSERT INTO bbpet.dbo.ProductInventory (id, productId, storeDate, storeLocation, priceEach, quantity, mgfDate, expDate) VALUES (43, 15, N'2022-01-01', N'Warehouse 1 - Westminster, CA 92683', 8.00, 100000, N'2022-01-01', N'2023-01-01');
INSERT INTO bbpet.dbo.ProductInventory (id, productId, storeDate, storeLocation, priceEach, quantity, mgfDate, expDate) VALUES (44, 15, N'2023-01-01', N'Warehouse 2 - Westminster, CA 92683', 9.00, 100000, N'2023-01-01', N'2024-01-01');
INSERT INTO bbpet.dbo.ProductInventory (id, productId, storeDate, storeLocation, priceEach, quantity, mgfDate, expDate) VALUES (45, 15, N'2024-01-01', N'Warehouse 3 - Westminster, CA 92683', 10.00, 100000, N'2024-01-01', N'2025-01-01');
INSERT INTO bbpet.dbo.ProductInventory (id, productId, storeDate, storeLocation, priceEach, quantity, mgfDate, expDate) VALUES (46, 16, N'2022-01-01', N'Warehouse 1 - Westminster, CA 92683', 6.00, 100000, N'2022-01-01', N'2023-01-01');
INSERT INTO bbpet.dbo.ProductInventory (id, productId, storeDate, storeLocation, priceEach, quantity, mgfDate, expDate) VALUES (47, 16, N'2023-01-01', N'Warehouse 2 - Westminster, CA 92683', 7.00, 100000, N'2023-01-01', N'2024-01-01');
INSERT INTO bbpet.dbo.ProductInventory (id, productId, storeDate, storeLocation, priceEach, quantity, mgfDate, expDate) VALUES (48, 16, N'2024-01-01', N'Warehouse 3 - Westminster, CA 92683', 8.00, 100000, N'2024-01-01', N'2025-01-01');
INSERT INTO bbpet.dbo.ProductInventory (id, productId, storeDate, storeLocation, priceEach, quantity, mgfDate, expDate) VALUES (49, 17, N'2022-01-01', N'Warehouse 1 - Westminster, CA 92683', 4.00, 100000, N'2022-01-01', N'2023-01-01');
INSERT INTO bbpet.dbo.ProductInventory (id, productId, storeDate, storeLocation, priceEach, quantity, mgfDate, expDate) VALUES (50, 17, N'2023-01-01', N'Warehouse 2 - Westminster, CA 92683', 4.50, 100000, N'2023-01-01', N'2024-01-01');
INSERT INTO bbpet.dbo.ProductInventory (id, productId, storeDate, storeLocation, priceEach, quantity, mgfDate, expDate) VALUES (51, 17, N'2024-01-01', N'Warehouse 3 - Westminster, CA 92683', 5.00, 100000, N'2024-01-01', N'2025-01-01');
INSERT INTO bbpet.dbo.ProductInventory (id, productId, storeDate, storeLocation, priceEach, quantity, mgfDate, expDate) VALUES (52, 18, N'2022-01-01', N'Warehouse 1 - Westminster, CA 92683', 2.00, 100000, N'2022-01-01', N'2023-01-01');
INSERT INTO bbpet.dbo.ProductInventory (id, productId, storeDate, storeLocation, priceEach, quantity, mgfDate, expDate) VALUES (53, 18, N'2023-01-01', N'Warehouse 2 - Westminster, CA 92683', 2.50, 100000, N'2023-01-01', N'2024-01-01');
INSERT INTO bbpet.dbo.ProductInventory (id, productId, storeDate, storeLocation, priceEach, quantity, mgfDate, expDate) VALUES (54, 18, N'2024-01-01', N'Warehouse 3 - Westminster, CA 92683', 3.00, 100000, N'2024-01-01', N'2025-01-01');
INSERT INTO bbpet.dbo.ProductInventory (id, productId, storeDate, storeLocation, priceEach, quantity, mgfDate, expDate) VALUES (55, 19, N'2022-01-01', N'Warehouse 1 - Westminster, CA 92683', 10.00, 100000, N'2022-01-01', N'2023-01-01');
INSERT INTO bbpet.dbo.ProductInventory (id, productId, storeDate, storeLocation, priceEach, quantity, mgfDate, expDate) VALUES (56, 19, N'2023-01-01', N'Warehouse 2 - Westminster, CA 92683', 11.00, 100000, N'2023-01-01', N'2024-01-01');
INSERT INTO bbpet.dbo.ProductInventory (id, productId, storeDate, storeLocation, priceEach, quantity, mgfDate, expDate) VALUES (57, 19, N'2024-01-01', N'Warehouse 3 - Westminster, CA 92683', 12.00, 100000, N'2024-01-01', N'2025-01-01');
INSERT INTO bbpet.dbo.ProductInventory (id, productId, storeDate, storeLocation, priceEach, quantity, mgfDate, expDate) VALUES (58, 20, N'2022-01-01', N'Warehouse 1 - Westminster, CA 92683', 8.00, 100000, N'2022-01-01', N'2023-01-01');
INSERT INTO bbpet.dbo.ProductInventory (id, productId, storeDate, storeLocation, priceEach, quantity, mgfDate, expDate) VALUES (59, 20, N'2023-01-01', N'Warehouse 2 - Westminster, CA 92683', 9.00, 100000, N'2023-01-01', N'2024-01-01');
INSERT INTO bbpet.dbo.ProductInventory (id, productId, storeDate, storeLocation, priceEach, quantity, mgfDate, expDate) VALUES (60, 20, N'2024-01-01', N'Warehouse 3 - Westminster, CA 92683', 10.00, 100000, N'2024-01-01', N'2025-01-01');
SET IDENTITY_INSERT ProductInventory OFF;


SET IDENTITY_INSERT Customer ON;
INSERT INTO bbpet.dbo.Customer (id, name, address, phoneNumber, accumulatedPoints) VALUES (1, N'John Doe', N'123 Main St, Los Angeles, CA 90001', N'424-123-0001', 0);
INSERT INTO bbpet.dbo.Customer (id, name, address, phoneNumber, accumulatedPoints) VALUES (2, N'Jane Smith', N'456 Oak St, Portland, OR 97201', N'503-555-0002', 0);
INSERT INTO bbpet.dbo.Customer (id, name, address, phoneNumber, accumulatedPoints) VALUES (3, N'Bob Johnson', N'789 Pine St, Phoenix, AZ 85001', N'602-555-0003', 0);
INSERT INTO bbpet.dbo.Customer (id, name, address, phoneNumber, accumulatedPoints) VALUES (4, N'Sally Lee', N'321 Elm St, Las Vegas, NV 89101', N'702-555-0004', 0);
INSERT INTO bbpet.dbo.Customer (id, name, address, phoneNumber, accumulatedPoints) VALUES (5, N'Tom Brown', N'654 Maple St, San Diego, CA 92101', N'619-555-0005', 0);
INSERT INTO bbpet.dbo.Customer (id, name, address, phoneNumber, accumulatedPoints) VALUES (6, N'Karen Davis', N'987 Birch St, Seattle, WA 98101', N'206-555-0006', 0);
INSERT INTO bbpet.dbo.Customer (id, name, address, phoneNumber, accumulatedPoints) VALUES (7, N'Mike Miller', N'135 Cedar St, San Francisco, CA 94102', N'415-555-0007', 0);
INSERT INTO bbpet.dbo.Customer (id, name, address, phoneNumber, accumulatedPoints) VALUES (8, N'Amy Taylor', N'246 Cherry St, Eugene, OR 97401', N'541-555-0008', 0);
INSERT INTO bbpet.dbo.Customer (id, name, address, phoneNumber, accumulatedPoints) VALUES (9, N'David Clark', N'864 Walnut St, Tucson, AZ 85701', N'520-555-0009', 0);
INSERT INTO bbpet.dbo.Customer (id, name, address, phoneNumber, accumulatedPoints) VALUES (10, N'Linda White', N'579 Hickory St, Reno, NV 89501', N'775-555-0010', 0);
INSERT INTO bbpet.dbo.Customer (id, name, address, phoneNumber, accumulatedPoints) VALUES (11, N'Emily Davis', N'123 Main St, Sacramento, CA 94203', N'916-555-0011', 0);
INSERT INTO bbpet.dbo.Customer (id, name, address, phoneNumber, accumulatedPoints) VALUES (12, N'Mark Johnson', N'456 Oak St, Vancouver, WA 98660', N'360-555-0012', 0);
INSERT INTO bbpet.dbo.Customer (id, name, address, phoneNumber, accumulatedPoints) VALUES (13, N'Sarah Smith', N'789 Pine St, Flagstaff, AZ 86001', N'928-555-0013', 0);
INSERT INTO bbpet.dbo.Customer (id, name, address, phoneNumber, accumulatedPoints) VALUES (14, N'William Lee', N'321 Elm St, Henderson, NV 89002', N'702-555-0014', 0);
INSERT INTO bbpet.dbo.Customer (id, name, address, phoneNumber, accumulatedPoints) VALUES (15, N'Kevin Brown', N'654 Maple St, Santa Ana, CA 92701', N'714-555-0015', 0);
INSERT INTO bbpet.dbo.Customer (id, name, address, phoneNumber, accumulatedPoints) VALUES (16, N'Jessica Davis', N'987 Birch St, Salem, OR 97301', N'503-555-0016', 0);
INSERT INTO bbpet.dbo.Customer (id, name, address, phoneNumber, accumulatedPoints) VALUES (17, N'Robert Miller', N'135 Cedar St, Mesa, AZ 85201', N'480-555-0017', 0);
INSERT INTO bbpet.dbo.Customer (id, name, address, phoneNumber, accumulatedPoints) VALUES (18, N'Michael Taylor', N'246 Cherry St, Sparks, NV 89431', N'775-555-0018', 0);
INSERT INTO bbpet.dbo.Customer (id, name, address, phoneNumber, accumulatedPoints) VALUES (19, N'Steve Clark', N'864 Walnut St, Long Beach, CA 90802', N'562-555-0019', 0);
INSERT INTO bbpet.dbo.Customer (id, name, address, phoneNumber, accumulatedPoints) VALUES (20, N'Katherine White', N'579 Hickory St, Bend, OR 97701', N'541-555-0020', 0);
SET IDENTITY_INSERT Customer OFF;


SET IDENTITY_INSERT [Order] ON;
INSERT INTO bbpet.dbo.[Order] (id, createdTime, deliveryAddress, phoneNumber, status, customerId, employeeId) VALUES (1, N'2023-06-27 21:59:46.000', N'123 Main St, Los Angeles, CA 90001', N'424-123-0001', N'SUCCESS', 1, 3);
INSERT INTO bbpet.dbo.[Order] (id, createdTime, deliveryAddress, phoneNumber, status, customerId, employeeId) VALUES (2, N'2022-03-30 20:58:10.000', N'123 Main St, Los Angeles, CA 90001', N'424-123-0001', N'SUCCESS', 1, 10);
INSERT INTO bbpet.dbo.[Order] (id, createdTime, deliveryAddress, phoneNumber, status, customerId, employeeId) VALUES (3, N'2023-11-20 19:08:14.000', N'123 Main St, Los Angeles, CA 90001', N'424-123-0001', N'SUCCESS', 1, 2);
INSERT INTO bbpet.dbo.[Order] (id, createdTime, deliveryAddress, phoneNumber, status, customerId, employeeId) VALUES (4, N'2022-04-04 09:42:23.000', N'123 Main St, Los Angeles, CA 90001', N'424-123-0001', N'SUCCESS', 1, 1);
INSERT INTO bbpet.dbo.[Order] (id, createdTime, deliveryAddress, phoneNumber, status, customerId, employeeId) VALUES (5, N'2023-05-12 01:18:31.000', N'123 Main St, Los Angeles, CA 90001', N'424-123-0001', N'DELIVERING', 1, 10);
INSERT INTO bbpet.dbo.[Order] (id, createdTime, deliveryAddress, phoneNumber, status, customerId, employeeId) VALUES (6, N'2023-10-19 12:41:23.000', N'In-store, 123 Goldenwest St, CA 92683', N'503-555-0002', N'SUCCESS', 2, 5);
INSERT INTO bbpet.dbo.[Order] (id, createdTime, deliveryAddress, phoneNumber, status, customerId, employeeId) VALUES (7, N'2022-05-28 18:30:27.000', N'In-store, 123 Goldenwest St, CA 92683', N'503-555-0002', N'SUCCESS', 2, 9);
INSERT INTO bbpet.dbo.[Order] (id, createdTime, deliveryAddress, phoneNumber, status, customerId, employeeId) VALUES (8, N'2023-11-14 23:57:41.000', N'In-store, 123 Goldenwest St, CA 92683', N'503-555-0002', N'DELIVERING', 2, 3);
INSERT INTO bbpet.dbo.[Order] (id, createdTime, deliveryAddress, phoneNumber, status, customerId, employeeId) VALUES (9, N'2023-11-01 14:14:47.000', N'789 Pine St, Phoenix, AZ 85001', N'602-555-0003', N'SUCCESS', 3, 8);
INSERT INTO bbpet.dbo.[Order] (id, createdTime, deliveryAddress, phoneNumber, status, customerId, employeeId) VALUES (10, N'2023-05-11 21:24:05.000', N'789 Pine St, Phoenix, AZ 85001', N'602-555-0003', N'SUCCESS', 3, 4);
INSERT INTO bbpet.dbo.[Order] (id, createdTime, deliveryAddress, phoneNumber, status, customerId, employeeId) VALUES (11, N'2023-09-08 01:26:38.000', N'789 Pine St, Phoenix, AZ 85001', N'602-555-0003', N'SUCCESS', 3, 5);
INSERT INTO bbpet.dbo.[Order] (id, createdTime, deliveryAddress, phoneNumber, status, customerId, employeeId) VALUES (12, N'2023-05-07 03:53:56.000', N'789 Pine St, Phoenix, AZ 85001', N'602-555-0003', N'SUCCESS', 3, 3);
INSERT INTO bbpet.dbo.[Order] (id, createdTime, deliveryAddress, phoneNumber, status, customerId, employeeId) VALUES (13, N'2022-11-29 23:03:02.000', N'321 Elm St, Las Vegas, NV 89101', N'702-555-0004', N'CONFIRMED', 4, 8);
INSERT INTO bbpet.dbo.[Order] (id, createdTime, deliveryAddress, phoneNumber, status, customerId, employeeId) VALUES (14, N'2022-04-23 02:30:01.000', N'321 Elm St, Las Vegas, NV 89101', N'702-555-0004', N'SUCCESS', 4, 8);
INSERT INTO bbpet.dbo.[Order] (id, createdTime, deliveryAddress, phoneNumber, status, customerId, employeeId) VALUES (15, N'2023-06-16 11:27:48.000', N'321 Elm St, Las Vegas, NV 89101', N'702-555-0004', N'SUCCESS', 4, 7);
INSERT INTO bbpet.dbo.[Order] (id, createdTime, deliveryAddress, phoneNumber, status, customerId, employeeId) VALUES (16, N'2022-01-28 12:14:55.000', N'321 Elm St, Las Vegas, NV 89101', N'702-555-0004', N'SUCCESS', 4, 7);
INSERT INTO bbpet.dbo.[Order] (id, createdTime, deliveryAddress, phoneNumber, status, customerId, employeeId) VALUES (17, N'2022-05-13 23:46:43.000', N'321 Elm St, Las Vegas, NV 89101', N'702-555-0004', N'SUCCESS', 4, 5);
INSERT INTO bbpet.dbo.[Order] (id, createdTime, deliveryAddress, phoneNumber, status, customerId, employeeId) VALUES (18, N'2022-01-19 10:35:25.000', N'321 Elm St, Las Vegas, NV 89101', N'702-555-0004', N'SUCCESS', 4, 5);
INSERT INTO bbpet.dbo.[Order] (id, createdTime, deliveryAddress, phoneNumber, status, customerId, employeeId) VALUES (19, N'2022-06-21 07:10:01.000', N'654 Maple St, San Diego, CA 92101', N'619-555-0005', N'SUCCESS', 5, 7);
INSERT INTO bbpet.dbo.[Order] (id, createdTime, deliveryAddress, phoneNumber, status, customerId, employeeId) VALUES (20, N'2023-06-27 03:09:25.000', N'654 Maple St, San Diego, CA 92101', N'619-555-0005', N'DELIVERING', 5, 2);
INSERT INTO bbpet.dbo.[Order] (id, createdTime, deliveryAddress, phoneNumber, status, customerId, employeeId) VALUES (21, N'2022-02-07 14:20:22.000', N'987 Birch St, Seattle, WA 98101', N'206-555-0006', N'DELIVERING', 6, 7);
INSERT INTO bbpet.dbo.[Order] (id, createdTime, deliveryAddress, phoneNumber, status, customerId, employeeId) VALUES (22, N'2023-12-13 06:20:56.000', N'987 Birch St, Seattle, WA 98101', N'206-555-0006', N'CANCELED', 6, 3);
INSERT INTO bbpet.dbo.[Order] (id, createdTime, deliveryAddress, phoneNumber, status, customerId, employeeId) VALUES (23, N'2022-01-17 11:27:20.000', N'987 Birch St, Seattle, WA 98101', N'206-555-0006', N'NOT_ACCEPTED', 6, 2);
INSERT INTO bbpet.dbo.[Order] (id, createdTime, deliveryAddress, phoneNumber, status, customerId, employeeId) VALUES (24, N'2022-06-07 19:15:01.000', N'987 Birch St, Seattle, WA 98101', N'206-555-0006', N'SUCCESS', 6, 8);
INSERT INTO bbpet.dbo.[Order] (id, createdTime, deliveryAddress, phoneNumber, status, customerId, employeeId) VALUES (25, N'2022-09-27 18:54:18.000', N'987 Birch St, Seattle, WA 98101', N'206-555-0006', N'SUCCESS', 6, 10);
INSERT INTO bbpet.dbo.[Order] (id, createdTime, deliveryAddress, phoneNumber, status, customerId, employeeId) VALUES (26, N'2023-05-10 13:54:29.000', N'987 Birch St, Seattle, WA 98101', N'206-555-0006', N'SUCCESS', 6, 2);
INSERT INTO bbpet.dbo.[Order] (id, createdTime, deliveryAddress, phoneNumber, status, customerId, employeeId) VALUES (27, N'2023-06-15 15:00:36.000', N'987 Birch St, Seattle, WA 98101', N'206-555-0006', N'SUCCESS', 6, 5);
INSERT INTO bbpet.dbo.[Order] (id, createdTime, deliveryAddress, phoneNumber, status, customerId, employeeId) VALUES (28, N'2023-07-06 20:02:57.000', N'987 Birch St, Seattle, WA 98101', N'206-555-0006', N'SUCCESS', 6, 3);
INSERT INTO bbpet.dbo.[Order] (id, createdTime, deliveryAddress, phoneNumber, status, customerId, employeeId) VALUES (29, N'2022-01-25 05:44:36.000', N'987 Birch St, Seattle, WA 98101', N'206-555-0006', N'SUCCESS', 6, 2);
INSERT INTO bbpet.dbo.[Order] (id, createdTime, deliveryAddress, phoneNumber, status, customerId, employeeId) VALUES (30, N'2023-01-17 13:42:22.000', N'987 Birch St, Seattle, WA 98101', N'206-555-0006', N'SUCCESS', 6, 9);
INSERT INTO bbpet.dbo.[Order] (id, createdTime, deliveryAddress, phoneNumber, status, customerId, employeeId) VALUES (31, N'2023-03-20 18:31:12.000', N'135 Cedar St, San Francisco, CA 94102', N'415-555-0007', N'SUCCESS', 7, 4);
INSERT INTO bbpet.dbo.[Order] (id, createdTime, deliveryAddress, phoneNumber, status, customerId, employeeId) VALUES (32, N'2023-12-07 15:09:58.000', N'135 Cedar St, San Francisco, CA 94102', N'415-555-0007', N'SUCCESS', 7, 7);
INSERT INTO bbpet.dbo.[Order] (id, createdTime, deliveryAddress, phoneNumber, status, customerId, employeeId) VALUES (33, N'2022-02-27 14:34:12.000', N'135 Cedar St, San Francisco, CA 94102', N'415-555-0007', N'CONFIRMED', 7, 2);
INSERT INTO bbpet.dbo.[Order] (id, createdTime, deliveryAddress, phoneNumber, status, customerId, employeeId) VALUES (34, N'2022-07-13 19:06:10.000', N'135 Cedar St, San Francisco, CA 94102', N'415-555-0007', N'SUCCESS', 7, 7);
INSERT INTO bbpet.dbo.[Order] (id, createdTime, deliveryAddress, phoneNumber, status, customerId, employeeId) VALUES (35, N'2023-12-18 14:27:06.000', N'135 Cedar St, San Francisco, CA 94102', N'415-555-0007', N'DELIVERING', 7, 7);
INSERT INTO bbpet.dbo.[Order] (id, createdTime, deliveryAddress, phoneNumber, status, customerId, employeeId) VALUES (36, N'2023-08-03 15:41:47.000', N'246 Cherry St, Eugene, OR 97401', N'541-555-0008', N'SUCCESS', 8, 3);
INSERT INTO bbpet.dbo.[Order] (id, createdTime, deliveryAddress, phoneNumber, status, customerId, employeeId) VALUES (37, N'2023-03-02 07:39:53.000', N'246 Cherry St, Eugene, OR 97401', N'541-555-0008', N'SUCCESS', 8, 3);
INSERT INTO bbpet.dbo.[Order] (id, createdTime, deliveryAddress, phoneNumber, status, customerId, employeeId) VALUES (38, N'2023-10-25 02:44:19.000', N'In-store, 123 Goldenwest St, CA 92683', N'520-555-0009', N'DELIVERING', 9, 1);
INSERT INTO bbpet.dbo.[Order] (id, createdTime, deliveryAddress, phoneNumber, status, customerId, employeeId) VALUES (39, N'2022-01-15 17:39:19.000', N'In-store, 123 Goldenwest St, CA 92683', N'520-555-0009', N'CANCELED', 9, 4);
INSERT INTO bbpet.dbo.[Order] (id, createdTime, deliveryAddress, phoneNumber, status, customerId, employeeId) VALUES (40, N'2023-05-02 03:21:52.000', N'579 Hickory St, Reno, NV 89501', N'775-555-0010', N'CANCELED', 10, 6);
INSERT INTO bbpet.dbo.[Order] (id, createdTime, deliveryAddress, phoneNumber, status, customerId, employeeId) VALUES (41, N'2022-08-26 08:31:06.000', N'579 Hickory St, Reno, NV 89501', N'775-555-0010', N'SUCCESS', 10, 6);
INSERT INTO bbpet.dbo.[Order] (id, createdTime, deliveryAddress, phoneNumber, status, customerId, employeeId) VALUES (42, N'2023-07-17 06:51:54.000', N'579 Hickory St, Reno, NV 89501', N'775-555-0010', N'CANCELED', 10, 6);
INSERT INTO bbpet.dbo.[Order] (id, createdTime, deliveryAddress, phoneNumber, status, customerId, employeeId) VALUES (43, N'2022-04-09 14:12:24.000', N'579 Hickory St, Reno, NV 89501', N'775-555-0010', N'SUCCESS', 10, 3);
INSERT INTO bbpet.dbo.[Order] (id, createdTime, deliveryAddress, phoneNumber, status, customerId, employeeId) VALUES (44, N'2023-07-10 04:13:15.000', N'579 Hickory St, Reno, NV 89501', N'775-555-0010', N'SUCCESS', 10, 4);
INSERT INTO bbpet.dbo.[Order] (id, createdTime, deliveryAddress, phoneNumber, status, customerId, employeeId) VALUES (45, N'2023-11-27 10:15:27.000', N'579 Hickory St, Reno, NV 89501', N'775-555-0010', N'INITIALIZING', 10, 3);
INSERT INTO bbpet.dbo.[Order] (id, createdTime, deliveryAddress, phoneNumber, status, customerId, employeeId) VALUES (46, N'2022-05-07 04:22:25.000', N'In-store, 123 Goldenwest St, CA 92683', N'916-555-0011', N'SUCCESS', 11, 8);
INSERT INTO bbpet.dbo.[Order] (id, createdTime, deliveryAddress, phoneNumber, status, customerId, employeeId) VALUES (47, N'2022-09-20 05:45:53.000', N'In-store, 123 Goldenwest St, CA 92683', N'916-555-0011', N'SUCCESS', 11, 7);
INSERT INTO bbpet.dbo.[Order] (id, createdTime, deliveryAddress, phoneNumber, status, customerId, employeeId) VALUES (48, N'2023-10-17 10:17:38.000', N'In-store, 123 Goldenwest St, CA 92683', N'916-555-0011', N'CANCELED', 11, 3);
INSERT INTO bbpet.dbo.[Order] (id, createdTime, deliveryAddress, phoneNumber, status, customerId, employeeId) VALUES (49, N'2023-06-29 16:54:10.000', N'In-store, 123 Goldenwest St, CA 92683', N'916-555-0011', N'SUCCESS', 11, 4);
INSERT INTO bbpet.dbo.[Order] (id, createdTime, deliveryAddress, phoneNumber, status, customerId, employeeId) VALUES (50, N'2023-02-11 03:07:11.000', N'In-store, 123 Goldenwest St, CA 92683', N'916-555-0011', N'CANCELED', 11, 4);
INSERT INTO bbpet.dbo.[Order] (id, createdTime, deliveryAddress, phoneNumber, status, customerId, employeeId) VALUES (51, N'2022-09-07 14:31:03.000', N'In-store, 123 Goldenwest St, CA 92683', N'916-555-0011', N'SUCCESS', 11, 2);
INSERT INTO bbpet.dbo.[Order] (id, createdTime, deliveryAddress, phoneNumber, status, customerId, employeeId) VALUES (52, N'2023-08-18 19:35:25.000', N'In-store, 123 Goldenwest St, CA 92683', N'916-555-0011', N'SUCCESS', 11, 9);
INSERT INTO bbpet.dbo.[Order] (id, createdTime, deliveryAddress, phoneNumber, status, customerId, employeeId) VALUES (53, N'2022-02-23 19:25:17.000', N'In-store, 123 Goldenwest St, CA 92683', N'916-555-0011', N'DELIVERING', 11, 9);
INSERT INTO bbpet.dbo.[Order] (id, createdTime, deliveryAddress, phoneNumber, status, customerId, employeeId) VALUES (54, N'2023-04-22 18:09:41.000', N'In-store, 123 Goldenwest St, CA 92683', N'360-555-0012', N'CANCELED', 12, 2);
INSERT INTO bbpet.dbo.[Order] (id, createdTime, deliveryAddress, phoneNumber, status, customerId, employeeId) VALUES (55, N'2023-09-02 05:23:02.000', N'In-store, 123 Goldenwest St, CA 92683', N'360-555-0012', N'SUCCESS', 12, 7);
INSERT INTO bbpet.dbo.[Order] (id, createdTime, deliveryAddress, phoneNumber, status, customerId, employeeId) VALUES (56, N'2022-03-12 18:08:06.000', N'In-store, 123 Goldenwest St, CA 92683', N'360-555-0012', N'PENDING', 12, 9);
INSERT INTO bbpet.dbo.[Order] (id, createdTime, deliveryAddress, phoneNumber, status, customerId, employeeId) VALUES (57, N'2023-06-15 03:58:28.000', N'789 Pine St, Flagstaff, AZ 86001', N'928-555-0013', N'SUCCESS', 13, 7);
INSERT INTO bbpet.dbo.[Order] (id, createdTime, deliveryAddress, phoneNumber, status, customerId, employeeId) VALUES (58, N'2022-02-14 09:52:43.000', N'789 Pine St, Flagstaff, AZ 86001', N'928-555-0013', N'SUCCESS', 13, 3);
INSERT INTO bbpet.dbo.[Order] (id, createdTime, deliveryAddress, phoneNumber, status, customerId, employeeId) VALUES (59, N'2022-05-09 15:57:43.000', N'789 Pine St, Flagstaff, AZ 86001', N'928-555-0013', N'CANCELED', 13, 5);
INSERT INTO bbpet.dbo.[Order] (id, createdTime, deliveryAddress, phoneNumber, status, customerId, employeeId) VALUES (60, N'2023-12-09 09:57:15.000', N'789 Pine St, Flagstaff, AZ 86001', N'928-555-0013', N'SUCCESS', 13, 6);
INSERT INTO bbpet.dbo.[Order] (id, createdTime, deliveryAddress, phoneNumber, status, customerId, employeeId) VALUES (61, N'2023-10-12 20:51:31.000', N'789 Pine St, Flagstaff, AZ 86001', N'928-555-0013', N'DELIVERING', 13, 3);
INSERT INTO bbpet.dbo.[Order] (id, createdTime, deliveryAddress, phoneNumber, status, customerId, employeeId) VALUES (62, N'2022-01-12 09:21:50.000', N'789 Pine St, Flagstaff, AZ 86001', N'928-555-0013', N'SUCCESS', 13, 4);
INSERT INTO bbpet.dbo.[Order] (id, createdTime, deliveryAddress, phoneNumber, status, customerId, employeeId) VALUES (63, N'2023-04-12 01:12:58.000', N'789 Pine St, Flagstaff, AZ 86001', N'928-555-0013', N'CANCELED', 13, 3);
INSERT INTO bbpet.dbo.[Order] (id, createdTime, deliveryAddress, phoneNumber, status, customerId, employeeId) VALUES (64, N'2022-07-06 08:47:12.000', N'789 Pine St, Flagstaff, AZ 86001', N'928-555-0013', N'SUCCESS', 13, 5);
INSERT INTO bbpet.dbo.[Order] (id, createdTime, deliveryAddress, phoneNumber, status, customerId, employeeId) VALUES (65, N'2023-01-31 10:34:11.000', N'789 Pine St, Flagstaff, AZ 86001', N'928-555-0013', N'CANCELED', 13, 5);
INSERT INTO bbpet.dbo.[Order] (id, createdTime, deliveryAddress, phoneNumber, status, customerId, employeeId) VALUES (66, N'2023-11-18 23:13:29.000', N'789 Pine St, Flagstaff, AZ 86001', N'928-555-0013', N'SUCCESS', 13, 3);
INSERT INTO bbpet.dbo.[Order] (id, createdTime, deliveryAddress, phoneNumber, status, customerId, employeeId) VALUES (67, N'2022-03-20 11:46:00.000', N'In-store, 123 Goldenwest St, CA 92683', N'702-555-0014', N'SUCCESS', 14, 9);
INSERT INTO bbpet.dbo.[Order] (id, createdTime, deliveryAddress, phoneNumber, status, customerId, employeeId) VALUES (68, N'2023-07-08 22:17:05.000', N'In-store, 123 Goldenwest St, CA 92683', N'702-555-0014', N'SUCCESS', 14, 1);
INSERT INTO bbpet.dbo.[Order] (id, createdTime, deliveryAddress, phoneNumber, status, customerId, employeeId) VALUES (69, N'2022-01-26 02:27:15.000', N'In-store, 123 Goldenwest St, CA 92683', N'702-555-0014', N'DELIVERING', 14, 9);
INSERT INTO bbpet.dbo.[Order] (id, createdTime, deliveryAddress, phoneNumber, status, customerId, employeeId) VALUES (70, N'2022-08-11 02:36:54.000', N'In-store, 123 Goldenwest St, CA 92683', N'702-555-0014', N'DELIVERING', 14, 1);
INSERT INTO bbpet.dbo.[Order] (id, createdTime, deliveryAddress, phoneNumber, status, customerId, employeeId) VALUES (71, N'2022-05-10 22:11:39.000', N'In-store, 123 Goldenwest St, CA 92683', N'702-555-0014', N'INITIALIZING', 14, 5);
INSERT INTO bbpet.dbo.[Order] (id, createdTime, deliveryAddress, phoneNumber, status, customerId, employeeId) VALUES (72, N'2022-11-03 06:23:07.000', N'In-store, 123 Goldenwest St, CA 92683', N'702-555-0014', N'SUCCESS', 14, 6);
INSERT INTO bbpet.dbo.[Order] (id, createdTime, deliveryAddress, phoneNumber, status, customerId, employeeId) VALUES (73, N'2022-09-27 07:08:26.000', N'In-store, 123 Goldenwest St, CA 92683', N'702-555-0014', N'SUCCESS', 14, 9);
INSERT INTO bbpet.dbo.[Order] (id, createdTime, deliveryAddress, phoneNumber, status, customerId, employeeId) VALUES (74, N'2022-07-20 12:30:50.000', N'In-store, 123 Goldenwest St, CA 92683', N'702-555-0014', N'SUCCESS', 14, 5);
INSERT INTO bbpet.dbo.[Order] (id, createdTime, deliveryAddress, phoneNumber, status, customerId, employeeId) VALUES (75, N'2023-11-09 10:32:25.000', N'654 Maple St, Santa Ana, CA 92701', N'714-555-0015', N'CANCELED', 15, 10);
INSERT INTO bbpet.dbo.[Order] (id, createdTime, deliveryAddress, phoneNumber, status, customerId, employeeId) VALUES (76, N'2023-01-01 02:20:30.000', N'654 Maple St, Santa Ana, CA 92701', N'714-555-0015', N'SUCCESS', 15, 2);
INSERT INTO bbpet.dbo.[Order] (id, createdTime, deliveryAddress, phoneNumber, status, customerId, employeeId) VALUES (77, N'2023-10-31 15:01:46.000', N'654 Maple St, Santa Ana, CA 92701', N'714-555-0015', N'DELIVERING', 15, 6);
INSERT INTO bbpet.dbo.[Order] (id, createdTime, deliveryAddress, phoneNumber, status, customerId, employeeId) VALUES (78, N'2022-12-09 16:20:51.000', N'654 Maple St, Santa Ana, CA 92701', N'714-555-0015', N'CANCELED', 15, 1);
INSERT INTO bbpet.dbo.[Order] (id, createdTime, deliveryAddress, phoneNumber, status, customerId, employeeId) VALUES (79, N'2022-10-15 06:41:24.000', N'654 Maple St, Santa Ana, CA 92701', N'714-555-0015', N'SUCCESS', 15, 1);
INSERT INTO bbpet.dbo.[Order] (id, createdTime, deliveryAddress, phoneNumber, status, customerId, employeeId) VALUES (80, N'2022-09-02 00:10:48.000', N'654 Maple St, Santa Ana, CA 92701', N'714-555-0015', N'SUCCESS', 15, 8);
INSERT INTO bbpet.dbo.[Order] (id, createdTime, deliveryAddress, phoneNumber, status, customerId, employeeId) VALUES (81, N'2023-11-22 13:31:00.000', N'654 Maple St, Santa Ana, CA 92701', N'714-555-0015', N'DELIVERING', 15, 6);
INSERT INTO bbpet.dbo.[Order] (id, createdTime, deliveryAddress, phoneNumber, status, customerId, employeeId) VALUES (82, N'2022-12-30 04:46:14.000', N'987 Birch St, Salem, OR 97301', N'503-555-0016', N'DELIVERING', 16, 8);
INSERT INTO bbpet.dbo.[Order] (id, createdTime, deliveryAddress, phoneNumber, status, customerId, employeeId) VALUES (83, N'2023-02-12 01:55:10.000', N'987 Birch St, Salem, OR 97301', N'503-555-0016', N'SUCCESS', 16, 3);
INSERT INTO bbpet.dbo.[Order] (id, createdTime, deliveryAddress, phoneNumber, status, customerId, employeeId) VALUES (84, N'2023-02-19 08:43:28.000', N'987 Birch St, Salem, OR 97301', N'503-555-0016', N'SUCCESS', 16, 2);
INSERT INTO bbpet.dbo.[Order] (id, createdTime, deliveryAddress, phoneNumber, status, customerId, employeeId) VALUES (85, N'2022-11-25 04:17:33.000', N'135 Cedar St, Mesa, AZ 85201', N'480-555-0017', N'SUCCESS', 17, 3);
INSERT INTO bbpet.dbo.[Order] (id, createdTime, deliveryAddress, phoneNumber, status, customerId, employeeId) VALUES (86, N'2023-03-26 10:53:31.000', N'246 Cherry St, Sparks, NV 89431', N'775-555-0018', N'INITIALIZING', 18, 4);
INSERT INTO bbpet.dbo.[Order] (id, createdTime, deliveryAddress, phoneNumber, status, customerId, employeeId) VALUES (87, N'2022-04-28 13:04:29.000', N'246 Cherry St, Sparks, NV 89431', N'775-555-0018', N'SUCCESS', 18, 6);
INSERT INTO bbpet.dbo.[Order] (id, createdTime, deliveryAddress, phoneNumber, status, customerId, employeeId) VALUES (88, N'2023-04-27 02:21:23.000', N'246 Cherry St, Sparks, NV 89431', N'775-555-0018', N'CANCELED', 18, 7);
INSERT INTO bbpet.dbo.[Order] (id, createdTime, deliveryAddress, phoneNumber, status, customerId, employeeId) VALUES (89, N'2022-05-14 03:08:27.000', N'246 Cherry St, Sparks, NV 89431', N'775-555-0018', N'SUCCESS', 18, 7);
INSERT INTO bbpet.dbo.[Order] (id, createdTime, deliveryAddress, phoneNumber, status, customerId, employeeId) VALUES (90, N'2023-09-09 02:06:48.000', N'246 Cherry St, Sparks, NV 89431', N'775-555-0018', N'DELIVERING', 18, 9);
INSERT INTO bbpet.dbo.[Order] (id, createdTime, deliveryAddress, phoneNumber, status, customerId, employeeId) VALUES (91, N'2022-10-16 06:56:37.000', N'864 Walnut St, Long Beach, CA 90802', N'562-555-0019', N'INITIALIZING', 19, 7);
INSERT INTO bbpet.dbo.[Order] (id, createdTime, deliveryAddress, phoneNumber, status, customerId, employeeId) VALUES (92, N'2023-10-25 21:48:20.000', N'864 Walnut St, Long Beach, CA 90802', N'562-555-0019', N'SUCCESS', 19, 6);
INSERT INTO bbpet.dbo.[Order] (id, createdTime, deliveryAddress, phoneNumber, status, customerId, employeeId) VALUES (93, N'2023-04-16 16:31:07.000', N'864 Walnut St, Long Beach, CA 90802', N'562-555-0019', N'SUCCESS', 19, 9);
INSERT INTO bbpet.dbo.[Order] (id, createdTime, deliveryAddress, phoneNumber, status, customerId, employeeId) VALUES (94, N'2023-05-07 18:01:32.000', N'864 Walnut St, Long Beach, CA 90802', N'562-555-0019', N'SUCCESS', 19, 3);
INSERT INTO bbpet.dbo.[Order] (id, createdTime, deliveryAddress, phoneNumber, status, customerId, employeeId) VALUES (95, N'2023-07-30 18:09:54.000', N'864 Walnut St, Long Beach, CA 90802', N'562-555-0019', N'SUCCESS', 19, 3);
INSERT INTO bbpet.dbo.[Order] (id, createdTime, deliveryAddress, phoneNumber, status, customerId, employeeId) VALUES (96, N'2023-02-28 09:29:33.000', N'864 Walnut St, Long Beach, CA 90802', N'562-555-0019', N'SUCCESS', 19, 6);
INSERT INTO bbpet.dbo.[Order] (id, createdTime, deliveryAddress, phoneNumber, status, customerId, employeeId) VALUES (97, N'2023-12-30 15:32:40.000', N'864 Walnut St, Long Beach, CA 90802', N'562-555-0019', N'SUCCESS', 19, 8);
INSERT INTO bbpet.dbo.[Order] (id, createdTime, deliveryAddress, phoneNumber, status, customerId, employeeId) VALUES (98, N'2022-03-25 03:15:44.000', N'864 Walnut St, Long Beach, CA 90802', N'562-555-0019', N'SUCCESS', 19, 10);
INSERT INTO bbpet.dbo.[Order] (id, createdTime, deliveryAddress, phoneNumber, status, customerId, employeeId) VALUES (99, N'2022-01-07 02:22:34.000', N'579 Hickory St, Bend, OR 97701', N'541-555-0020', N'SUCCESS', 20, 10);
INSERT INTO bbpet.dbo.[Order] (id, createdTime, deliveryAddress, phoneNumber, status, customerId, employeeId) VALUES (100, N'2022-02-18 16:12:17.000', N'579 Hickory St, Bend, OR 97701', N'541-555-0020', N'SUCCESS', 20, 4);
INSERT INTO bbpet.dbo.[Order] (id, createdTime, deliveryAddress, phoneNumber, status, customerId, employeeId) VALUES (101, N'2022-04-28 08:51:15.000', N'579 Hickory St, Bend, OR 97701', N'541-555-0020', N'SUCCESS', 20, 9);
INSERT INTO bbpet.dbo.[Order] (id, createdTime, deliveryAddress, phoneNumber, status, customerId, employeeId) VALUES (102, N'2022-07-02 06:21:22.000', N'579 Hickory St, Bend, OR 97701', N'541-555-0020', N'SUCCESS', 20, 1);
INSERT INTO bbpet.dbo.[Order] (id, createdTime, deliveryAddress, phoneNumber, status, customerId, employeeId) VALUES (103, N'2023-08-29 14:04:24.000', N'579 Hickory St, Bend, OR 97701', N'541-555-0020', N'SUCCESS', 20, 9);
SET IDENTITY_INSERT bbpet.dbo.[Order] OFF;



SET IDENTITY_INSERT bbpet.dbo.Sourcing ON;
INSERT INTO bbpet.dbo.Sourcing (id, available, reason) VALUES (1, 1, N'Order 1 sourcing');
INSERT INTO bbpet.dbo.Sourcing (id, available, reason) VALUES (2, 1, N'Order 1 sourcing');
INSERT INTO bbpet.dbo.Sourcing (id, available, reason) VALUES (3, 1, N'Order 2 sourcing');
INSERT INTO bbpet.dbo.Sourcing (id, available, reason) VALUES (4, 1, N'Order 2 sourcing');
INSERT INTO bbpet.dbo.Sourcing (id, available, reason) VALUES (5, 1, N'Order 2 sourcing');
INSERT INTO bbpet.dbo.Sourcing (id, available, reason) VALUES (6, 1, N'Order 2 sourcing');
INSERT INTO bbpet.dbo.Sourcing (id, available, reason) VALUES (7, 1, N'Order 3 sourcing');
INSERT INTO bbpet.dbo.Sourcing (id, available, reason) VALUES (8, 1, N'Order 3 sourcing');
INSERT INTO bbpet.dbo.Sourcing (id, available, reason) VALUES (9, 1, N'Order 3 sourcing');
INSERT INTO bbpet.dbo.Sourcing (id, available, reason) VALUES (10, 1, N'Order 3 sourcing');
INSERT INTO bbpet.dbo.Sourcing (id, available, reason) VALUES (11, 1, N'Order 4 sourcing');
INSERT INTO bbpet.dbo.Sourcing (id, available, reason) VALUES (12, 1, N'Order 4 sourcing');
INSERT INTO bbpet.dbo.Sourcing (id, available, reason) VALUES (13, 1, N'Order 4 sourcing');
INSERT INTO bbpet.dbo.Sourcing (id, available, reason) VALUES (14, 1, N'Order 4 sourcing');
INSERT INTO bbpet.dbo.Sourcing (id, available, reason) VALUES (15, 1, N'Order 4 sourcing');
INSERT INTO bbpet.dbo.Sourcing (id, available, reason) VALUES (16, 1, N'Order 5 sourcing');
INSERT INTO bbpet.dbo.Sourcing (id, available, reason) VALUES (17, 1, N'Order 5 sourcing');
INSERT INTO bbpet.dbo.Sourcing (id, available, reason) VALUES (18, 1, N'Order 5 sourcing');
INSERT INTO bbpet.dbo.Sourcing (id, available, reason) VALUES (19, 1, N'Order 6 sourcing');
INSERT INTO bbpet.dbo.Sourcing (id, available, reason) VALUES (20, 1, N'Order 6 sourcing');
INSERT INTO bbpet.dbo.Sourcing (id, available, reason) VALUES (21, 1, N'Order 6 sourcing');
INSERT INTO bbpet.dbo.Sourcing (id, available, reason) VALUES (22, 1, N'Order 6 sourcing');
INSERT INTO bbpet.dbo.Sourcing (id, available, reason) VALUES (23, 1, N'Order 7 sourcing');
INSERT INTO bbpet.dbo.Sourcing (id, available, reason) VALUES (24, 1, N'Order 7 sourcing');
INSERT INTO bbpet.dbo.Sourcing (id, available, reason) VALUES (25, 1, N'Order 7 sourcing');
INSERT INTO bbpet.dbo.Sourcing (id, available, reason) VALUES (26, 1, N'Order 7 sourcing');
INSERT INTO bbpet.dbo.Sourcing (id, available, reason) VALUES (27, 1, N'Order 7 sourcing');
INSERT INTO bbpet.dbo.Sourcing (id, available, reason) VALUES (28, 1, N'Order 8 sourcing');
INSERT INTO bbpet.dbo.Sourcing (id, available, reason) VALUES (29, 1, N'Order 8 sourcing');
INSERT INTO bbpet.dbo.Sourcing (id, available, reason) VALUES (30, 1, N'Order 9 sourcing');
INSERT INTO bbpet.dbo.Sourcing (id, available, reason) VALUES (31, 1, N'Order 9 sourcing');
INSERT INTO bbpet.dbo.Sourcing (id, available, reason) VALUES (32, 1, N'Order 9 sourcing');
INSERT INTO bbpet.dbo.Sourcing (id, available, reason) VALUES (33, 1, N'Order 9 sourcing');
INSERT INTO bbpet.dbo.Sourcing (id, available, reason) VALUES (34, 1, N'Order 9 sourcing');
INSERT INTO bbpet.dbo.Sourcing (id, available, reason) VALUES (35, 1, N'Order 9 sourcing');
INSERT INTO bbpet.dbo.Sourcing (id, available, reason) VALUES (36, 1, N'Order 9 sourcing');
INSERT INTO bbpet.dbo.Sourcing (id, available, reason) VALUES (37, 1, N'Order 10 sourcing');
INSERT INTO bbpet.dbo.Sourcing (id, available, reason) VALUES (38, 1, N'Order 10 sourcing');
INSERT INTO bbpet.dbo.Sourcing (id, available, reason) VALUES (39, 1, N'Order 10 sourcing');
INSERT INTO bbpet.dbo.Sourcing (id, available, reason) VALUES (40, 1, N'Order 10 sourcing');
INSERT INTO bbpet.dbo.Sourcing (id, available, reason) VALUES (41, 1, N'Order 10 sourcing');
INSERT INTO bbpet.dbo.Sourcing (id, available, reason) VALUES (42, 1, N'Order 10 sourcing');
INSERT INTO bbpet.dbo.Sourcing (id, available, reason) VALUES (43, 1, N'Order 11 sourcing');
INSERT INTO bbpet.dbo.Sourcing (id, available, reason) VALUES (44, 1, N'Order 11 sourcing');
INSERT INTO bbpet.dbo.Sourcing (id, available, reason) VALUES (45, 1, N'Order 11 sourcing');
INSERT INTO bbpet.dbo.Sourcing (id, available, reason) VALUES (46, 1, N'Order 11 sourcing');
INSERT INTO bbpet.dbo.Sourcing (id, available, reason) VALUES (47, 1, N'Order 11 sourcing');
INSERT INTO bbpet.dbo.Sourcing (id, available, reason) VALUES (48, 1, N'Order 12 sourcing');
INSERT INTO bbpet.dbo.Sourcing (id, available, reason) VALUES (49, 1, N'Order 12 sourcing');
INSERT INTO bbpet.dbo.Sourcing (id, available, reason) VALUES (50, 1, N'Order 12 sourcing');
INSERT INTO bbpet.dbo.Sourcing (id, available, reason) VALUES (51, 1, N'Order 12 sourcing');
INSERT INTO bbpet.dbo.Sourcing (id, available, reason) VALUES (52, 1, N'Order 12 sourcing');
INSERT INTO bbpet.dbo.Sourcing (id, available, reason) VALUES (53, 1, N'Order 13 sourcing');
INSERT INTO bbpet.dbo.Sourcing (id, available, reason) VALUES (54, 1, N'Order 13 sourcing');
INSERT INTO bbpet.dbo.Sourcing (id, available, reason) VALUES (55, 1, N'Order 13 sourcing');
INSERT INTO bbpet.dbo.Sourcing (id, available, reason) VALUES (56, 1, N'Order 13 sourcing');
INSERT INTO bbpet.dbo.Sourcing (id, available, reason) VALUES (57, 1, N'Order 13 sourcing');
INSERT INTO bbpet.dbo.Sourcing (id, available, reason) VALUES (58, 1, N'Order 13 sourcing');
INSERT INTO bbpet.dbo.Sourcing (id, available, reason) VALUES (59, 1, N'Order 14 sourcing');
INSERT INTO bbpet.dbo.Sourcing (id, available, reason) VALUES (60, 1, N'Order 14 sourcing');
INSERT INTO bbpet.dbo.Sourcing (id, available, reason) VALUES (61, 1, N'Order 14 sourcing');
INSERT INTO bbpet.dbo.Sourcing (id, available, reason) VALUES (62, 1, N'Order 14 sourcing');
INSERT INTO bbpet.dbo.Sourcing (id, available, reason) VALUES (63, 1, N'Order 14 sourcing');
INSERT INTO bbpet.dbo.Sourcing (id, available, reason) VALUES (64, 1, N'Order 14 sourcing');
INSERT INTO bbpet.dbo.Sourcing (id, available, reason) VALUES (65, 1, N'Order 15 sourcing');
INSERT INTO bbpet.dbo.Sourcing (id, available, reason) VALUES (66, 1, N'Order 15 sourcing');
INSERT INTO bbpet.dbo.Sourcing (id, available, reason) VALUES (67, 1, N'Order 15 sourcing');
INSERT INTO bbpet.dbo.Sourcing (id, available, reason) VALUES (68, 1, N'Order 15 sourcing');
INSERT INTO bbpet.dbo.Sourcing (id, available, reason) VALUES (69, 1, N'Order 15 sourcing');
INSERT INTO bbpet.dbo.Sourcing (id, available, reason) VALUES (70, 1, N'Order 16 sourcing');
INSERT INTO bbpet.dbo.Sourcing (id, available, reason) VALUES (71, 1, N'Order 16 sourcing');
INSERT INTO bbpet.dbo.Sourcing (id, available, reason) VALUES (72, 1, N'Order 16 sourcing');
INSERT INTO bbpet.dbo.Sourcing (id, available, reason) VALUES (73, 1, N'Order 16 sourcing');
INSERT INTO bbpet.dbo.Sourcing (id, available, reason) VALUES (74, 1, N'Order 17 sourcing');
INSERT INTO bbpet.dbo.Sourcing (id, available, reason) VALUES (75, 1, N'Order 17 sourcing');
INSERT INTO bbpet.dbo.Sourcing (id, available, reason) VALUES (76, 1, N'Order 17 sourcing');
INSERT INTO bbpet.dbo.Sourcing (id, available, reason) VALUES (77, 1, N'Order 18 sourcing');
INSERT INTO bbpet.dbo.Sourcing (id, available, reason) VALUES (78, 1, N'Order 18 sourcing');
INSERT INTO bbpet.dbo.Sourcing (id, available, reason) VALUES (79, 1, N'Order 18 sourcing');
INSERT INTO bbpet.dbo.Sourcing (id, available, reason) VALUES (80, 1, N'Order 18 sourcing');
INSERT INTO bbpet.dbo.Sourcing (id, available, reason) VALUES (81, 1, N'Order 19 sourcing');
INSERT INTO bbpet.dbo.Sourcing (id, available, reason) VALUES (82, 1, N'Order 19 sourcing');
INSERT INTO bbpet.dbo.Sourcing (id, available, reason) VALUES (83, 1, N'Order 19 sourcing');
INSERT INTO bbpet.dbo.Sourcing (id, available, reason) VALUES (84, 1, N'Order 19 sourcing');
INSERT INTO bbpet.dbo.Sourcing (id, available, reason) VALUES (85, 1, N'Order 19 sourcing');
INSERT INTO bbpet.dbo.Sourcing (id, available, reason) VALUES (86, 1, N'Order 21 sourcing');
INSERT INTO bbpet.dbo.Sourcing (id, available, reason) VALUES (87, 1, N'Order 22 sourcing');
INSERT INTO bbpet.dbo.Sourcing (id, available, reason) VALUES (88, 1, N'Order 22 sourcing');
INSERT INTO bbpet.dbo.Sourcing (id, available, reason) VALUES (89, 1, N'Order 22 sourcing');
INSERT INTO bbpet.dbo.Sourcing (id, available, reason) VALUES (90, 1, N'Order 22 sourcing');
INSERT INTO bbpet.dbo.Sourcing (id, available, reason) VALUES (91, 1, N'Order 22 sourcing');
INSERT INTO bbpet.dbo.Sourcing (id, available, reason) VALUES (92, 1, N'Order 22 sourcing');
INSERT INTO bbpet.dbo.Sourcing (id, available, reason) VALUES (93, 1, N'Order 23 sourcing');
INSERT INTO bbpet.dbo.Sourcing (id, available, reason) VALUES (94, 1, N'Order 23 sourcing');
INSERT INTO bbpet.dbo.Sourcing (id, available, reason) VALUES (95, 1, N'Order 23 sourcing');
INSERT INTO bbpet.dbo.Sourcing (id, available, reason) VALUES (96, 1, N'Order 23 sourcing');
INSERT INTO bbpet.dbo.Sourcing (id, available, reason) VALUES (97, 1, N'Order 24 sourcing');
INSERT INTO bbpet.dbo.Sourcing (id, available, reason) VALUES (98, 1, N'Order 24 sourcing');
INSERT INTO bbpet.dbo.Sourcing (id, available, reason) VALUES (99, 1, N'Order 24 sourcing');
INSERT INTO bbpet.dbo.Sourcing (id, available, reason) VALUES (100, 1, N'Order 24 sourcing');
INSERT INTO bbpet.dbo.Sourcing (id, available, reason) VALUES (101, 1, N'Order 25 sourcing');
INSERT INTO bbpet.dbo.Sourcing (id, available, reason) VALUES (102, 1, N'Order 25 sourcing');
INSERT INTO bbpet.dbo.Sourcing (id, available, reason) VALUES (103, 1, N'Order 25 sourcing');
INSERT INTO bbpet.dbo.Sourcing (id, available, reason) VALUES (104, 1, N'Order 26 sourcing');
INSERT INTO bbpet.dbo.Sourcing (id, available, reason) VALUES (105, 1, N'Order 26 sourcing');
INSERT INTO bbpet.dbo.Sourcing (id, available, reason) VALUES (106, 1, N'Order 26 sourcing');
INSERT INTO bbpet.dbo.Sourcing (id, available, reason) VALUES (107, 1, N'Order 26 sourcing');
INSERT INTO bbpet.dbo.Sourcing (id, available, reason) VALUES (108, 1, N'Order 27 sourcing');
INSERT INTO bbpet.dbo.Sourcing (id, available, reason) VALUES (109, 1, N'Order 27 sourcing');
INSERT INTO bbpet.dbo.Sourcing (id, available, reason) VALUES (110, 1, N'Order 28 sourcing');
INSERT INTO bbpet.dbo.Sourcing (id, available, reason) VALUES (111, 1, N'Order 28 sourcing');
INSERT INTO bbpet.dbo.Sourcing (id, available, reason) VALUES (112, 1, N'Order 28 sourcing');
INSERT INTO bbpet.dbo.Sourcing (id, available, reason) VALUES (113, 1, N'Order 28 sourcing');
INSERT INTO bbpet.dbo.Sourcing (id, available, reason) VALUES (114, 1, N'Order 28 sourcing');
INSERT INTO bbpet.dbo.Sourcing (id, available, reason) VALUES (115, 1, N'Order 29 sourcing');
INSERT INTO bbpet.dbo.Sourcing (id, available, reason) VALUES (116, 1, N'Order 29 sourcing');
INSERT INTO bbpet.dbo.Sourcing (id, available, reason) VALUES (117, 1, N'Order 29 sourcing');
INSERT INTO bbpet.dbo.Sourcing (id, available, reason) VALUES (118, 1, N'Order 29 sourcing');
INSERT INTO bbpet.dbo.Sourcing (id, available, reason) VALUES (119, 1, N'Order 30 sourcing');
INSERT INTO bbpet.dbo.Sourcing (id, available, reason) VALUES (120, 1, N'Order 30 sourcing');
INSERT INTO bbpet.dbo.Sourcing (id, available, reason) VALUES (121, 1, N'Order 30 sourcing');
INSERT INTO bbpet.dbo.Sourcing (id, available, reason) VALUES (122, 1, N'Order 30 sourcing');
INSERT INTO bbpet.dbo.Sourcing (id, available, reason) VALUES (123, 1, N'Order 30 sourcing');
INSERT INTO bbpet.dbo.Sourcing (id, available, reason) VALUES (124, 1, N'Order 31 sourcing');
INSERT INTO bbpet.dbo.Sourcing (id, available, reason) VALUES (125, 1, N'Order 31 sourcing');
INSERT INTO bbpet.dbo.Sourcing (id, available, reason) VALUES (126, 1, N'Order 31 sourcing');
INSERT INTO bbpet.dbo.Sourcing (id, available, reason) VALUES (127, 1, N'Order 31 sourcing');
INSERT INTO bbpet.dbo.Sourcing (id, available, reason) VALUES (128, 1, N'Order 32 sourcing');
INSERT INTO bbpet.dbo.Sourcing (id, available, reason) VALUES (129, 1, N'Order 32 sourcing');
INSERT INTO bbpet.dbo.Sourcing (id, available, reason) VALUES (130, 1, N'Order 32 sourcing');
INSERT INTO bbpet.dbo.Sourcing (id, available, reason) VALUES (131, 1, N'Order 32 sourcing');
INSERT INTO bbpet.dbo.Sourcing (id, available, reason) VALUES (132, 1, N'Order 33 sourcing');
INSERT INTO bbpet.dbo.Sourcing (id, available, reason) VALUES (133, 1, N'Order 33 sourcing');
INSERT INTO bbpet.dbo.Sourcing (id, available, reason) VALUES (134, 1, N'Order 33 sourcing');
INSERT INTO bbpet.dbo.Sourcing (id, available, reason) VALUES (135, 1, N'Order 33 sourcing');
INSERT INTO bbpet.dbo.Sourcing (id, available, reason) VALUES (136, 1, N'Order 33 sourcing');
INSERT INTO bbpet.dbo.Sourcing (id, available, reason) VALUES (137, 1, N'Order 34 sourcing');
INSERT INTO bbpet.dbo.Sourcing (id, available, reason) VALUES (138, 1, N'Order 34 sourcing');
INSERT INTO bbpet.dbo.Sourcing (id, available, reason) VALUES (139, 1, N'Order 34 sourcing');
INSERT INTO bbpet.dbo.Sourcing (id, available, reason) VALUES (140, 1, N'Order 34 sourcing');
INSERT INTO bbpet.dbo.Sourcing (id, available, reason) VALUES (141, 1, N'Order 34 sourcing');
INSERT INTO bbpet.dbo.Sourcing (id, available, reason) VALUES (142, 1, N'Order 34 sourcing');
INSERT INTO bbpet.dbo.Sourcing (id, available, reason) VALUES (143, 1, N'Order 36 sourcing');
INSERT INTO bbpet.dbo.Sourcing (id, available, reason) VALUES (144, 1, N'Order 36 sourcing');
INSERT INTO bbpet.dbo.Sourcing (id, available, reason) VALUES (145, 1, N'Order 36 sourcing');
INSERT INTO bbpet.dbo.Sourcing (id, available, reason) VALUES (146, 1, N'Order 37 sourcing');
INSERT INTO bbpet.dbo.Sourcing (id, available, reason) VALUES (147, 1, N'Order 37 sourcing');
INSERT INTO bbpet.dbo.Sourcing (id, available, reason) VALUES (148, 1, N'Order 37 sourcing');
INSERT INTO bbpet.dbo.Sourcing (id, available, reason) VALUES (149, 1, N'Order 37 sourcing');
INSERT INTO bbpet.dbo.Sourcing (id, available, reason) VALUES (150, 1, N'Order 38 sourcing');
INSERT INTO bbpet.dbo.Sourcing (id, available, reason) VALUES (151, 1, N'Order 39 sourcing');
INSERT INTO bbpet.dbo.Sourcing (id, available, reason) VALUES (152, 1, N'Order 39 sourcing');
INSERT INTO bbpet.dbo.Sourcing (id, available, reason) VALUES (153, 1, N'Order 40 sourcing');
INSERT INTO bbpet.dbo.Sourcing (id, available, reason) VALUES (154, 1, N'Order 40 sourcing');
INSERT INTO bbpet.dbo.Sourcing (id, available, reason) VALUES (155, 1, N'Order 40 sourcing');
INSERT INTO bbpet.dbo.Sourcing (id, available, reason) VALUES (156, 1, N'Order 40 sourcing');
INSERT INTO bbpet.dbo.Sourcing (id, available, reason) VALUES (157, 1, N'Order 40 sourcing');
INSERT INTO bbpet.dbo.Sourcing (id, available, reason) VALUES (158, 1, N'Order 41 sourcing');
INSERT INTO bbpet.dbo.Sourcing (id, available, reason) VALUES (159, 1, N'Order 41 sourcing');
INSERT INTO bbpet.dbo.Sourcing (id, available, reason) VALUES (160, 1, N'Order 41 sourcing');
INSERT INTO bbpet.dbo.Sourcing (id, available, reason) VALUES (161, 1, N'Order 41 sourcing');
INSERT INTO bbpet.dbo.Sourcing (id, available, reason) VALUES (162, 1, N'Order 41 sourcing');
INSERT INTO bbpet.dbo.Sourcing (id, available, reason) VALUES (163, 1, N'Order 42 sourcing');
INSERT INTO bbpet.dbo.Sourcing (id, available, reason) VALUES (164, 1, N'Order 42 sourcing');
INSERT INTO bbpet.dbo.Sourcing (id, available, reason) VALUES (165, 1, N'Order 42 sourcing');
INSERT INTO bbpet.dbo.Sourcing (id, available, reason) VALUES (166, 1, N'Order 43 sourcing');
INSERT INTO bbpet.dbo.Sourcing (id, available, reason) VALUES (167, 1, N'Order 43 sourcing');
INSERT INTO bbpet.dbo.Sourcing (id, available, reason) VALUES (168, 1, N'Order 43 sourcing');
INSERT INTO bbpet.dbo.Sourcing (id, available, reason) VALUES (169, 1, N'Order 43 sourcing');
INSERT INTO bbpet.dbo.Sourcing (id, available, reason) VALUES (170, 1, N'Order 43 sourcing');
INSERT INTO bbpet.dbo.Sourcing (id, available, reason) VALUES (171, 1, N'Order 43 sourcing');
INSERT INTO bbpet.dbo.Sourcing (id, available, reason) VALUES (172, 1, N'Order 44 sourcing');
INSERT INTO bbpet.dbo.Sourcing (id, available, reason) VALUES (173, 1, N'Order 44 sourcing');
INSERT INTO bbpet.dbo.Sourcing (id, available, reason) VALUES (174, 1, N'Order 44 sourcing');
INSERT INTO bbpet.dbo.Sourcing (id, available, reason) VALUES (175, 1, N'Order 45 sourcing');
INSERT INTO bbpet.dbo.Sourcing (id, available, reason) VALUES (176, 1, N'Order 45 sourcing');
INSERT INTO bbpet.dbo.Sourcing (id, available, reason) VALUES (177, 1, N'Order 46 sourcing');
INSERT INTO bbpet.dbo.Sourcing (id, available, reason) VALUES (178, 1, N'Order 46 sourcing');
INSERT INTO bbpet.dbo.Sourcing (id, available, reason) VALUES (179, 1, N'Order 46 sourcing');
INSERT INTO bbpet.dbo.Sourcing (id, available, reason) VALUES (180, 1, N'Order 46 sourcing');
INSERT INTO bbpet.dbo.Sourcing (id, available, reason) VALUES (181, 1, N'Order 46 sourcing');
INSERT INTO bbpet.dbo.Sourcing (id, available, reason) VALUES (182, 1, N'Order 47 sourcing');
INSERT INTO bbpet.dbo.Sourcing (id, available, reason) VALUES (183, 1, N'Order 47 sourcing');
INSERT INTO bbpet.dbo.Sourcing (id, available, reason) VALUES (184, 1, N'Order 47 sourcing');
INSERT INTO bbpet.dbo.Sourcing (id, available, reason) VALUES (185, 1, N'Order 47 sourcing');
INSERT INTO bbpet.dbo.Sourcing (id, available, reason) VALUES (186, 1, N'Order 47 sourcing');
INSERT INTO bbpet.dbo.Sourcing (id, available, reason) VALUES (187, 1, N'Order 47 sourcing');
INSERT INTO bbpet.dbo.Sourcing (id, available, reason) VALUES (188, 1, N'Order 48 sourcing');
INSERT INTO bbpet.dbo.Sourcing (id, available, reason) VALUES (189, 1, N'Order 48 sourcing');
INSERT INTO bbpet.dbo.Sourcing (id, available, reason) VALUES (190, 1, N'Order 48 sourcing');
INSERT INTO bbpet.dbo.Sourcing (id, available, reason) VALUES (191, 1, N'Order 48 sourcing');
INSERT INTO bbpet.dbo.Sourcing (id, available, reason) VALUES (192, 1, N'Order 48 sourcing');
INSERT INTO bbpet.dbo.Sourcing (id, available, reason) VALUES (193, 1, N'Order 48 sourcing');
INSERT INTO bbpet.dbo.Sourcing (id, available, reason) VALUES (194, 1, N'Order 49 sourcing');
INSERT INTO bbpet.dbo.Sourcing (id, available, reason) VALUES (195, 1, N'Order 49 sourcing');
INSERT INTO bbpet.dbo.Sourcing (id, available, reason) VALUES (196, 1, N'Order 49 sourcing');
INSERT INTO bbpet.dbo.Sourcing (id, available, reason) VALUES (197, 1, N'Order 49 sourcing');
INSERT INTO bbpet.dbo.Sourcing (id, available, reason) VALUES (198, 1, N'Order 49 sourcing');
INSERT INTO bbpet.dbo.Sourcing (id, available, reason) VALUES (199, 1, N'Order 50 sourcing');
INSERT INTO bbpet.dbo.Sourcing (id, available, reason) VALUES (200, 1, N'Order 50 sourcing');
INSERT INTO bbpet.dbo.Sourcing (id, available, reason) VALUES (201, 1, N'Order 50 sourcing');
INSERT INTO bbpet.dbo.Sourcing (id, available, reason) VALUES (202, 1, N'Order 50 sourcing');
INSERT INTO bbpet.dbo.Sourcing (id, available, reason) VALUES (203, 1, N'Order 50 sourcing');
INSERT INTO bbpet.dbo.Sourcing (id, available, reason) VALUES (204, 1, N'Order 51 sourcing');
INSERT INTO bbpet.dbo.Sourcing (id, available, reason) VALUES (205, 1, N'Order 51 sourcing');
INSERT INTO bbpet.dbo.Sourcing (id, available, reason) VALUES (206, 1, N'Order 51 sourcing');
INSERT INTO bbpet.dbo.Sourcing (id, available, reason) VALUES (207, 1, N'Order 51 sourcing');
INSERT INTO bbpet.dbo.Sourcing (id, available, reason) VALUES (208, 1, N'Order 51 sourcing');
INSERT INTO bbpet.dbo.Sourcing (id, available, reason) VALUES (209, 1, N'Order 52 sourcing');
INSERT INTO bbpet.dbo.Sourcing (id, available, reason) VALUES (210, 1, N'Order 52 sourcing');
INSERT INTO bbpet.dbo.Sourcing (id, available, reason) VALUES (211, 1, N'Order 52 sourcing');
INSERT INTO bbpet.dbo.Sourcing (id, available, reason) VALUES (212, 1, N'Order 52 sourcing');
INSERT INTO bbpet.dbo.Sourcing (id, available, reason) VALUES (213, 1, N'Order 52 sourcing');
INSERT INTO bbpet.dbo.Sourcing (id, available, reason) VALUES (214, 1, N'Order 53 sourcing');
INSERT INTO bbpet.dbo.Sourcing (id, available, reason) VALUES (215, 1, N'Order 54 sourcing');
INSERT INTO bbpet.dbo.Sourcing (id, available, reason) VALUES (216, 1, N'Order 54 sourcing');
INSERT INTO bbpet.dbo.Sourcing (id, available, reason) VALUES (217, 1, N'Order 54 sourcing');
INSERT INTO bbpet.dbo.Sourcing (id, available, reason) VALUES (218, 1, N'Order 54 sourcing');
INSERT INTO bbpet.dbo.Sourcing (id, available, reason) VALUES (219, 1, N'Order 54 sourcing');
INSERT INTO bbpet.dbo.Sourcing (id, available, reason) VALUES (220, 1, N'Order 55 sourcing');
INSERT INTO bbpet.dbo.Sourcing (id, available, reason) VALUES (221, 1, N'Order 55 sourcing');
INSERT INTO bbpet.dbo.Sourcing (id, available, reason) VALUES (222, 1, N'Order 55 sourcing');
INSERT INTO bbpet.dbo.Sourcing (id, available, reason) VALUES (223, 1, N'Order 55 sourcing');
INSERT INTO bbpet.dbo.Sourcing (id, available, reason) VALUES (224, 1, N'Order 55 sourcing');
INSERT INTO bbpet.dbo.Sourcing (id, available, reason) VALUES (225, 1, N'Order 55 sourcing');
INSERT INTO bbpet.dbo.Sourcing (id, available, reason) VALUES (226, 1, N'Order 56 sourcing');
INSERT INTO bbpet.dbo.Sourcing (id, available, reason) VALUES (227, 1, N'Order 56 sourcing');
INSERT INTO bbpet.dbo.Sourcing (id, available, reason) VALUES (228, 1, N'Order 56 sourcing');
INSERT INTO bbpet.dbo.Sourcing (id, available, reason) VALUES (229, 1, N'Order 57 sourcing');
INSERT INTO bbpet.dbo.Sourcing (id, available, reason) VALUES (230, 1, N'Order 57 sourcing');
INSERT INTO bbpet.dbo.Sourcing (id, available, reason) VALUES (231, 1, N'Order 57 sourcing');
INSERT INTO bbpet.dbo.Sourcing (id, available, reason) VALUES (232, 1, N'Order 58 sourcing');
INSERT INTO bbpet.dbo.Sourcing (id, available, reason) VALUES (233, 1, N'Order 58 sourcing');
INSERT INTO bbpet.dbo.Sourcing (id, available, reason) VALUES (234, 1, N'Order 58 sourcing');
INSERT INTO bbpet.dbo.Sourcing (id, available, reason) VALUES (235, 1, N'Order 58 sourcing');
INSERT INTO bbpet.dbo.Sourcing (id, available, reason) VALUES (236, 1, N'Order 58 sourcing');
INSERT INTO bbpet.dbo.Sourcing (id, available, reason) VALUES (237, 1, N'Order 59 sourcing');
INSERT INTO bbpet.dbo.Sourcing (id, available, reason) VALUES (238, 1, N'Order 59 sourcing');
INSERT INTO bbpet.dbo.Sourcing (id, available, reason) VALUES (239, 1, N'Order 59 sourcing');
INSERT INTO bbpet.dbo.Sourcing (id, available, reason) VALUES (240, 1, N'Order 59 sourcing');
INSERT INTO bbpet.dbo.Sourcing (id, available, reason) VALUES (241, 1, N'Order 59 sourcing');
INSERT INTO bbpet.dbo.Sourcing (id, available, reason) VALUES (242, 1, N'Order 59 sourcing');
INSERT INTO bbpet.dbo.Sourcing (id, available, reason) VALUES (243, 1, N'Order 60 sourcing');
INSERT INTO bbpet.dbo.Sourcing (id, available, reason) VALUES (244, 1, N'Order 60 sourcing');
INSERT INTO bbpet.dbo.Sourcing (id, available, reason) VALUES (245, 1, N'Order 60 sourcing');
INSERT INTO bbpet.dbo.Sourcing (id, available, reason) VALUES (246, 1, N'Order 60 sourcing');
INSERT INTO bbpet.dbo.Sourcing (id, available, reason) VALUES (247, 1, N'Order 60 sourcing');
INSERT INTO bbpet.dbo.Sourcing (id, available, reason) VALUES (248, 1, N'Order 60 sourcing');
INSERT INTO bbpet.dbo.Sourcing (id, available, reason) VALUES (249, 1, N'Order 61 sourcing');
INSERT INTO bbpet.dbo.Sourcing (id, available, reason) VALUES (250, 1, N'Order 61 sourcing');
INSERT INTO bbpet.dbo.Sourcing (id, available, reason) VALUES (251, 1, N'Order 62 sourcing');
INSERT INTO bbpet.dbo.Sourcing (id, available, reason) VALUES (252, 1, N'Order 62 sourcing');
INSERT INTO bbpet.dbo.Sourcing (id, available, reason) VALUES (253, 1, N'Order 62 sourcing');
INSERT INTO bbpet.dbo.Sourcing (id, available, reason) VALUES (254, 1, N'Order 63 sourcing');
INSERT INTO bbpet.dbo.Sourcing (id, available, reason) VALUES (255, 1, N'Order 63 sourcing');
INSERT INTO bbpet.dbo.Sourcing (id, available, reason) VALUES (256, 1, N'Order 63 sourcing');
INSERT INTO bbpet.dbo.Sourcing (id, available, reason) VALUES (257, 1, N'Order 64 sourcing');
INSERT INTO bbpet.dbo.Sourcing (id, available, reason) VALUES (258, 1, N'Order 64 sourcing');
INSERT INTO bbpet.dbo.Sourcing (id, available, reason) VALUES (259, 1, N'Order 65 sourcing');
INSERT INTO bbpet.dbo.Sourcing (id, available, reason) VALUES (260, 1, N'Order 65 sourcing');
INSERT INTO bbpet.dbo.Sourcing (id, available, reason) VALUES (261, 1, N'Order 66 sourcing');
INSERT INTO bbpet.dbo.Sourcing (id, available, reason) VALUES (262, 1, N'Order 66 sourcing');
INSERT INTO bbpet.dbo.Sourcing (id, available, reason) VALUES (263, 1, N'Order 66 sourcing');
INSERT INTO bbpet.dbo.Sourcing (id, available, reason) VALUES (264, 1, N'Order 66 sourcing');
INSERT INTO bbpet.dbo.Sourcing (id, available, reason) VALUES (265, 1, N'Order 67 sourcing');
INSERT INTO bbpet.dbo.Sourcing (id, available, reason) VALUES (266, 1, N'Order 67 sourcing');
INSERT INTO bbpet.dbo.Sourcing (id, available, reason) VALUES (267, 1, N'Order 67 sourcing');
INSERT INTO bbpet.dbo.Sourcing (id, available, reason) VALUES (268, 1, N'Order 67 sourcing');
INSERT INTO bbpet.dbo.Sourcing (id, available, reason) VALUES (269, 1, N'Order 67 sourcing');
INSERT INTO bbpet.dbo.Sourcing (id, available, reason) VALUES (270, 1, N'Order 68 sourcing');
INSERT INTO bbpet.dbo.Sourcing (id, available, reason) VALUES (271, 1, N'Order 68 sourcing');
INSERT INTO bbpet.dbo.Sourcing (id, available, reason) VALUES (272, 1, N'Order 70 sourcing');
INSERT INTO bbpet.dbo.Sourcing (id, available, reason) VALUES (273, 1, N'Order 70 sourcing');
INSERT INTO bbpet.dbo.Sourcing (id, available, reason) VALUES (274, 1, N'Order 71 sourcing');
INSERT INTO bbpet.dbo.Sourcing (id, available, reason) VALUES (275, 1, N'Order 72 sourcing');
INSERT INTO bbpet.dbo.Sourcing (id, available, reason) VALUES (276, 1, N'Order 72 sourcing');
INSERT INTO bbpet.dbo.Sourcing (id, available, reason) VALUES (277, 1, N'Order 72 sourcing');
INSERT INTO bbpet.dbo.Sourcing (id, available, reason) VALUES (278, 1, N'Order 72 sourcing');
INSERT INTO bbpet.dbo.Sourcing (id, available, reason) VALUES (279, 1, N'Order 73 sourcing');
INSERT INTO bbpet.dbo.Sourcing (id, available, reason) VALUES (280, 1, N'Order 73 sourcing');
INSERT INTO bbpet.dbo.Sourcing (id, available, reason) VALUES (281, 1, N'Order 73 sourcing');
INSERT INTO bbpet.dbo.Sourcing (id, available, reason) VALUES (282, 1, N'Order 74 sourcing');
INSERT INTO bbpet.dbo.Sourcing (id, available, reason) VALUES (283, 1, N'Order 74 sourcing');
INSERT INTO bbpet.dbo.Sourcing (id, available, reason) VALUES (284, 1, N'Order 74 sourcing');
INSERT INTO bbpet.dbo.Sourcing (id, available, reason) VALUES (285, 1, N'Order 74 sourcing');
INSERT INTO bbpet.dbo.Sourcing (id, available, reason) VALUES (286, 1, N'Order 75 sourcing');
INSERT INTO bbpet.dbo.Sourcing (id, available, reason) VALUES (287, 1, N'Order 75 sourcing');
INSERT INTO bbpet.dbo.Sourcing (id, available, reason) VALUES (288, 1, N'Order 75 sourcing');
INSERT INTO bbpet.dbo.Sourcing (id, available, reason) VALUES (289, 1, N'Order 76 sourcing');
INSERT INTO bbpet.dbo.Sourcing (id, available, reason) VALUES (290, 1, N'Order 76 sourcing');
INSERT INTO bbpet.dbo.Sourcing (id, available, reason) VALUES (291, 1, N'Order 76 sourcing');
INSERT INTO bbpet.dbo.Sourcing (id, available, reason) VALUES (292, 1, N'Order 76 sourcing');
INSERT INTO bbpet.dbo.Sourcing (id, available, reason) VALUES (293, 1, N'Order 77 sourcing');
INSERT INTO bbpet.dbo.Sourcing (id, available, reason) VALUES (294, 1, N'Order 78 sourcing');
INSERT INTO bbpet.dbo.Sourcing (id, available, reason) VALUES (295, 1, N'Order 78 sourcing');
INSERT INTO bbpet.dbo.Sourcing (id, available, reason) VALUES (296, 1, N'Order 78 sourcing');
INSERT INTO bbpet.dbo.Sourcing (id, available, reason) VALUES (297, 1, N'Order 78 sourcing');
INSERT INTO bbpet.dbo.Sourcing (id, available, reason) VALUES (298, 1, N'Order 78 sourcing');
INSERT INTO bbpet.dbo.Sourcing (id, available, reason) VALUES (299, 1, N'Order 79 sourcing');
INSERT INTO bbpet.dbo.Sourcing (id, available, reason) VALUES (300, 1, N'Order 79 sourcing');
INSERT INTO bbpet.dbo.Sourcing (id, available, reason) VALUES (301, 1, N'Order 79 sourcing');
INSERT INTO bbpet.dbo.Sourcing (id, available, reason) VALUES (302, 1, N'Order 79 sourcing');
INSERT INTO bbpet.dbo.Sourcing (id, available, reason) VALUES (303, 1, N'Order 79 sourcing');
INSERT INTO bbpet.dbo.Sourcing (id, available, reason) VALUES (304, 1, N'Order 80 sourcing');
INSERT INTO bbpet.dbo.Sourcing (id, available, reason) VALUES (305, 1, N'Order 80 sourcing');
INSERT INTO bbpet.dbo.Sourcing (id, available, reason) VALUES (306, 1, N'Order 80 sourcing');
INSERT INTO bbpet.dbo.Sourcing (id, available, reason) VALUES (307, 1, N'Order 80 sourcing');
INSERT INTO bbpet.dbo.Sourcing (id, available, reason) VALUES (308, 1, N'Order 80 sourcing');
INSERT INTO bbpet.dbo.Sourcing (id, available, reason) VALUES (309, 1, N'Order 80 sourcing');
INSERT INTO bbpet.dbo.Sourcing (id, available, reason) VALUES (310, 1, N'Order 81 sourcing');
INSERT INTO bbpet.dbo.Sourcing (id, available, reason) VALUES (311, 1, N'Order 83 sourcing');
INSERT INTO bbpet.dbo.Sourcing (id, available, reason) VALUES (312, 1, N'Order 83 sourcing');
INSERT INTO bbpet.dbo.Sourcing (id, available, reason) VALUES (313, 1, N'Order 84 sourcing');
INSERT INTO bbpet.dbo.Sourcing (id, available, reason) VALUES (314, 1, N'Order 84 sourcing');
INSERT INTO bbpet.dbo.Sourcing (id, available, reason) VALUES (315, 1, N'Order 84 sourcing');
INSERT INTO bbpet.dbo.Sourcing (id, available, reason) VALUES (316, 1, N'Order 84 sourcing');
INSERT INTO bbpet.dbo.Sourcing (id, available, reason) VALUES (317, 1, N'Order 84 sourcing');
INSERT INTO bbpet.dbo.Sourcing (id, available, reason) VALUES (318, 1, N'Order 85 sourcing');
INSERT INTO bbpet.dbo.Sourcing (id, available, reason) VALUES (319, 1, N'Order 85 sourcing');
INSERT INTO bbpet.dbo.Sourcing (id, available, reason) VALUES (320, 1, N'Order 85 sourcing');
INSERT INTO bbpet.dbo.Sourcing (id, available, reason) VALUES (321, 1, N'Order 85 sourcing');
INSERT INTO bbpet.dbo.Sourcing (id, available, reason) VALUES (322, 1, N'Order 87 sourcing');
INSERT INTO bbpet.dbo.Sourcing (id, available, reason) VALUES (323, 1, N'Order 87 sourcing');
INSERT INTO bbpet.dbo.Sourcing (id, available, reason) VALUES (324, 1, N'Order 87 sourcing');
INSERT INTO bbpet.dbo.Sourcing (id, available, reason) VALUES (325, 1, N'Order 87 sourcing');
INSERT INTO bbpet.dbo.Sourcing (id, available, reason) VALUES (326, 1, N'Order 87 sourcing');
INSERT INTO bbpet.dbo.Sourcing (id, available, reason) VALUES (327, 1, N'Order 87 sourcing');
INSERT INTO bbpet.dbo.Sourcing (id, available, reason) VALUES (328, 1, N'Order 88 sourcing');
INSERT INTO bbpet.dbo.Sourcing (id, available, reason) VALUES (329, 1, N'Order 88 sourcing');
INSERT INTO bbpet.dbo.Sourcing (id, available, reason) VALUES (330, 1, N'Order 88 sourcing');
INSERT INTO bbpet.dbo.Sourcing (id, available, reason) VALUES (331, 1, N'Order 88 sourcing');
INSERT INTO bbpet.dbo.Sourcing (id, available, reason) VALUES (332, 1, N'Order 88 sourcing');
INSERT INTO bbpet.dbo.Sourcing (id, available, reason) VALUES (333, 1, N'Order 89 sourcing');
INSERT INTO bbpet.dbo.Sourcing (id, available, reason) VALUES (334, 1, N'Order 89 sourcing');
INSERT INTO bbpet.dbo.Sourcing (id, available, reason) VALUES (335, 1, N'Order 89 sourcing');
INSERT INTO bbpet.dbo.Sourcing (id, available, reason) VALUES (336, 1, N'Order 89 sourcing');
INSERT INTO bbpet.dbo.Sourcing (id, available, reason) VALUES (337, 1, N'Order 89 sourcing');
INSERT INTO bbpet.dbo.Sourcing (id, available, reason) VALUES (338, 1, N'Order 90 sourcing');
INSERT INTO bbpet.dbo.Sourcing (id, available, reason) VALUES (339, 1, N'Order 90 sourcing');
INSERT INTO bbpet.dbo.Sourcing (id, available, reason) VALUES (340, 1, N'Order 92 sourcing');
INSERT INTO bbpet.dbo.Sourcing (id, available, reason) VALUES (341, 1, N'Order 92 sourcing');
INSERT INTO bbpet.dbo.Sourcing (id, available, reason) VALUES (342, 1, N'Order 92 sourcing');
INSERT INTO bbpet.dbo.Sourcing (id, available, reason) VALUES (343, 1, N'Order 92 sourcing');
INSERT INTO bbpet.dbo.Sourcing (id, available, reason) VALUES (344, 1, N'Order 92 sourcing');
INSERT INTO bbpet.dbo.Sourcing (id, available, reason) VALUES (345, 1, N'Order 92 sourcing');
INSERT INTO bbpet.dbo.Sourcing (id, available, reason) VALUES (346, 1, N'Order 93 sourcing');
INSERT INTO bbpet.dbo.Sourcing (id, available, reason) VALUES (347, 1, N'Order 93 sourcing');
INSERT INTO bbpet.dbo.Sourcing (id, available, reason) VALUES (348, 1, N'Order 93 sourcing');
INSERT INTO bbpet.dbo.Sourcing (id, available, reason) VALUES (349, 1, N'Order 93 sourcing');
INSERT INTO bbpet.dbo.Sourcing (id, available, reason) VALUES (350, 1, N'Order 93 sourcing');
INSERT INTO bbpet.dbo.Sourcing (id, available, reason) VALUES (351, 1, N'Order 93 sourcing');
INSERT INTO bbpet.dbo.Sourcing (id, available, reason) VALUES (352, 1, N'Order 94 sourcing');
INSERT INTO bbpet.dbo.Sourcing (id, available, reason) VALUES (353, 1, N'Order 94 sourcing');
INSERT INTO bbpet.dbo.Sourcing (id, available, reason) VALUES (354, 1, N'Order 94 sourcing');
INSERT INTO bbpet.dbo.Sourcing (id, available, reason) VALUES (355, 1, N'Order 94 sourcing');
INSERT INTO bbpet.dbo.Sourcing (id, available, reason) VALUES (356, 1, N'Order 94 sourcing');
INSERT INTO bbpet.dbo.Sourcing (id, available, reason) VALUES (357, 1, N'Order 95 sourcing');
INSERT INTO bbpet.dbo.Sourcing (id, available, reason) VALUES (358, 1, N'Order 95 sourcing');
INSERT INTO bbpet.dbo.Sourcing (id, available, reason) VALUES (359, 1, N'Order 95 sourcing');
INSERT INTO bbpet.dbo.Sourcing (id, available, reason) VALUES (360, 1, N'Order 96 sourcing');
INSERT INTO bbpet.dbo.Sourcing (id, available, reason) VALUES (361, 1, N'Order 96 sourcing');
INSERT INTO bbpet.dbo.Sourcing (id, available, reason) VALUES (362, 1, N'Order 96 sourcing');
INSERT INTO bbpet.dbo.Sourcing (id, available, reason) VALUES (363, 1, N'Order 97 sourcing');
INSERT INTO bbpet.dbo.Sourcing (id, available, reason) VALUES (364, 1, N'Order 97 sourcing');
INSERT INTO bbpet.dbo.Sourcing (id, available, reason) VALUES (365, 1, N'Order 97 sourcing');
INSERT INTO bbpet.dbo.Sourcing (id, available, reason) VALUES (366, 1, N'Order 97 sourcing');
INSERT INTO bbpet.dbo.Sourcing (id, available, reason) VALUES (367, 1, N'Order 97 sourcing');
INSERT INTO bbpet.dbo.Sourcing (id, available, reason) VALUES (368, 1, N'Order 97 sourcing');
INSERT INTO bbpet.dbo.Sourcing (id, available, reason) VALUES (369, 1, N'Order 98 sourcing');
INSERT INTO bbpet.dbo.Sourcing (id, available, reason) VALUES (370, 1, N'Order 98 sourcing');
INSERT INTO bbpet.dbo.Sourcing (id, available, reason) VALUES (371, 1, N'Order 98 sourcing');
INSERT INTO bbpet.dbo.Sourcing (id, available, reason) VALUES (372, 1, N'Order 99 sourcing');
INSERT INTO bbpet.dbo.Sourcing (id, available, reason) VALUES (373, 1, N'Order 99 sourcing');
INSERT INTO bbpet.dbo.Sourcing (id, available, reason) VALUES (374, 1, N'Order 99 sourcing');
INSERT INTO bbpet.dbo.Sourcing (id, available, reason) VALUES (375, 1, N'Order 99 sourcing');
INSERT INTO bbpet.dbo.Sourcing (id, available, reason) VALUES (376, 1, N'Order 99 sourcing');
INSERT INTO bbpet.dbo.Sourcing (id, available, reason) VALUES (377, 1, N'Order 100 sourcing');
INSERT INTO bbpet.dbo.Sourcing (id, available, reason) VALUES (378, 1, N'Order 100 sourcing');
INSERT INTO bbpet.dbo.Sourcing (id, available, reason) VALUES (379, 1, N'Order 100 sourcing');
INSERT INTO bbpet.dbo.Sourcing (id, available, reason) VALUES (380, 1, N'Order 100 sourcing');
INSERT INTO bbpet.dbo.Sourcing (id, available, reason) VALUES (381, 1, N'Order 101 sourcing');
INSERT INTO bbpet.dbo.Sourcing (id, available, reason) VALUES (382, 1, N'Order 101 sourcing');
INSERT INTO bbpet.dbo.Sourcing (id, available, reason) VALUES (383, 1, N'Order 101 sourcing');
INSERT INTO bbpet.dbo.Sourcing (id, available, reason) VALUES (384, 1, N'Order 101 sourcing');
INSERT INTO bbpet.dbo.Sourcing (id, available, reason) VALUES (385, 1, N'Order 101 sourcing');
INSERT INTO bbpet.dbo.Sourcing (id, available, reason) VALUES (386, 1, N'Order 102 sourcing');
INSERT INTO bbpet.dbo.Sourcing (id, available, reason) VALUES (387, 1, N'Order 102 sourcing');
INSERT INTO bbpet.dbo.Sourcing (id, available, reason) VALUES (388, 1, N'Order 102 sourcing');
INSERT INTO bbpet.dbo.Sourcing (id, available, reason) VALUES (389, 1, N'Order 102 sourcing');
INSERT INTO bbpet.dbo.Sourcing (id, available, reason) VALUES (390, 1, N'Order 103 sourcing');
INSERT INTO bbpet.dbo.Sourcing (id, available, reason) VALUES (391, 1, N'Order 103 sourcing');
INSERT INTO bbpet.dbo.Sourcing (id, available, reason) VALUES (392, 1, N'Order 103 sourcing');
INSERT INTO bbpet.dbo.Sourcing (id, available, reason) VALUES (393, 1, N'Order 103 sourcing');
INSERT INTO bbpet.dbo.Sourcing (id, available, reason) VALUES (394, 1, N'Order 103 sourcing');
SET IDENTITY_INSERT bbpet.dbo.Sourcing OFF;



INSERT INTO bbpet.dbo.InventorySourcing (productInventoryId, sourcingId, quantity, canceled) VALUES (1, 99, 4, null);
INSERT INTO bbpet.dbo.InventorySourcing (productInventoryId, sourcingId, quantity, canceled) VALUES (1, 158, 2, null);
INSERT INTO bbpet.dbo.InventorySourcing (productInventoryId, sourcingId, quantity, canceled) VALUES (1, 185, 2, null);
INSERT INTO bbpet.dbo.InventorySourcing (productInventoryId, sourcingId, quantity, canceled) VALUES (2, 191, 9, null);
INSERT INTO bbpet.dbo.InventorySourcing (productInventoryId, sourcingId, quantity, canceled) VALUES (2, 286, 2, null);
INSERT INTO bbpet.dbo.InventorySourcing (productInventoryId, sourcingId, quantity, canceled) VALUES (4, 3, 3, null);
INSERT INTO bbpet.dbo.InventorySourcing (productInventoryId, sourcingId, quantity, canceled) VALUES (4, 55, 2, null);
INSERT INTO bbpet.dbo.InventorySourcing (productInventoryId, sourcingId, quantity, canceled) VALUES (4, 82, 9, null);
INSERT INTO bbpet.dbo.InventorySourcing (productInventoryId, sourcingId, quantity, canceled) VALUES (4, 228, 6, null);
INSERT INTO bbpet.dbo.InventorySourcing (productInventoryId, sourcingId, quantity, canceled) VALUES (4, 265, 2, null);
INSERT INTO bbpet.dbo.InventorySourcing (productInventoryId, sourcingId, quantity, canceled) VALUES (4, 276, 1, null);
INSERT INTO bbpet.dbo.InventorySourcing (productInventoryId, sourcingId, quantity, canceled) VALUES (4, 318, 5, null);
INSERT INTO bbpet.dbo.InventorySourcing (productInventoryId, sourcingId, quantity, canceled) VALUES (5, 66, 7, null);
INSERT INTO bbpet.dbo.InventorySourcing (productInventoryId, sourcingId, quantity, canceled) VALUES (5, 104, 8, null);
INSERT INTO bbpet.dbo.InventorySourcing (productInventoryId, sourcingId, quantity, canceled) VALUES (5, 199, 10, null);
INSERT INTO bbpet.dbo.InventorySourcing (productInventoryId, sourcingId, quantity, canceled) VALUES (5, 256, 7, null);
INSERT INTO bbpet.dbo.InventorySourcing (productInventoryId, sourcingId, quantity, canceled) VALUES (7, 62, 7, null);
INSERT INTO bbpet.dbo.InventorySourcing (productInventoryId, sourcingId, quantity, canceled) VALUES (7, 84, 1, null);
INSERT INTO bbpet.dbo.InventorySourcing (productInventoryId, sourcingId, quantity, canceled) VALUES (7, 280, 2, null);
INSERT INTO bbpet.dbo.InventorySourcing (productInventoryId, sourcingId, quantity, canceled) VALUES (7, 323, 7, null);
INSERT INTO bbpet.dbo.InventorySourcing (productInventoryId, sourcingId, quantity, canceled) VALUES (7, 379, 6, null);
INSERT INTO bbpet.dbo.InventorySourcing (productInventoryId, sourcingId, quantity, canceled) VALUES (8, 129, 4, null);
INSERT INTO bbpet.dbo.InventorySourcing (productInventoryId, sourcingId, quantity, canceled) VALUES (8, 315, 4, null);
INSERT INTO bbpet.dbo.InventorySourcing (productInventoryId, sourcingId, quantity, canceled) VALUES (8, 392, 8, null);
INSERT INTO bbpet.dbo.InventorySourcing (productInventoryId, sourcingId, quantity, canceled) VALUES (10, 6, 4, null);
INSERT INTO bbpet.dbo.InventorySourcing (productInventoryId, sourcingId, quantity, canceled) VALUES (10, 59, 8, null);
INSERT INTO bbpet.dbo.InventorySourcing (productInventoryId, sourcingId, quantity, canceled) VALUES (10, 93, 9, null);
INSERT INTO bbpet.dbo.InventorySourcing (productInventoryId, sourcingId, quantity, canceled) VALUES (10, 117, 7, null);
INSERT INTO bbpet.dbo.InventorySourcing (productInventoryId, sourcingId, quantity, canceled) VALUES (10, 134, 4, null);
INSERT INTO bbpet.dbo.InventorySourcing (productInventoryId, sourcingId, quantity, canceled) VALUES (10, 159, 2, null);
INSERT INTO bbpet.dbo.InventorySourcing (productInventoryId, sourcingId, quantity, canceled) VALUES (10, 387, 5, null);
INSERT INTO bbpet.dbo.InventorySourcing (productInventoryId, sourcingId, quantity, canceled) VALUES (11, 9, 4, null);
INSERT INTO bbpet.dbo.InventorySourcing (productInventoryId, sourcingId, quantity, canceled) VALUES (11, 45, 5, null);
INSERT INTO bbpet.dbo.InventorySourcing (productInventoryId, sourcingId, quantity, canceled) VALUES (11, 113, 1, null);
INSERT INTO bbpet.dbo.InventorySourcing (productInventoryId, sourcingId, quantity, canceled) VALUES (11, 143, 7, null);
INSERT INTO bbpet.dbo.InventorySourcing (productInventoryId, sourcingId, quantity, canceled) VALUES (11, 146, 2, null);
INSERT INTO bbpet.dbo.InventorySourcing (productInventoryId, sourcingId, quantity, canceled) VALUES (11, 245, 6, null);
INSERT INTO bbpet.dbo.InventorySourcing (productInventoryId, sourcingId, quantity, canceled) VALUES (11, 329, 4, null);
INSERT INTO bbpet.dbo.InventorySourcing (productInventoryId, sourcingId, quantity, canceled) VALUES (13, 12, 10, null);
INSERT INTO bbpet.dbo.InventorySourcing (productInventoryId, sourcingId, quantity, canceled) VALUES (13, 81, 1, null);
INSERT INTO bbpet.dbo.InventorySourcing (productInventoryId, sourcingId, quantity, canceled) VALUES (13, 101, 8, null);
INSERT INTO bbpet.dbo.InventorySourcing (productInventoryId, sourcingId, quantity, canceled) VALUES (13, 137, 2, null);
INSERT INTO bbpet.dbo.InventorySourcing (productInventoryId, sourcingId, quantity, canceled) VALUES (13, 179, 4, null);
INSERT INTO bbpet.dbo.InventorySourcing (productInventoryId, sourcingId, quantity, canceled) VALUES (13, 227, 1, null);
INSERT INTO bbpet.dbo.InventorySourcing (productInventoryId, sourcingId, quantity, canceled) VALUES (13, 240, 9, null);
INSERT INTO bbpet.dbo.InventorySourcing (productInventoryId, sourcingId, quantity, canceled) VALUES (14, 87, 4, null);
INSERT INTO bbpet.dbo.InventorySourcing (productInventoryId, sourcingId, quantity, canceled) VALUES (14, 119, 5, null);
INSERT INTO bbpet.dbo.InventorySourcing (productInventoryId, sourcingId, quantity, canceled) VALUES (14, 364, 6, null);
INSERT INTO bbpet.dbo.InventorySourcing (productInventoryId, sourcingId, quantity, canceled) VALUES (16, 5, 7, null);
INSERT INTO bbpet.dbo.InventorySourcing (productInventoryId, sourcingId, quantity, canceled) VALUES (16, 79, 9, null);
INSERT INTO bbpet.dbo.InventorySourcing (productInventoryId, sourcingId, quantity, canceled) VALUES (16, 94, 9, null);
INSERT INTO bbpet.dbo.InventorySourcing (productInventoryId, sourcingId, quantity, canceled) VALUES (16, 102, 2, null);
INSERT INTO bbpet.dbo.InventorySourcing (productInventoryId, sourcingId, quantity, canceled) VALUES (16, 253, 9, null);
INSERT INTO bbpet.dbo.InventorySourcing (productInventoryId, sourcingId, quantity, canceled) VALUES (16, 320, 8, null);
INSERT INTO bbpet.dbo.InventorySourcing (productInventoryId, sourcingId, quantity, canceled) VALUES (16, 373, 9, null);
INSERT INTO bbpet.dbo.InventorySourcing (productInventoryId, sourcingId, quantity, canceled) VALUES (16, 386, 8, null);
INSERT INTO bbpet.dbo.InventorySourcing (productInventoryId, sourcingId, quantity, canceled) VALUES (17, 31, 3, null);
INSERT INTO bbpet.dbo.InventorySourcing (productInventoryId, sourcingId, quantity, canceled) VALUES (17, 110, 5, null);
INSERT INTO bbpet.dbo.InventorySourcing (productInventoryId, sourcingId, quantity, canceled) VALUES (17, 125, 8, null);
INSERT INTO bbpet.dbo.InventorySourcing (productInventoryId, sourcingId, quantity, canceled) VALUES (17, 211, 10, null);
INSERT INTO bbpet.dbo.InventorySourcing (productInventoryId, sourcingId, quantity, canceled) VALUES (17, 243, 9, null);
INSERT INTO bbpet.dbo.InventorySourcing (productInventoryId, sourcingId, quantity, canceled) VALUES (17, 262, 6, null);
INSERT INTO bbpet.dbo.InventorySourcing (productInventoryId, sourcingId, quantity, canceled) VALUES (17, 346, 5, null);
INSERT INTO bbpet.dbo.InventorySourcing (productInventoryId, sourcingId, quantity, canceled) VALUES (17, 348, 4, null);
INSERT INTO bbpet.dbo.InventorySourcing (productInventoryId, sourcingId, quantity, canceled) VALUES (17, 363, 2, null);
INSERT INTO bbpet.dbo.InventorySourcing (productInventoryId, sourcingId, quantity, canceled) VALUES (19, 71, 6, null);
INSERT INTO bbpet.dbo.InventorySourcing (productInventoryId, sourcingId, quantity, canceled) VALUES (19, 183, 3, null);
INSERT INTO bbpet.dbo.InventorySourcing (productInventoryId, sourcingId, quantity, canceled) VALUES (19, 226, 6, null);
INSERT INTO bbpet.dbo.InventorySourcing (productInventoryId, sourcingId, quantity, canceled) VALUES (19, 319, 9, null);
INSERT INTO bbpet.dbo.InventorySourcing (productInventoryId, sourcingId, quantity, canceled) VALUES (19, 371, 9, null);
INSERT INTO bbpet.dbo.InventorySourcing (productInventoryId, sourcingId, quantity, canceled) VALUES (19, 381, 2, null);
INSERT INTO bbpet.dbo.InventorySourcing (productInventoryId, sourcingId, quantity, canceled) VALUES (20, 32, 3, null);
INSERT INTO bbpet.dbo.InventorySourcing (productInventoryId, sourcingId, quantity, canceled) VALUES (20, 33, 3, null);
INSERT INTO bbpet.dbo.InventorySourcing (productInventoryId, sourcingId, quantity, canceled) VALUES (20, 111, 7, null);
INSERT INTO bbpet.dbo.InventorySourcing (productInventoryId, sourcingId, quantity, canceled) VALUES (20, 131, 4, null);
INSERT INTO bbpet.dbo.InventorySourcing (productInventoryId, sourcingId, quantity, canceled) VALUES (20, 222, 4, null);
INSERT INTO bbpet.dbo.InventorySourcing (productInventoryId, sourcingId, quantity, canceled) VALUES (20, 229, 5, null);
INSERT INTO bbpet.dbo.InventorySourcing (productInventoryId, sourcingId, quantity, canceled) VALUES (20, 313, 6, null);
INSERT INTO bbpet.dbo.InventorySourcing (productInventoryId, sourcingId, quantity, canceled) VALUES (20, 390, 4, null);
INSERT INTO bbpet.dbo.InventorySourcing (productInventoryId, sourcingId, quantity, canceled) VALUES (22, 25, 4, null);
INSERT INTO bbpet.dbo.InventorySourcing (productInventoryId, sourcingId, quantity, canceled) VALUES (22, 53, 10, null);
INSERT INTO bbpet.dbo.InventorySourcing (productInventoryId, sourcingId, quantity, canceled) VALUES (22, 54, 9, null);
INSERT INTO bbpet.dbo.InventorySourcing (productInventoryId, sourcingId, quantity, canceled) VALUES (22, 77, 2, null);
INSERT INTO bbpet.dbo.InventorySourcing (productInventoryId, sourcingId, quantity, canceled) VALUES (22, 118, 5, null);
INSERT INTO bbpet.dbo.InventorySourcing (productInventoryId, sourcingId, quantity, canceled) VALUES (22, 166, 10, null);
INSERT INTO bbpet.dbo.InventorySourcing (productInventoryId, sourcingId, quantity, canceled) VALUES (22, 257, 8, null);
INSERT INTO bbpet.dbo.InventorySourcing (productInventoryId, sourcingId, quantity, canceled) VALUES (22, 282, 7, null);
INSERT INTO bbpet.dbo.InventorySourcing (productInventoryId, sourcingId, quantity, canceled) VALUES (22, 299, 2, null);
INSERT INTO bbpet.dbo.InventorySourcing (productInventoryId, sourcingId, quantity, canceled) VALUES (22, 369, 9, null);
INSERT INTO bbpet.dbo.InventorySourcing (productInventoryId, sourcingId, quantity, canceled) VALUES (22, 370, 9, null);
INSERT INTO bbpet.dbo.InventorySourcing (productInventoryId, sourcingId, quantity, canceled) VALUES (23, 120, 5, null);
INSERT INTO bbpet.dbo.InventorySourcing (productInventoryId, sourcingId, quantity, canceled) VALUES (23, 121, 7, null);
INSERT INTO bbpet.dbo.InventorySourcing (productInventoryId, sourcingId, quantity, canceled) VALUES (23, 197, 1, null);
INSERT INTO bbpet.dbo.InventorySourcing (productInventoryId, sourcingId, quantity, canceled) VALUES (23, 200, 7, null);
INSERT INTO bbpet.dbo.InventorySourcing (productInventoryId, sourcingId, quantity, canceled) VALUES (23, 263, 2, null);
INSERT INTO bbpet.dbo.InventorySourcing (productInventoryId, sourcingId, quantity, canceled) VALUES (23, 330, 8, null);
INSERT INTO bbpet.dbo.InventorySourcing (productInventoryId, sourcingId, quantity, canceled) VALUES (23, 340, 9, null);
INSERT INTO bbpet.dbo.InventorySourcing (productInventoryId, sourcingId, quantity, canceled) VALUES (23, 357, 7, null);
INSERT INTO bbpet.dbo.InventorySourcing (productInventoryId, sourcingId, quantity, canceled) VALUES (25, 13, 10, null);
INSERT INTO bbpet.dbo.InventorySourcing (productInventoryId, sourcingId, quantity, canceled) VALUES (25, 279, 2, null);
INSERT INTO bbpet.dbo.InventorySourcing (productInventoryId, sourcingId, quantity, canceled) VALUES (25, 283, 6, null);
INSERT INTO bbpet.dbo.InventorySourcing (productInventoryId, sourcingId, quantity, canceled) VALUES (25, 306, 6, null);
INSERT INTO bbpet.dbo.InventorySourcing (productInventoryId, sourcingId, quantity, canceled) VALUES (25, 325, 5, null);
INSERT INTO bbpet.dbo.InventorySourcing (productInventoryId, sourcingId, quantity, canceled) VALUES (26, 172, 4, null);
INSERT INTO bbpet.dbo.InventorySourcing (productInventoryId, sourcingId, quantity, canceled) VALUES (26, 195, 9, null);
INSERT INTO bbpet.dbo.InventorySourcing (productInventoryId, sourcingId, quantity, canceled) VALUES (26, 212, 8, null);
INSERT INTO bbpet.dbo.InventorySourcing (productInventoryId, sourcingId, quantity, canceled) VALUES (26, 244, 6, null);
INSERT INTO bbpet.dbo.InventorySourcing (productInventoryId, sourcingId, quantity, canceled) VALUES (26, 341, 6, null);
INSERT INTO bbpet.dbo.InventorySourcing (productInventoryId, sourcingId, quantity, canceled) VALUES (28, 4, 8, null);
INSERT INTO bbpet.dbo.InventorySourcing (productInventoryId, sourcingId, quantity, canceled) VALUES (28, 75, 4, null);
INSERT INTO bbpet.dbo.InventorySourcing (productInventoryId, sourcingId, quantity, canceled) VALUES (29, 154, 5, null);
INSERT INTO bbpet.dbo.InventorySourcing (productInventoryId, sourcingId, quantity, canceled) VALUES (29, 215, 9, null);
INSERT INTO bbpet.dbo.InventorySourcing (productInventoryId, sourcingId, quantity, canceled) VALUES (29, 254, 7, null);
INSERT INTO bbpet.dbo.InventorySourcing (productInventoryId, sourcingId, quantity, canceled) VALUES (29, 259, 10, null);
INSERT INTO bbpet.dbo.InventorySourcing (productInventoryId, sourcingId, quantity, canceled) VALUES (29, 360, 10, null);
INSERT INTO bbpet.dbo.InventorySourcing (productInventoryId, sourcingId, quantity, canceled) VALUES (31, 74, 5, null);
INSERT INTO bbpet.dbo.InventorySourcing (productInventoryId, sourcingId, quantity, canceled) VALUES (31, 78, 5, null);
INSERT INTO bbpet.dbo.InventorySourcing (productInventoryId, sourcingId, quantity, canceled) VALUES (31, 116, 2, null);
INSERT INTO bbpet.dbo.InventorySourcing (productInventoryId, sourcingId, quantity, canceled) VALUES (31, 151, 7, null);
INSERT INTO bbpet.dbo.InventorySourcing (productInventoryId, sourcingId, quantity, canceled) VALUES (31, 233, 4, null);
INSERT INTO bbpet.dbo.InventorySourcing (productInventoryId, sourcingId, quantity, canceled) VALUES (31, 251, 9, null);
INSERT INTO bbpet.dbo.InventorySourcing (productInventoryId, sourcingId, quantity, canceled) VALUES (31, 304, 9, null);
INSERT INTO bbpet.dbo.InventorySourcing (productInventoryId, sourcingId, quantity, canceled) VALUES (32, 1, 9, null);
INSERT INTO bbpet.dbo.InventorySourcing (productInventoryId, sourcingId, quantity, canceled) VALUES (32, 37, 5, null);
INSERT INTO bbpet.dbo.InventorySourcing (productInventoryId, sourcingId, quantity, canceled) VALUES (32, 108, 3, null);
INSERT INTO bbpet.dbo.InventorySourcing (productInventoryId, sourcingId, quantity, canceled) VALUES (32, 246, 3, null);
INSERT INTO bbpet.dbo.InventorySourcing (productInventoryId, sourcingId, quantity, canceled) VALUES (32, 290, 3, null);
INSERT INTO bbpet.dbo.InventorySourcing (productInventoryId, sourcingId, quantity, canceled) VALUES (34, 56, 4, null);
INSERT INTO bbpet.dbo.InventorySourcing (productInventoryId, sourcingId, quantity, canceled) VALUES (34, 70, 1, null);
INSERT INTO bbpet.dbo.InventorySourcing (productInventoryId, sourcingId, quantity, canceled) VALUES (34, 72, 9, null);
INSERT INTO bbpet.dbo.InventorySourcing (productInventoryId, sourcingId, quantity, canceled) VALUES (34, 80, 8, null);
INSERT INTO bbpet.dbo.InventorySourcing (productInventoryId, sourcingId, quantity, canceled) VALUES (34, 133, 2, null);
INSERT INTO bbpet.dbo.InventorySourcing (productInventoryId, sourcingId, quantity, canceled) VALUES (34, 168, 5, null);
INSERT INTO bbpet.dbo.InventorySourcing (productInventoryId, sourcingId, quantity, canceled) VALUES (34, 206, 4, null);
INSERT INTO bbpet.dbo.InventorySourcing (productInventoryId, sourcingId, quantity, canceled) VALUES (34, 266, 7, null);
INSERT INTO bbpet.dbo.InventorySourcing (productInventoryId, sourcingId, quantity, canceled) VALUES (34, 324, 9, null);
INSERT INTO bbpet.dbo.InventorySourcing (productInventoryId, sourcingId, quantity, canceled) VALUES (34, 372, 2, null);
INSERT INTO bbpet.dbo.InventorySourcing (productInventoryId, sourcingId, quantity, canceled) VALUES (35, 7, 10, null);
INSERT INTO bbpet.dbo.InventorySourcing (productInventoryId, sourcingId, quantity, canceled) VALUES (35, 38, 4, null);
INSERT INTO bbpet.dbo.InventorySourcing (productInventoryId, sourcingId, quantity, canceled) VALUES (35, 39, 10, null);
INSERT INTO bbpet.dbo.InventorySourcing (productInventoryId, sourcingId, quantity, canceled) VALUES (35, 105, 3, null);
INSERT INTO bbpet.dbo.InventorySourcing (productInventoryId, sourcingId, quantity, canceled) VALUES (35, 155, 5, null);
INSERT INTO bbpet.dbo.InventorySourcing (productInventoryId, sourcingId, quantity, canceled) VALUES (35, 188, 9, null);
INSERT INTO bbpet.dbo.InventorySourcing (productInventoryId, sourcingId, quantity, canceled) VALUES (35, 289, 2, null);
INSERT INTO bbpet.dbo.InventorySourcing (productInventoryId, sourcingId, quantity, canceled) VALUES (35, 312, 4, null);
INSERT INTO bbpet.dbo.InventorySourcing (productInventoryId, sourcingId, quantity, canceled) VALUES (35, 328, 9, null);
INSERT INTO bbpet.dbo.InventorySourcing (productInventoryId, sourcingId, quantity, canceled) VALUES (35, 366, 2, null);
INSERT INTO bbpet.dbo.InventorySourcing (productInventoryId, sourcingId, quantity, canceled) VALUES (37, 252, 6, null);
INSERT INTO bbpet.dbo.InventorySourcing (productInventoryId, sourcingId, quantity, canceled) VALUES (37, 281, 4, null);
INSERT INTO bbpet.dbo.InventorySourcing (productInventoryId, sourcingId, quantity, canceled) VALUES (37, 301, 3, null);
INSERT INTO bbpet.dbo.InventorySourcing (productInventoryId, sourcingId, quantity, canceled) VALUES (37, 307, 2, null);
INSERT INTO bbpet.dbo.InventorySourcing (productInventoryId, sourcingId, quantity, canceled) VALUES (37, 334, 5, null);
INSERT INTO bbpet.dbo.InventorySourcing (productInventoryId, sourcingId, quantity, canceled) VALUES (38, 163, 3, null);
INSERT INTO bbpet.dbo.InventorySourcing (productInventoryId, sourcingId, quantity, canceled) VALUES (38, 190, 6, null);
INSERT INTO bbpet.dbo.InventorySourcing (productInventoryId, sourcingId, quantity, canceled) VALUES (38, 270, 9, null);
INSERT INTO bbpet.dbo.InventorySourcing (productInventoryId, sourcingId, quantity, canceled) VALUES (40, 24, 6, null);
INSERT INTO bbpet.dbo.InventorySourcing (productInventoryId, sourcingId, quantity, canceled) VALUES (40, 60, 2, null);
INSERT INTO bbpet.dbo.InventorySourcing (productInventoryId, sourcingId, quantity, canceled) VALUES (40, 204, 2, null);
INSERT INTO bbpet.dbo.InventorySourcing (productInventoryId, sourcingId, quantity, canceled) VALUES (40, 234, 6, null);
INSERT INTO bbpet.dbo.InventorySourcing (productInventoryId, sourcingId, quantity, canceled) VALUES (40, 296, 3, null);
INSERT INTO bbpet.dbo.InventorySourcing (productInventoryId, sourcingId, quantity, canceled) VALUES (41, 30, 4, null);
INSERT INTO bbpet.dbo.InventorySourcing (productInventoryId, sourcingId, quantity, canceled) VALUES (41, 48, 8, null);
INSERT INTO bbpet.dbo.InventorySourcing (productInventoryId, sourcingId, quantity, canceled) VALUES (41, 128, 2, null);
INSERT INTO bbpet.dbo.InventorySourcing (productInventoryId, sourcingId, quantity, canceled) VALUES (41, 209, 6, null);
INSERT INTO bbpet.dbo.InventorySourcing (productInventoryId, sourcingId, quantity, canceled) VALUES (41, 261, 9, null);
INSERT INTO bbpet.dbo.InventorySourcing (productInventoryId, sourcingId, quantity, canceled) VALUES (41, 347, 4, null);
INSERT INTO bbpet.dbo.InventorySourcing (productInventoryId, sourcingId, quantity, canceled) VALUES (41, 352, 5, null);
INSERT INTO bbpet.dbo.InventorySourcing (productInventoryId, sourcingId, quantity, canceled) VALUES (43, 83, 9, null);
INSERT INTO bbpet.dbo.InventorySourcing (productInventoryId, sourcingId, quantity, canceled) VALUES (43, 139, 10, null);
INSERT INTO bbpet.dbo.InventorySourcing (productInventoryId, sourcingId, quantity, canceled) VALUES (43, 178, 5, null);
INSERT INTO bbpet.dbo.InventorySourcing (productInventoryId, sourcingId, quantity, canceled) VALUES (43, 182, 7, null);
INSERT INTO bbpet.dbo.InventorySourcing (productInventoryId, sourcingId, quantity, canceled) VALUES (43, 374, 4, null);
INSERT INTO bbpet.dbo.InventorySourcing (productInventoryId, sourcingId, quantity, canceled) VALUES (44, 19, 6, null);
INSERT INTO bbpet.dbo.InventorySourcing (productInventoryId, sourcingId, quantity, canceled) VALUES (44, 210, 3, null);
INSERT INTO bbpet.dbo.InventorySourcing (productInventoryId, sourcingId, quantity, canceled) VALUES (44, 216, 5, null);
INSERT INTO bbpet.dbo.InventorySourcing (productInventoryId, sourcingId, quantity, canceled) VALUES (46, 61, 9, null);
INSERT INTO bbpet.dbo.InventorySourcing (productInventoryId, sourcingId, quantity, canceled) VALUES (46, 138, 9, null);
INSERT INTO bbpet.dbo.InventorySourcing (productInventoryId, sourcingId, quantity, canceled) VALUES (46, 275, 3, null);
INSERT INTO bbpet.dbo.InventorySourcing (productInventoryId, sourcingId, quantity, canceled) VALUES (47, 153, 5, null);
INSERT INTO bbpet.dbo.InventorySourcing (productInventoryId, sourcingId, quantity, canceled) VALUES (47, 189, 10, null);
INSERT INTO bbpet.dbo.InventorySourcing (productInventoryId, sourcingId, quantity, canceled) VALUES (47, 196, 9, null);
INSERT INTO bbpet.dbo.InventorySourcing (productInventoryId, sourcingId, quantity, canceled) VALUES (47, 223, 8, null);
INSERT INTO bbpet.dbo.InventorySourcing (productInventoryId, sourcingId, quantity, canceled) VALUES (47, 331, 7, null);
INSERT INTO bbpet.dbo.InventorySourcing (productInventoryId, sourcingId, quantity, canceled) VALUES (49, 95, 5, null);
INSERT INTO bbpet.dbo.InventorySourcing (productInventoryId, sourcingId, quantity, canceled) VALUES (49, 97, 10, null);
INSERT INTO bbpet.dbo.InventorySourcing (productInventoryId, sourcingId, quantity, canceled) VALUES (49, 98, 9, null);
INSERT INTO bbpet.dbo.InventorySourcing (productInventoryId, sourcingId, quantity, canceled) VALUES (49, 132, 4, null);
INSERT INTO bbpet.dbo.InventorySourcing (productInventoryId, sourcingId, quantity, canceled) VALUES (49, 238, 4, null);
INSERT INTO bbpet.dbo.InventorySourcing (productInventoryId, sourcingId, quantity, canceled) VALUES (49, 300, 9, null);
INSERT INTO bbpet.dbo.InventorySourcing (productInventoryId, sourcingId, quantity, canceled) VALUES (49, 378, 9, null);
INSERT INTO bbpet.dbo.InventorySourcing (productInventoryId, sourcingId, quantity, canceled) VALUES (50, 20, 3, null);
INSERT INTO bbpet.dbo.InventorySourcing (productInventoryId, sourcingId, quantity, canceled) VALUES (50, 112, 5, null);
INSERT INTO bbpet.dbo.InventorySourcing (productInventoryId, sourcingId, quantity, canceled) VALUES (50, 220, 4, null);
INSERT INTO bbpet.dbo.InventorySourcing (productInventoryId, sourcingId, quantity, canceled) VALUES (50, 255, 6, null);
INSERT INTO bbpet.dbo.InventorySourcing (productInventoryId, sourcingId, quantity, canceled) VALUES (50, 287, 10, null);
INSERT INTO bbpet.dbo.InventorySourcing (productInventoryId, sourcingId, quantity, canceled) VALUES (50, 311, 10, null);
INSERT INTO bbpet.dbo.InventorySourcing (productInventoryId, sourcingId, quantity, canceled) VALUES (52, 160, 3, null);
INSERT INTO bbpet.dbo.InventorySourcing (productInventoryId, sourcingId, quantity, canceled) VALUES (52, 167, 5, null);
INSERT INTO bbpet.dbo.InventorySourcing (productInventoryId, sourcingId, quantity, canceled) VALUES (52, 177, 7, null);
INSERT INTO bbpet.dbo.InventorySourcing (productInventoryId, sourcingId, quantity, canceled) VALUES (52, 237, 2, null);
INSERT INTO bbpet.dbo.InventorySourcing (productInventoryId, sourcingId, quantity, canceled) VALUES (52, 305, 2, null);
INSERT INTO bbpet.dbo.InventorySourcing (productInventoryId, sourcingId, quantity, canceled) VALUES (53, 8, 8, null);
INSERT INTO bbpet.dbo.InventorySourcing (productInventoryId, sourcingId, quantity, canceled) VALUES (53, 44, 2, null);
INSERT INTO bbpet.dbo.InventorySourcing (productInventoryId, sourcingId, quantity, canceled) VALUES (53, 49, 2, null);
INSERT INTO bbpet.dbo.InventorySourcing (productInventoryId, sourcingId, quantity, canceled) VALUES (53, 65, 5, null);
INSERT INTO bbpet.dbo.InventorySourcing (productInventoryId, sourcingId, quantity, canceled) VALUES (53, 156, 1, null);
INSERT INTO bbpet.dbo.InventorySourcing (productInventoryId, sourcingId, quantity, canceled) VALUES (53, 221, 9, null);
INSERT INTO bbpet.dbo.InventorySourcing (productInventoryId, sourcingId, quantity, canceled) VALUES (53, 230, 3, null);
INSERT INTO bbpet.dbo.InventorySourcing (productInventoryId, sourcingId, quantity, canceled) VALUES (53, 314, 2, null);
INSERT INTO bbpet.dbo.InventorySourcing (productInventoryId, sourcingId, quantity, canceled) VALUES (55, 11, 5, null);
INSERT INTO bbpet.dbo.InventorySourcing (productInventoryId, sourcingId, quantity, canceled) VALUES (55, 23, 6, null);
INSERT INTO bbpet.dbo.InventorySourcing (productInventoryId, sourcingId, quantity, canceled) VALUES (55, 115, 7, null);
INSERT INTO bbpet.dbo.InventorySourcing (productInventoryId, sourcingId, quantity, canceled) VALUES (55, 140, 2, null);
INSERT INTO bbpet.dbo.InventorySourcing (productInventoryId, sourcingId, quantity, canceled) VALUES (55, 184, 8, null);
INSERT INTO bbpet.dbo.InventorySourcing (productInventoryId, sourcingId, quantity, canceled) VALUES (55, 239, 8, null);
INSERT INTO bbpet.dbo.InventorySourcing (productInventoryId, sourcingId, quantity, canceled) VALUES (55, 294, 4, null);
INSERT INTO bbpet.dbo.InventorySourcing (productInventoryId, sourcingId, quantity, canceled) VALUES (55, 295, 7, null);
INSERT INTO bbpet.dbo.InventorySourcing (productInventoryId, sourcingId, quantity, canceled) VALUES (55, 322, 3, null);
INSERT INTO bbpet.dbo.InventorySourcing (productInventoryId, sourcingId, quantity, canceled) VALUES (55, 375, 10, null);
INSERT INTO bbpet.dbo.InventorySourcing (productInventoryId, sourcingId, quantity, canceled) VALUES (55, 377, 4, null);
INSERT INTO bbpet.dbo.InventorySourcing (productInventoryId, sourcingId, quantity, canceled) VALUES (55, 388, 10, null);
INSERT INTO bbpet.dbo.InventorySourcing (productInventoryId, sourcingId, quantity, canceled) VALUES (56, 89, 9, null);
INSERT INTO bbpet.dbo.InventorySourcing (productInventoryId, sourcingId, quantity, canceled) VALUES (56, 124, 1, null);
INSERT INTO bbpet.dbo.InventorySourcing (productInventoryId, sourcingId, quantity, canceled) VALUES (56, 126, 4, null);
INSERT INTO bbpet.dbo.InventorySourcing (productInventoryId, sourcingId, quantity, canceled) VALUES (56, 147, 5, null);
INSERT INTO bbpet.dbo.InventorySourcing (productInventoryId, sourcingId, quantity, canceled) VALUES (56, 194, 8, null);
INSERT INTO bbpet.dbo.InventorySourcing (productInventoryId, sourcingId, quantity, canceled) VALUES (56, 349, 4, null);
INSERT INTO bbpet.dbo.InventorySourcing (productInventoryId, sourcingId, quantity, canceled) VALUES (56, 353, 6, null);
INSERT INTO bbpet.dbo.InventorySourcing (productInventoryId, sourcingId, quantity, canceled) VALUES (56, 365, 9, null);
INSERT INTO bbpet.dbo.InventorySourcing (productInventoryId, sourcingId, quantity, canceled) VALUES (56, 391, 3, null);
INSERT INTO bbpet.dbo.InventorySourcing (productInventoryId, sourcingId, quantity, canceled) VALUES (58, 205, 5, null);
INSERT INTO bbpet.dbo.InventorySourcing (productInventoryId, sourcingId, quantity, canceled) VALUES (58, 232, 3, null);
INSERT INTO bbpet.dbo.InventorySourcing (productInventoryId, sourcingId, quantity, canceled) VALUES (58, 333, 9, null);
INSERT INTO bbpet.dbo.InventorySourcing (productInventoryId, sourcingId, quantity, canceled) VALUES (58, 382, 4, null);
INSERT INTO bbpet.dbo.InventorySourcing (productInventoryId, sourcingId, quantity, canceled) VALUES (59, 40, 1, null);
INSERT INTO bbpet.dbo.InventorySourcing (productInventoryId, sourcingId, quantity, canceled) VALUES (59, 43, 7, null);
INSERT INTO bbpet.dbo.InventorySourcing (productInventoryId, sourcingId, quantity, canceled) VALUES (59, 88, 9, null);
INSERT INTO bbpet.dbo.InventorySourcing (productInventoryId, sourcingId, quantity, canceled) VALUES (59, 130, 8, null);
INSERT INTO bbpet.dbo.InventorySourcing (productInventoryId, sourcingId, quantity, canceled) VALUES (59, 342, 9, null);




SET IDENTITY_INSERT bbpet.dbo.Delivery ON;
INSERT INTO bbpet.dbo.Delivery (id, status, startTime, endTime, reason) VALUES (1, N'SUCCESS', N'2023-06-28 14:13:14.000', N'2023-06-29 18:46:06.000', N'Order 1 delivery');
INSERT INTO bbpet.dbo.Delivery (id, status, startTime, endTime, reason) VALUES (2, N'SUCCESS', N'2023-06-28 14:04:07.000', N'2023-06-30 11:15:50.000', N'Order 1 delivery');
INSERT INTO bbpet.dbo.Delivery (id, status, startTime, endTime, reason) VALUES (3, N'SUCCESS', N'2022-03-31 09:17:08.000', N'2022-04-01 10:39:06.000', N'Order 2 delivery');
INSERT INTO bbpet.dbo.Delivery (id, status, startTime, endTime, reason) VALUES (4, N'SUCCESS', N'2023-11-21 03:09:56.000', N'2023-11-22 22:29:47.000', N'Order 3 delivery');
INSERT INTO bbpet.dbo.Delivery (id, status, startTime, endTime, reason) VALUES (5, N'SUCCESS', N'2023-11-21 01:46:45.000', N'2023-11-23 23:44:22.000', N'Order 3 delivery');
INSERT INTO bbpet.dbo.Delivery (id, status, startTime, endTime, reason) VALUES (6, N'SUCCESS', N'2022-04-05 03:14:29.000', N'2022-04-05 08:43:03.000', N'Order 4 delivery');
INSERT INTO bbpet.dbo.Delivery (id, status, startTime, endTime, reason) VALUES (7, N'SUCCESS', N'2022-04-05 06:55:35.000', N'2022-04-07 02:26:45.000', N'Order 4 delivery');
INSERT INTO bbpet.dbo.Delivery (id, status, startTime, endTime, reason) VALUES (8, N'SUCCESS', N'2022-04-04 20:19:03.000', N'2022-04-07 20:15:12.000', N'Order 4 delivery');
INSERT INTO bbpet.dbo.Delivery (id, status, startTime, endTime, reason) VALUES (9, N'PENDING', N'2023-05-12 20:37:45.000', N'2023-05-15 02:38:22.000', N'Order 5 delivery');
INSERT INTO bbpet.dbo.Delivery (id, status, startTime, endTime, reason) VALUES (10, N'IN_PROGRESS', N'2023-05-12 04:27:36.000', N'2023-05-14 16:57:13.000', N'Order 5 delivery');
INSERT INTO bbpet.dbo.Delivery (id, status, startTime, endTime, reason) VALUES (11, N'PENDING', N'2023-05-12 15:36:57.000', N'2023-05-12 20:04:54.000', N'Order 5 delivery');
INSERT INTO bbpet.dbo.Delivery (id, status, startTime, endTime, reason) VALUES (12, N'PENDING', N'2023-05-12 08:42:29.000', N'2023-05-12 10:25:11.000', N'Order 5 delivery');
INSERT INTO bbpet.dbo.Delivery (id, status, startTime, endTime, reason) VALUES (13, N'SUCCESS', N'2023-10-19 17:15:31.000', N'2023-10-21 23:25:19.000', N'Order 6 delivery');
INSERT INTO bbpet.dbo.Delivery (id, status, startTime, endTime, reason) VALUES (14, N'SUCCESS', N'2023-10-20 09:05:59.000', N'2023-10-20 23:37:44.000', N'Order 6 delivery');
INSERT INTO bbpet.dbo.Delivery (id, status, startTime, endTime, reason) VALUES (15, N'SUCCESS', N'2023-10-19 13:42:15.000', N'2023-10-20 16:19:29.000', N'Order 6 delivery');
INSERT INTO bbpet.dbo.Delivery (id, status, startTime, endTime, reason) VALUES (16, N'SUCCESS', N'2022-05-29 15:00:10.000', N'2022-05-30 04:46:19.000', N'Order 7 delivery');
INSERT INTO bbpet.dbo.Delivery (id, status, startTime, endTime, reason) VALUES (17, N'SUCCESS', N'2022-05-29 17:36:45.000', N'2022-05-31 04:54:28.000', N'Order 7 delivery');
INSERT INTO bbpet.dbo.Delivery (id, status, startTime, endTime, reason) VALUES (18, N'SUCCESS', N'2022-05-29 15:54:02.000', N'2022-05-30 12:39:59.000', N'Order 7 delivery');
INSERT INTO bbpet.dbo.Delivery (id, status, startTime, endTime, reason) VALUES (19, N'PENDING', N'2023-11-15 07:51:35.000', N'2023-11-15 22:03:21.000', N'Order 8 delivery');
INSERT INTO bbpet.dbo.Delivery (id, status, startTime, endTime, reason) VALUES (20, N'PENDING', N'2023-11-15 09:56:43.000', N'2023-11-18 00:46:24.000', N'Order 8 delivery');
INSERT INTO bbpet.dbo.Delivery (id, status, startTime, endTime, reason) VALUES (21, N'PENDING', N'2023-11-15 19:04:01.000', N'2023-11-17 01:28:13.000', N'Order 8 delivery');
INSERT INTO bbpet.dbo.Delivery (id, status, startTime, endTime, reason) VALUES (22, N'SUCCESS', N'2023-11-01 19:36:05.000', N'2023-11-02 02:01:34.000', N'Order 9 delivery');
INSERT INTO bbpet.dbo.Delivery (id, status, startTime, endTime, reason) VALUES (23, N'SUCCESS', N'2023-11-02 05:02:27.000', N'2023-11-02 17:13:48.000', N'Order 9 delivery');
INSERT INTO bbpet.dbo.Delivery (id, status, startTime, endTime, reason) VALUES (24, N'SUCCESS', N'2023-11-02 05:28:59.000', N'2023-11-04 04:55:12.000', N'Order 9 delivery');
INSERT INTO bbpet.dbo.Delivery (id, status, startTime, endTime, reason) VALUES (25, N'SUCCESS', N'2023-11-02 03:32:44.000', N'2023-11-04 00:49:59.000', N'Order 9 delivery');
INSERT INTO bbpet.dbo.Delivery (id, status, startTime, endTime, reason) VALUES (26, N'SUCCESS', N'2023-05-12 05:52:10.000', N'2023-05-13 19:36:15.000', N'Order 10 delivery');
INSERT INTO bbpet.dbo.Delivery (id, status, startTime, endTime, reason) VALUES (27, N'SUCCESS', N'2023-05-12 07:18:38.000', N'2023-05-13 19:54:18.000', N'Order 10 delivery');
INSERT INTO bbpet.dbo.Delivery (id, status, startTime, endTime, reason) VALUES (28, N'SUCCESS', N'2023-05-12 02:59:28.000', N'2023-05-14 04:38:44.000', N'Order 10 delivery');
INSERT INTO bbpet.dbo.Delivery (id, status, startTime, endTime, reason) VALUES (29, N'SUCCESS', N'2023-09-08 10:35:14.000', N'2023-09-10 20:33:46.000', N'Order 11 delivery');
INSERT INTO bbpet.dbo.Delivery (id, status, startTime, endTime, reason) VALUES (30, N'SUCCESS', N'2023-09-08 20:12:31.000', N'2023-09-10 11:28:23.000', N'Order 11 delivery');
INSERT INTO bbpet.dbo.Delivery (id, status, startTime, endTime, reason) VALUES (31, N'SUCCESS', N'2023-09-08 09:33:36.000', N'2023-09-10 04:16:53.000', N'Order 11 delivery');
INSERT INTO bbpet.dbo.Delivery (id, status, startTime, endTime, reason) VALUES (32, N'SUCCESS', N'2023-05-08 01:59:24.000', N'2023-05-10 14:19:34.000', N'Order 12 delivery');
INSERT INTO bbpet.dbo.Delivery (id, status, startTime, endTime, reason) VALUES (33, N'SUCCESS', N'2023-05-07 15:21:07.000', N'2023-05-09 05:13:45.000', N'Order 12 delivery');
INSERT INTO bbpet.dbo.Delivery (id, status, startTime, endTime, reason) VALUES (34, N'SUCCESS', N'2023-05-08 02:54:06.000', N'2023-05-10 21:23:10.000', N'Order 12 delivery');
INSERT INTO bbpet.dbo.Delivery (id, status, startTime, endTime, reason) VALUES (35, N'SUCCESS', N'2023-05-07 14:35:00.000', N'2023-05-09 16:20:44.000', N'Order 12 delivery');
INSERT INTO bbpet.dbo.Delivery (id, status, startTime, endTime, reason) VALUES (36, N'SUCCESS', N'2022-04-23 15:07:20.000', N'2022-04-25 04:52:47.000', N'Order 14 delivery');
INSERT INTO bbpet.dbo.Delivery (id, status, startTime, endTime, reason) VALUES (37, N'SUCCESS', N'2022-04-23 05:12:33.000', N'2022-04-24 10:51:54.000', N'Order 14 delivery');
INSERT INTO bbpet.dbo.Delivery (id, status, startTime, endTime, reason) VALUES (38, N'SUCCESS', N'2022-04-23 15:03:09.000', N'2022-04-26 01:08:51.000', N'Order 14 delivery');
INSERT INTO bbpet.dbo.Delivery (id, status, startTime, endTime, reason) VALUES (39, N'SUCCESS', N'2023-06-17 03:23:03.000', N'2023-06-17 10:31:31.000', N'Order 15 delivery');
INSERT INTO bbpet.dbo.Delivery (id, status, startTime, endTime, reason) VALUES (40, N'SUCCESS', N'2023-06-16 15:06:46.000', N'2023-06-18 06:26:58.000', N'Order 15 delivery');
INSERT INTO bbpet.dbo.Delivery (id, status, startTime, endTime, reason) VALUES (41, N'SUCCESS', N'2023-06-16 17:28:14.000', N'2023-06-19 10:44:27.000', N'Order 15 delivery');
INSERT INTO bbpet.dbo.Delivery (id, status, startTime, endTime, reason) VALUES (42, N'SUCCESS', N'2023-06-17 08:27:37.000', N'2023-06-17 20:55:05.000', N'Order 15 delivery');
INSERT INTO bbpet.dbo.Delivery (id, status, startTime, endTime, reason) VALUES (43, N'SUCCESS', N'2022-01-28 18:25:54.000', N'2022-01-29 10:54:53.000', N'Order 16 delivery');
INSERT INTO bbpet.dbo.Delivery (id, status, startTime, endTime, reason) VALUES (44, N'SUCCESS', N'2022-01-29 05:20:10.000', N'2022-01-30 15:07:18.000', N'Order 16 delivery');
INSERT INTO bbpet.dbo.Delivery (id, status, startTime, endTime, reason) VALUES (45, N'SUCCESS', N'2022-05-14 00:23:20.000', N'2022-05-15 16:55:20.000', N'Order 17 delivery');
INSERT INTO bbpet.dbo.Delivery (id, status, startTime, endTime, reason) VALUES (46, N'SUCCESS', N'2022-05-14 17:50:25.000', N'2022-05-15 09:30:46.000', N'Order 17 delivery');
INSERT INTO bbpet.dbo.Delivery (id, status, startTime, endTime, reason) VALUES (47, N'SUCCESS', N'2022-01-19 18:35:29.000', N'2022-01-21 02:30:46.000', N'Order 18 delivery');
INSERT INTO bbpet.dbo.Delivery (id, status, startTime, endTime, reason) VALUES (48, N'SUCCESS', N'2022-06-22 05:47:42.000', N'2022-06-22 20:52:39.000', N'Order 19 delivery');
INSERT INTO bbpet.dbo.Delivery (id, status, startTime, endTime, reason) VALUES (49, N'SUCCESS', N'2022-06-21 08:57:14.000', N'2022-06-23 19:38:38.000', N'Order 19 delivery');
INSERT INTO bbpet.dbo.Delivery (id, status, startTime, endTime, reason) VALUES (50, N'PENDING', N'2023-06-28 00:50:40.000', N'2023-06-30 10:35:48.000', N'Order 20 delivery');
INSERT INTO bbpet.dbo.Delivery (id, status, startTime, endTime, reason) VALUES (51, N'PENDING', N'2022-02-08 13:26:06.000', N'2022-02-09 23:58:39.000', N'Order 21 delivery');
INSERT INTO bbpet.dbo.Delivery (id, status, startTime, endTime, reason) VALUES (52, N'IN_PROGRESS', N'2022-02-08 00:14:17.000', N'2022-02-10 10:49:34.000', N'Order 21 delivery');
INSERT INTO bbpet.dbo.Delivery (id, status, startTime, endTime, reason) VALUES (53, N'FAILED', N'2023-12-13 13:04:43.000', N'2023-12-13 20:08:23.000', N'Order 22 delivery');
INSERT INTO bbpet.dbo.Delivery (id, status, startTime, endTime, reason) VALUES (54, N'FAILED', N'2023-12-13 14:06:18.000', N'2023-12-16 10:59:44.000', N'Order 22 delivery');
INSERT INTO bbpet.dbo.Delivery (id, status, startTime, endTime, reason) VALUES (55, N'FAILED', N'2023-12-13 09:33:43.000', N'2023-12-13 10:50:19.000', N'Order 22 delivery');
INSERT INTO bbpet.dbo.Delivery (id, status, startTime, endTime, reason) VALUES (56, N'FAILED', N'2023-12-13 07:21:28.000', N'2023-12-14 13:23:14.000', N'Order 22 delivery');
INSERT INTO bbpet.dbo.Delivery (id, status, startTime, endTime, reason) VALUES (57, N'SUCCESS', N'2022-06-08 00:39:35.000', N'2022-06-08 19:26:19.000', N'Order 24 delivery');
INSERT INTO bbpet.dbo.Delivery (id, status, startTime, endTime, reason) VALUES (58, N'SUCCESS', N'2022-06-07 21:41:11.000', N'2022-06-10 04:58:16.000', N'Order 24 delivery');
INSERT INTO bbpet.dbo.Delivery (id, status, startTime, endTime, reason) VALUES (59, N'SUCCESS', N'2022-09-28 09:07:47.000', N'2022-09-30 23:13:07.000', N'Order 25 delivery');
INSERT INTO bbpet.dbo.Delivery (id, status, startTime, endTime, reason) VALUES (60, N'SUCCESS', N'2022-09-28 16:24:47.000', N'2022-09-29 20:57:40.000', N'Order 25 delivery');
INSERT INTO bbpet.dbo.Delivery (id, status, startTime, endTime, reason) VALUES (61, N'SUCCESS', N'2023-05-10 23:32:22.000', N'2023-05-11 22:07:16.000', N'Order 26 delivery');
INSERT INTO bbpet.dbo.Delivery (id, status, startTime, endTime, reason) VALUES (62, N'SUCCESS', N'2023-05-11 07:51:04.000', N'2023-05-12 21:22:14.000', N'Order 26 delivery');
INSERT INTO bbpet.dbo.Delivery (id, status, startTime, endTime, reason) VALUES (63, N'SUCCESS', N'2023-05-11 13:38:38.000', N'2023-05-13 03:09:58.000', N'Order 26 delivery');
INSERT INTO bbpet.dbo.Delivery (id, status, startTime, endTime, reason) VALUES (64, N'SUCCESS', N'2023-06-16 00:29:19.000', N'2023-06-18 01:27:54.000', N'Order 27 delivery');
INSERT INTO bbpet.dbo.Delivery (id, status, startTime, endTime, reason) VALUES (65, N'SUCCESS', N'2023-06-16 14:10:01.000', N'2023-06-19 11:44:52.000', N'Order 27 delivery');
INSERT INTO bbpet.dbo.Delivery (id, status, startTime, endTime, reason) VALUES (66, N'SUCCESS', N'2023-07-07 05:40:51.000', N'2023-07-07 11:53:26.000', N'Order 28 delivery');
INSERT INTO bbpet.dbo.Delivery (id, status, startTime, endTime, reason) VALUES (67, N'SUCCESS', N'2023-07-07 11:19:17.000', N'2023-07-08 13:17:32.000', N'Order 28 delivery');
INSERT INTO bbpet.dbo.Delivery (id, status, startTime, endTime, reason) VALUES (68, N'SUCCESS', N'2022-01-25 07:07:46.000', N'2022-01-28 02:02:51.000', N'Order 29 delivery');
INSERT INTO bbpet.dbo.Delivery (id, status, startTime, endTime, reason) VALUES (69, N'SUCCESS', N'2023-01-17 16:07:56.000', N'2023-01-18 22:52:24.000', N'Order 30 delivery');
INSERT INTO bbpet.dbo.Delivery (id, status, startTime, endTime, reason) VALUES (70, N'SUCCESS', N'2023-01-18 08:27:47.000', N'2023-01-20 10:30:16.000', N'Order 30 delivery');
INSERT INTO bbpet.dbo.Delivery (id, status, startTime, endTime, reason) VALUES (71, N'SUCCESS', N'2023-01-18 02:30:20.000', N'2023-01-20 19:18:35.000', N'Order 30 delivery');
INSERT INTO bbpet.dbo.Delivery (id, status, startTime, endTime, reason) VALUES (72, N'SUCCESS', N'2023-03-21 14:43:04.000', N'2023-03-22 04:06:38.000', N'Order 31 delivery');
INSERT INTO bbpet.dbo.Delivery (id, status, startTime, endTime, reason) VALUES (73, N'SUCCESS', N'2023-03-20 20:06:02.000', N'2023-03-23 12:26:17.000', N'Order 31 delivery');
INSERT INTO bbpet.dbo.Delivery (id, status, startTime, endTime, reason) VALUES (74, N'SUCCESS', N'2023-12-08 05:14:40.000', N'2023-12-10 03:15:09.000', N'Order 32 delivery');
INSERT INTO bbpet.dbo.Delivery (id, status, startTime, endTime, reason) VALUES (75, N'SUCCESS', N'2022-07-14 13:00:06.000', N'2022-07-16 07:12:35.000', N'Order 34 delivery');
INSERT INTO bbpet.dbo.Delivery (id, status, startTime, endTime, reason) VALUES (76, N'SUCCESS', N'2022-07-13 22:59:06.000', N'2022-07-15 05:05:55.000', N'Order 34 delivery');
INSERT INTO bbpet.dbo.Delivery (id, status, startTime, endTime, reason) VALUES (77, N'SUCCESS', N'2022-07-14 05:14:33.000', N'2022-07-15 07:47:50.000', N'Order 34 delivery');
INSERT INTO bbpet.dbo.Delivery (id, status, startTime, endTime, reason) VALUES (78, N'IN_PROGRESS', N'2023-12-19 08:26:23.000', N'2023-12-20 19:31:15.000', N'Order 35 delivery');
INSERT INTO bbpet.dbo.Delivery (id, status, startTime, endTime, reason) VALUES (79, N'SUCCESS', N'2023-08-04 03:41:29.000', N'2023-08-04 21:03:36.000', N'Order 36 delivery');
INSERT INTO bbpet.dbo.Delivery (id, status, startTime, endTime, reason) VALUES (80, N'SUCCESS', N'2023-08-04 13:47:20.000', N'2023-08-04 16:47:25.000', N'Order 36 delivery');
INSERT INTO bbpet.dbo.Delivery (id, status, startTime, endTime, reason) VALUES (81, N'SUCCESS', N'2023-08-03 23:12:22.000', N'2023-08-05 03:07:07.000', N'Order 36 delivery');
INSERT INTO bbpet.dbo.Delivery (id, status, startTime, endTime, reason) VALUES (82, N'SUCCESS', N'2023-03-02 14:53:09.000', N'2023-03-03 12:55:24.000', N'Order 37 delivery');
INSERT INTO bbpet.dbo.Delivery (id, status, startTime, endTime, reason) VALUES (83, N'SUCCESS', N'2023-03-03 01:37:43.000', N'2023-03-04 03:45:45.000', N'Order 37 delivery');
INSERT INTO bbpet.dbo.Delivery (id, status, startTime, endTime, reason) VALUES (84, N'SUCCESS', N'2023-03-02 21:32:17.000', N'2023-03-04 17:08:50.000', N'Order 37 delivery');
INSERT INTO bbpet.dbo.Delivery (id, status, startTime, endTime, reason) VALUES (85, N'IN_PROGRESS', N'2023-10-25 12:18:32.000', N'2023-10-26 14:20:53.000', N'Order 38 delivery');
INSERT INTO bbpet.dbo.Delivery (id, status, startTime, endTime, reason) VALUES (86, N'IN_PROGRESS', N'2023-10-25 11:33:27.000', N'2023-10-26 19:08:08.000', N'Order 38 delivery');
INSERT INTO bbpet.dbo.Delivery (id, status, startTime, endTime, reason) VALUES (87, N'FAILED', N'2022-01-16 11:20:48.000', N'2022-01-17 21:36:05.000', N'Order 39 delivery');
INSERT INTO bbpet.dbo.Delivery (id, status, startTime, endTime, reason) VALUES (88, N'FAILED', N'2022-01-16 05:00:53.000', N'2022-01-16 09:01:48.000', N'Order 39 delivery');
INSERT INTO bbpet.dbo.Delivery (id, status, startTime, endTime, reason) VALUES (89, N'FAILED', N'2023-05-02 16:56:10.000', N'2023-05-03 00:38:16.000', N'Order 40 delivery');
INSERT INTO bbpet.dbo.Delivery (id, status, startTime, endTime, reason) VALUES (90, N'FAILED', N'2023-05-03 03:12:21.000', N'2023-05-04 21:44:01.000', N'Order 40 delivery');
INSERT INTO bbpet.dbo.Delivery (id, status, startTime, endTime, reason) VALUES (91, N'SUCCESS', N'2022-08-27 00:00:36.000', N'2022-08-28 08:02:09.000', N'Order 41 delivery');
INSERT INTO bbpet.dbo.Delivery (id, status, startTime, endTime, reason) VALUES (92, N'SUCCESS', N'2022-08-27 04:30:52.000', N'2022-08-29 21:00:24.000', N'Order 41 delivery');
INSERT INTO bbpet.dbo.Delivery (id, status, startTime, endTime, reason) VALUES (93, N'SUCCESS', N'2022-08-27 03:24:56.000', N'2022-08-29 02:42:09.000', N'Order 41 delivery');
INSERT INTO bbpet.dbo.Delivery (id, status, startTime, endTime, reason) VALUES (94, N'FAILED', N'2023-07-17 08:57:10.000', N'2023-07-19 00:28:59.000', N'Order 42 delivery');
INSERT INTO bbpet.dbo.Delivery (id, status, startTime, endTime, reason) VALUES (95, N'FAILED', N'2023-07-17 15:34:39.000', N'2023-07-17 18:05:33.000', N'Order 42 delivery');
INSERT INTO bbpet.dbo.Delivery (id, status, startTime, endTime, reason) VALUES (96, N'FAILED', N'2023-07-17 21:45:51.000', N'2023-07-20 21:30:59.000', N'Order 42 delivery');
INSERT INTO bbpet.dbo.Delivery (id, status, startTime, endTime, reason) VALUES (97, N'SUCCESS', N'2022-04-10 12:50:01.000', N'2022-04-13 04:50:34.000', N'Order 43 delivery');
INSERT INTO bbpet.dbo.Delivery (id, status, startTime, endTime, reason) VALUES (98, N'SUCCESS', N'2022-04-09 18:12:24.000', N'2022-04-10 11:42:47.000', N'Order 43 delivery');
INSERT INTO bbpet.dbo.Delivery (id, status, startTime, endTime, reason) VALUES (99, N'SUCCESS', N'2022-04-09 21:17:40.000', N'2022-04-12 21:09:10.000', N'Order 43 delivery');
INSERT INTO bbpet.dbo.Delivery (id, status, startTime, endTime, reason) VALUES (100, N'SUCCESS', N'2022-04-10 01:23:51.000', N'2022-04-12 20:28:25.000', N'Order 43 delivery');
INSERT INTO bbpet.dbo.Delivery (id, status, startTime, endTime, reason) VALUES (101, N'SUCCESS', N'2023-07-10 20:59:21.000', N'2023-07-11 22:28:32.000', N'Order 44 delivery');
INSERT INTO bbpet.dbo.Delivery (id, status, startTime, endTime, reason) VALUES (102, N'SUCCESS', N'2023-07-10 18:35:08.000', N'2023-07-12 18:39:38.000', N'Order 44 delivery');
INSERT INTO bbpet.dbo.Delivery (id, status, startTime, endTime, reason) VALUES (103, N'SUCCESS', N'2023-07-10 15:21:14.000', N'2023-07-13 13:02:08.000', N'Order 44 delivery');
INSERT INTO bbpet.dbo.Delivery (id, status, startTime, endTime, reason) VALUES (104, N'SUCCESS', N'2022-05-07 06:16:44.000', N'2022-05-09 23:49:01.000', N'Order 46 delivery');
INSERT INTO bbpet.dbo.Delivery (id, status, startTime, endTime, reason) VALUES (105, N'SUCCESS', N'2022-05-07 06:50:32.000', N'2022-05-08 23:37:37.000', N'Order 46 delivery');
INSERT INTO bbpet.dbo.Delivery (id, status, startTime, endTime, reason) VALUES (106, N'SUCCESS', N'2022-05-08 02:41:18.000', N'2022-05-09 20:37:12.000', N'Order 46 delivery');
INSERT INTO bbpet.dbo.Delivery (id, status, startTime, endTime, reason) VALUES (107, N'SUCCESS', N'2022-09-20 12:47:50.000', N'2022-09-23 02:24:00.000', N'Order 47 delivery');
INSERT INTO bbpet.dbo.Delivery (id, status, startTime, endTime, reason) VALUES (108, N'SUCCESS', N'2022-09-21 03:38:10.000', N'2022-09-22 13:13:03.000', N'Order 47 delivery');
INSERT INTO bbpet.dbo.Delivery (id, status, startTime, endTime, reason) VALUES (109, N'SUCCESS', N'2022-09-20 16:31:31.000', N'2022-09-22 07:49:44.000', N'Order 47 delivery');
INSERT INTO bbpet.dbo.Delivery (id, status, startTime, endTime, reason) VALUES (110, N'FAILED', N'2023-10-17 12:40:07.000', N'2023-10-19 10:24:47.000', N'Order 48 delivery');
INSERT INTO bbpet.dbo.Delivery (id, status, startTime, endTime, reason) VALUES (111, N'FAILED', N'2023-10-18 05:01:21.000', N'2023-10-19 16:39:54.000', N'Order 48 delivery');
INSERT INTO bbpet.dbo.Delivery (id, status, startTime, endTime, reason) VALUES (112, N'FAILED', N'2023-10-17 16:42:31.000', N'2023-10-17 21:22:01.000', N'Order 48 delivery');
INSERT INTO bbpet.dbo.Delivery (id, status, startTime, endTime, reason) VALUES (113, N'SUCCESS', N'2023-06-30 09:43:03.000', N'2023-07-01 16:18:08.000', N'Order 49 delivery');
INSERT INTO bbpet.dbo.Delivery (id, status, startTime, endTime, reason) VALUES (114, N'SUCCESS', N'2023-06-30 05:25:42.000', N'2023-06-30 20:48:25.000', N'Order 49 delivery');
INSERT INTO bbpet.dbo.Delivery (id, status, startTime, endTime, reason) VALUES (115, N'FAILED', N'2023-02-11 20:15:33.000', N'2023-02-14 14:47:51.000', N'Order 50 delivery');
INSERT INTO bbpet.dbo.Delivery (id, status, startTime, endTime, reason) VALUES (116, N'FAILED', N'2023-02-11 07:18:14.000', N'2023-02-12 21:18:49.000', N'Order 50 delivery');
INSERT INTO bbpet.dbo.Delivery (id, status, startTime, endTime, reason) VALUES (117, N'FAILED', N'2023-02-11 22:48:16.000', N'2023-02-12 03:45:13.000', N'Order 50 delivery');
INSERT INTO bbpet.dbo.Delivery (id, status, startTime, endTime, reason) VALUES (118, N'FAILED', N'2023-02-11 23:37:33.000', N'2023-02-14 17:54:32.000', N'Order 50 delivery');
INSERT INTO bbpet.dbo.Delivery (id, status, startTime, endTime, reason) VALUES (119, N'SUCCESS', N'2022-09-07 21:05:07.000', N'2022-09-10 16:54:33.000', N'Order 51 delivery');
INSERT INTO bbpet.dbo.Delivery (id, status, startTime, endTime, reason) VALUES (120, N'SUCCESS', N'2022-09-08 06:47:13.000', N'2022-09-08 13:35:17.000', N'Order 51 delivery');
INSERT INTO bbpet.dbo.Delivery (id, status, startTime, endTime, reason) VALUES (121, N'SUCCESS', N'2022-09-08 13:04:17.000', N'2022-09-08 15:20:44.000', N'Order 51 delivery');
INSERT INTO bbpet.dbo.Delivery (id, status, startTime, endTime, reason) VALUES (122, N'SUCCESS', N'2023-08-19 11:03:56.000', N'2023-08-20 00:02:45.000', N'Order 52 delivery');
INSERT INTO bbpet.dbo.Delivery (id, status, startTime, endTime, reason) VALUES (123, N'SUCCESS', N'2023-08-19 05:23:48.000', N'2023-08-22 00:14:19.000', N'Order 52 delivery');
INSERT INTO bbpet.dbo.Delivery (id, status, startTime, endTime, reason) VALUES (124, N'PENDING', N'2022-02-23 21:37:44.000', N'2022-02-25 20:24:05.000', N'Order 53 delivery');
INSERT INTO bbpet.dbo.Delivery (id, status, startTime, endTime, reason) VALUES (125, N'PENDING', N'2022-02-24 10:32:28.000', N'2022-02-26 03:51:01.000', N'Order 53 delivery');
INSERT INTO bbpet.dbo.Delivery (id, status, startTime, endTime, reason) VALUES (126, N'FAILED', N'2023-04-23 14:00:18.000', N'2023-04-25 09:30:32.000', N'Order 54 delivery');
INSERT INTO bbpet.dbo.Delivery (id, status, startTime, endTime, reason) VALUES (127, N'FAILED', N'2023-04-23 04:40:09.000', N'2023-04-25 20:04:02.000', N'Order 54 delivery');
INSERT INTO bbpet.dbo.Delivery (id, status, startTime, endTime, reason) VALUES (128, N'FAILED', N'2023-04-23 12:41:57.000', N'2023-04-26 11:15:30.000', N'Order 54 delivery');
INSERT INTO bbpet.dbo.Delivery (id, status, startTime, endTime, reason) VALUES (129, N'FAILED', N'2023-04-22 22:10:02.000', N'2023-04-25 08:59:43.000', N'Order 54 delivery');
INSERT INTO bbpet.dbo.Delivery (id, status, startTime, endTime, reason) VALUES (130, N'SUCCESS', N'2023-09-02 23:32:41.000', N'2023-09-04 05:44:59.000', N'Order 55 delivery');
INSERT INTO bbpet.dbo.Delivery (id, status, startTime, endTime, reason) VALUES (131, N'SUCCESS', N'2023-09-03 04:53:47.000', N'2023-09-05 04:38:48.000', N'Order 55 delivery');
INSERT INTO bbpet.dbo.Delivery (id, status, startTime, endTime, reason) VALUES (132, N'SUCCESS', N'2023-09-02 18:22:16.000', N'2023-09-03 19:47:10.000', N'Order 55 delivery');
INSERT INTO bbpet.dbo.Delivery (id, status, startTime, endTime, reason) VALUES (133, N'SUCCESS', N'2023-06-15 22:17:56.000', N'2023-06-16 17:42:38.000', N'Order 57 delivery');
INSERT INTO bbpet.dbo.Delivery (id, status, startTime, endTime, reason) VALUES (134, N'SUCCESS', N'2023-06-15 23:17:58.000', N'2023-06-17 22:52:47.000', N'Order 57 delivery');
INSERT INTO bbpet.dbo.Delivery (id, status, startTime, endTime, reason) VALUES (135, N'SUCCESS', N'2022-02-15 02:43:18.000', N'2022-02-17 05:33:44.000', N'Order 58 delivery');
INSERT INTO bbpet.dbo.Delivery (id, status, startTime, endTime, reason) VALUES (136, N'SUCCESS', N'2022-02-14 21:39:12.000', N'2022-02-16 04:46:37.000', N'Order 58 delivery');
INSERT INTO bbpet.dbo.Delivery (id, status, startTime, endTime, reason) VALUES (137, N'SUCCESS', N'2022-02-15 07:30:31.000', N'2022-02-18 02:52:00.000', N'Order 58 delivery');
INSERT INTO bbpet.dbo.Delivery (id, status, startTime, endTime, reason) VALUES (138, N'FAILED', N'2022-05-10 15:17:06.000', N'2022-05-12 04:47:45.000', N'Order 59 delivery');
INSERT INTO bbpet.dbo.Delivery (id, status, startTime, endTime, reason) VALUES (139, N'FAILED', N'2022-05-10 00:56:59.000', N'2022-05-12 07:42:35.000', N'Order 59 delivery');
INSERT INTO bbpet.dbo.Delivery (id, status, startTime, endTime, reason) VALUES (140, N'FAILED', N'2022-05-09 16:46:58.000', N'2022-05-10 14:42:14.000', N'Order 59 delivery');
INSERT INTO bbpet.dbo.Delivery (id, status, startTime, endTime, reason) VALUES (141, N'SUCCESS', N'2023-12-09 14:53:29.000', N'2023-12-11 10:35:39.000', N'Order 60 delivery');
INSERT INTO bbpet.dbo.Delivery (id, status, startTime, endTime, reason) VALUES (142, N'SUCCESS', N'2023-12-10 03:04:24.000', N'2023-12-11 09:58:20.000', N'Order 60 delivery');
INSERT INTO bbpet.dbo.Delivery (id, status, startTime, endTime, reason) VALUES (143, N'SUCCESS', N'2023-12-10 05:18:59.000', N'2023-12-12 09:12:03.000', N'Order 60 delivery');
INSERT INTO bbpet.dbo.Delivery (id, status, startTime, endTime, reason) VALUES (144, N'PENDING', N'2023-10-13 11:50:57.000', N'2023-10-15 15:49:07.000', N'Order 61 delivery');
INSERT INTO bbpet.dbo.Delivery (id, status, startTime, endTime, reason) VALUES (145, N'IN_PROGRESS', N'2023-10-13 17:37:20.000', N'2023-10-16 08:16:38.000', N'Order 61 delivery');
INSERT INTO bbpet.dbo.Delivery (id, status, startTime, endTime, reason) VALUES (146, N'IN_PROGRESS', N'2023-10-13 14:54:44.000', N'2023-10-15 02:45:58.000', N'Order 61 delivery');
INSERT INTO bbpet.dbo.Delivery (id, status, startTime, endTime, reason) VALUES (147, N'SUCCESS', N'2022-01-12 22:50:51.000', N'2022-01-13 15:47:12.000', N'Order 62 delivery');
INSERT INTO bbpet.dbo.Delivery (id, status, startTime, endTime, reason) VALUES (148, N'FAILED', N'2023-04-12 22:37:44.000', N'2023-04-15 19:45:48.000', N'Order 63 delivery');
INSERT INTO bbpet.dbo.Delivery (id, status, startTime, endTime, reason) VALUES (149, N'SUCCESS', N'2022-07-07 06:26:34.000', N'2022-07-07 16:50:39.000', N'Order 64 delivery');
INSERT INTO bbpet.dbo.Delivery (id, status, startTime, endTime, reason) VALUES (150, N'SUCCESS', N'2022-07-07 00:36:46.000', N'2022-07-08 19:49:37.000', N'Order 64 delivery');
INSERT INTO bbpet.dbo.Delivery (id, status, startTime, endTime, reason) VALUES (151, N'FAILED', N'2023-02-01 00:34:27.000', N'2023-02-02 13:12:12.000', N'Order 65 delivery');
INSERT INTO bbpet.dbo.Delivery (id, status, startTime, endTime, reason) VALUES (152, N'FAILED', N'2023-01-31 20:39:25.000', N'2023-02-01 06:17:49.000', N'Order 65 delivery');
INSERT INTO bbpet.dbo.Delivery (id, status, startTime, endTime, reason) VALUES (153, N'SUCCESS', N'2023-11-19 10:30:55.000', N'2023-11-21 19:23:47.000', N'Order 66 delivery');
INSERT INTO bbpet.dbo.Delivery (id, status, startTime, endTime, reason) VALUES (154, N'SUCCESS', N'2023-11-19 20:50:29.000', N'2023-11-22 07:41:42.000', N'Order 66 delivery');
INSERT INTO bbpet.dbo.Delivery (id, status, startTime, endTime, reason) VALUES (155, N'SUCCESS', N'2022-03-20 20:17:15.000', N'2022-03-22 05:30:02.000', N'Order 67 delivery');
INSERT INTO bbpet.dbo.Delivery (id, status, startTime, endTime, reason) VALUES (156, N'SUCCESS', N'2022-03-21 08:40:23.000', N'2022-03-21 18:06:20.000', N'Order 67 delivery');
INSERT INTO bbpet.dbo.Delivery (id, status, startTime, endTime, reason) VALUES (157, N'SUCCESS', N'2022-03-21 09:12:11.000', N'2022-03-22 17:50:16.000', N'Order 67 delivery');
INSERT INTO bbpet.dbo.Delivery (id, status, startTime, endTime, reason) VALUES (158, N'SUCCESS', N'2022-03-21 07:26:41.000', N'2022-03-23 19:44:40.000', N'Order 67 delivery');
INSERT INTO bbpet.dbo.Delivery (id, status, startTime, endTime, reason) VALUES (159, N'SUCCESS', N'2023-07-09 11:56:55.000', N'2023-07-10 10:55:26.000', N'Order 68 delivery');
INSERT INTO bbpet.dbo.Delivery (id, status, startTime, endTime, reason) VALUES (160, N'SUCCESS', N'2023-07-09 06:54:30.000', N'2023-07-11 10:19:26.000', N'Order 68 delivery');
INSERT INTO bbpet.dbo.Delivery (id, status, startTime, endTime, reason) VALUES (161, N'IN_PROGRESS', N'2022-01-27 01:45:24.000', N'2022-01-27 21:15:44.000', N'Order 69 delivery');
INSERT INTO bbpet.dbo.Delivery (id, status, startTime, endTime, reason) VALUES (162, N'IN_PROGRESS', N'2022-08-12 01:42:56.000', N'2022-08-13 18:14:04.000', N'Order 70 delivery');
INSERT INTO bbpet.dbo.Delivery (id, status, startTime, endTime, reason) VALUES (163, N'IN_PROGRESS', N'2022-08-11 05:03:42.000', N'2022-08-11 17:48:55.000', N'Order 70 delivery');
INSERT INTO bbpet.dbo.Delivery (id, status, startTime, endTime, reason) VALUES (164, N'PENDING', N'2022-08-11 03:53:29.000', N'2022-08-12 15:18:59.000', N'Order 70 delivery');
INSERT INTO bbpet.dbo.Delivery (id, status, startTime, endTime, reason) VALUES (165, N'SUCCESS', N'2022-11-03 16:32:34.000', N'2022-11-06 11:41:16.000', N'Order 72 delivery');
INSERT INTO bbpet.dbo.Delivery (id, status, startTime, endTime, reason) VALUES (166, N'SUCCESS', N'2022-11-03 10:50:28.000', N'2022-11-03 18:23:41.000', N'Order 72 delivery');
INSERT INTO bbpet.dbo.Delivery (id, status, startTime, endTime, reason) VALUES (167, N'SUCCESS', N'2022-11-03 23:10:00.000', N'2022-11-05 02:52:40.000', N'Order 72 delivery');
INSERT INTO bbpet.dbo.Delivery (id, status, startTime, endTime, reason) VALUES (168, N'SUCCESS', N'2022-09-27 15:44:00.000', N'2022-09-30 00:11:35.000', N'Order 73 delivery');
INSERT INTO bbpet.dbo.Delivery (id, status, startTime, endTime, reason) VALUES (169, N'SUCCESS', N'2022-07-21 04:27:56.000', N'2022-07-22 00:59:55.000', N'Order 74 delivery');
INSERT INTO bbpet.dbo.Delivery (id, status, startTime, endTime, reason) VALUES (170, N'SUCCESS', N'2022-07-21 05:23:01.000', N'2022-07-23 06:45:35.000', N'Order 74 delivery');
INSERT INTO bbpet.dbo.Delivery (id, status, startTime, endTime, reason) VALUES (171, N'SUCCESS', N'2022-07-21 12:29:16.000', N'2022-07-23 06:59:45.000', N'Order 74 delivery');
INSERT INTO bbpet.dbo.Delivery (id, status, startTime, endTime, reason) VALUES (172, N'FAILED', N'2023-11-10 02:02:51.000', N'2023-11-11 03:26:18.000', N'Order 75 delivery');
INSERT INTO bbpet.dbo.Delivery (id, status, startTime, endTime, reason) VALUES (173, N'FAILED', N'2023-11-10 04:44:37.000', N'2023-11-11 00:43:37.000', N'Order 75 delivery');
INSERT INTO bbpet.dbo.Delivery (id, status, startTime, endTime, reason) VALUES (174, N'SUCCESS', N'2023-01-02 02:07:36.000', N'2023-01-03 19:22:35.000', N'Order 76 delivery');
INSERT INTO bbpet.dbo.Delivery (id, status, startTime, endTime, reason) VALUES (175, N'SUCCESS', N'2023-01-01 22:40:50.000', N'2023-01-02 19:59:55.000', N'Order 76 delivery');
INSERT INTO bbpet.dbo.Delivery (id, status, startTime, endTime, reason) VALUES (176, N'SUCCESS', N'2023-01-01 08:50:24.000', N'2023-01-03 07:57:16.000', N'Order 76 delivery');
INSERT INTO bbpet.dbo.Delivery (id, status, startTime, endTime, reason) VALUES (177, N'PENDING', N'2023-10-31 20:39:54.000', N'2023-11-01 12:36:55.000', N'Order 77 delivery');
INSERT INTO bbpet.dbo.Delivery (id, status, startTime, endTime, reason) VALUES (178, N'IN_PROGRESS', N'2023-10-31 21:11:20.000', N'2023-11-03 07:59:17.000', N'Order 77 delivery');
INSERT INTO bbpet.dbo.Delivery (id, status, startTime, endTime, reason) VALUES (179, N'FAILED', N'2022-12-09 18:58:25.000', N'2022-12-12 04:19:57.000', N'Order 78 delivery');
INSERT INTO bbpet.dbo.Delivery (id, status, startTime, endTime, reason) VALUES (180, N'FAILED', N'2022-12-10 08:28:24.000', N'2022-12-12 05:17:20.000', N'Order 78 delivery');
INSERT INTO bbpet.dbo.Delivery (id, status, startTime, endTime, reason) VALUES (181, N'FAILED', N'2022-12-10 04:26:58.000', N'2022-12-10 23:39:32.000', N'Order 78 delivery');
INSERT INTO bbpet.dbo.Delivery (id, status, startTime, endTime, reason) VALUES (182, N'SUCCESS', N'2022-10-15 07:50:34.000', N'2022-10-17 01:40:46.000', N'Order 79 delivery');
INSERT INTO bbpet.dbo.Delivery (id, status, startTime, endTime, reason) VALUES (183, N'SUCCESS', N'2022-10-15 15:24:26.000', N'2022-10-17 06:05:28.000', N'Order 79 delivery');
INSERT INTO bbpet.dbo.Delivery (id, status, startTime, endTime, reason) VALUES (184, N'SUCCESS', N'2022-10-15 08:37:55.000', N'2022-10-17 15:49:30.000', N'Order 79 delivery');
INSERT INTO bbpet.dbo.Delivery (id, status, startTime, endTime, reason) VALUES (185, N'SUCCESS', N'2022-09-02 17:37:48.000', N'2022-09-03 22:50:11.000', N'Order 80 delivery');
INSERT INTO bbpet.dbo.Delivery (id, status, startTime, endTime, reason) VALUES (186, N'SUCCESS', N'2022-09-02 14:40:53.000', N'2022-09-05 00:02:49.000', N'Order 80 delivery');
INSERT INTO bbpet.dbo.Delivery (id, status, startTime, endTime, reason) VALUES (187, N'SUCCESS', N'2022-09-02 20:36:48.000', N'2022-09-03 18:18:35.000', N'Order 80 delivery');
INSERT INTO bbpet.dbo.Delivery (id, status, startTime, endTime, reason) VALUES (188, N'PENDING', N'2023-11-23 02:41:32.000', N'2023-11-23 02:42:38.000', N'Order 81 delivery');
INSERT INTO bbpet.dbo.Delivery (id, status, startTime, endTime, reason) VALUES (189, N'PENDING', N'2023-11-22 16:55:51.000', N'2023-11-24 10:49:17.000', N'Order 81 delivery');
INSERT INTO bbpet.dbo.Delivery (id, status, startTime, endTime, reason) VALUES (190, N'IN_PROGRESS', N'2022-12-30 18:06:42.000', N'2023-01-01 02:41:10.000', N'Order 82 delivery');
INSERT INTO bbpet.dbo.Delivery (id, status, startTime, endTime, reason) VALUES (191, N'SUCCESS', N'2023-02-12 21:07:36.000', N'2023-02-15 16:56:59.000', N'Order 83 delivery');
INSERT INTO bbpet.dbo.Delivery (id, status, startTime, endTime, reason) VALUES (192, N'SUCCESS', N'2023-02-19 20:42:27.000', N'2023-02-22 10:42:28.000', N'Order 84 delivery');
INSERT INTO bbpet.dbo.Delivery (id, status, startTime, endTime, reason) VALUES (193, N'SUCCESS', N'2023-02-19 12:40:44.000', N'2023-02-20 10:01:34.000', N'Order 84 delivery');
INSERT INTO bbpet.dbo.Delivery (id, status, startTime, endTime, reason) VALUES (194, N'SUCCESS', N'2023-02-19 20:36:04.000', N'2023-02-22 10:02:07.000', N'Order 84 delivery');
INSERT INTO bbpet.dbo.Delivery (id, status, startTime, endTime, reason) VALUES (195, N'SUCCESS', N'2022-11-25 11:53:08.000', N'2022-11-25 23:18:14.000', N'Order 85 delivery');
INSERT INTO bbpet.dbo.Delivery (id, status, startTime, endTime, reason) VALUES (196, N'SUCCESS', N'2022-11-26 00:22:22.000', N'2022-11-28 00:26:07.000', N'Order 85 delivery');
INSERT INTO bbpet.dbo.Delivery (id, status, startTime, endTime, reason) VALUES (197, N'SUCCESS', N'2022-04-28 23:21:28.000', N'2022-04-29 11:24:17.000', N'Order 87 delivery');
INSERT INTO bbpet.dbo.Delivery (id, status, startTime, endTime, reason) VALUES (198, N'SUCCESS', N'2022-04-28 23:53:53.000', N'2022-04-30 18:37:39.000', N'Order 87 delivery');
INSERT INTO bbpet.dbo.Delivery (id, status, startTime, endTime, reason) VALUES (199, N'SUCCESS', N'2022-04-28 14:03:27.000', N'2022-04-30 05:15:00.000', N'Order 87 delivery');
INSERT INTO bbpet.dbo.Delivery (id, status, startTime, endTime, reason) VALUES (200, N'FAILED', N'2023-04-28 00:59:39.000', N'2023-04-29 17:31:03.000', N'Order 88 delivery');
INSERT INTO bbpet.dbo.Delivery (id, status, startTime, endTime, reason) VALUES (201, N'FAILED', N'2023-04-27 23:06:16.000', N'2023-04-29 03:44:49.000', N'Order 88 delivery');
INSERT INTO bbpet.dbo.Delivery (id, status, startTime, endTime, reason) VALUES (202, N'SUCCESS', N'2022-05-14 19:55:50.000', N'2022-05-17 08:48:45.000', N'Order 89 delivery');
INSERT INTO bbpet.dbo.Delivery (id, status, startTime, endTime, reason) VALUES (203, N'SUCCESS', N'2022-05-14 08:01:09.000', N'2022-05-14 08:07:32.000', N'Order 89 delivery');
INSERT INTO bbpet.dbo.Delivery (id, status, startTime, endTime, reason) VALUES (204, N'SUCCESS', N'2022-05-14 10:41:07.000', N'2022-05-16 02:22:25.000', N'Order 89 delivery');
INSERT INTO bbpet.dbo.Delivery (id, status, startTime, endTime, reason) VALUES (205, N'SUCCESS', N'2022-05-14 05:09:12.000', N'2022-05-15 02:20:49.000', N'Order 89 delivery');
INSERT INTO bbpet.dbo.Delivery (id, status, startTime, endTime, reason) VALUES (206, N'PENDING', N'2023-09-10 00:23:31.000', N'2023-09-12 23:31:49.000', N'Order 90 delivery');
INSERT INTO bbpet.dbo.Delivery (id, status, startTime, endTime, reason) VALUES (207, N'PENDING', N'2023-09-09 19:35:24.000', N'2023-09-09 23:04:06.000', N'Order 90 delivery');
INSERT INTO bbpet.dbo.Delivery (id, status, startTime, endTime, reason) VALUES (208, N'PENDING', N'2023-09-09 11:54:06.000', N'2023-09-11 20:25:02.000', N'Order 90 delivery');
INSERT INTO bbpet.dbo.Delivery (id, status, startTime, endTime, reason) VALUES (209, N'SUCCESS', N'2023-10-26 04:41:09.000', N'2023-10-27 02:59:04.000', N'Order 92 delivery');
INSERT INTO bbpet.dbo.Delivery (id, status, startTime, endTime, reason) VALUES (210, N'SUCCESS', N'2023-10-26 16:22:42.000', N'2023-10-28 22:05:26.000', N'Order 92 delivery');
INSERT INTO bbpet.dbo.Delivery (id, status, startTime, endTime, reason) VALUES (211, N'SUCCESS', N'2023-10-26 04:09:53.000', N'2023-10-27 17:21:25.000', N'Order 92 delivery');
INSERT INTO bbpet.dbo.Delivery (id, status, startTime, endTime, reason) VALUES (212, N'SUCCESS', N'2023-10-26 04:19:16.000', N'2023-10-27 01:14:07.000', N'Order 92 delivery');
INSERT INTO bbpet.dbo.Delivery (id, status, startTime, endTime, reason) VALUES (213, N'SUCCESS', N'2023-04-17 02:07:54.000', N'2023-04-19 10:03:32.000', N'Order 93 delivery');
INSERT INTO bbpet.dbo.Delivery (id, status, startTime, endTime, reason) VALUES (214, N'SUCCESS', N'2023-04-16 20:35:43.000', N'2023-04-19 04:02:45.000', N'Order 93 delivery');
INSERT INTO bbpet.dbo.Delivery (id, status, startTime, endTime, reason) VALUES (215, N'SUCCESS', N'2023-04-17 04:37:59.000', N'2023-04-20 02:37:33.000', N'Order 93 delivery');
INSERT INTO bbpet.dbo.Delivery (id, status, startTime, endTime, reason) VALUES (216, N'SUCCESS', N'2023-05-08 12:50:36.000', N'2023-05-08 20:34:59.000', N'Order 94 delivery');
INSERT INTO bbpet.dbo.Delivery (id, status, startTime, endTime, reason) VALUES (217, N'SUCCESS', N'2023-05-08 15:17:15.000', N'2023-05-10 04:31:54.000', N'Order 94 delivery');
INSERT INTO bbpet.dbo.Delivery (id, status, startTime, endTime, reason) VALUES (218, N'SUCCESS', N'2023-05-08 00:29:50.000', N'2023-05-09 08:28:54.000', N'Order 94 delivery');
INSERT INTO bbpet.dbo.Delivery (id, status, startTime, endTime, reason) VALUES (219, N'SUCCESS', N'2023-05-07 22:26:52.000', N'2023-05-09 05:42:48.000', N'Order 94 delivery');
INSERT INTO bbpet.dbo.Delivery (id, status, startTime, endTime, reason) VALUES (220, N'SUCCESS', N'2023-07-31 01:28:41.000', N'2023-08-02 20:12:46.000', N'Order 95 delivery');
INSERT INTO bbpet.dbo.Delivery (id, status, startTime, endTime, reason) VALUES (221, N'SUCCESS', N'2023-07-30 20:20:10.000', N'2023-07-31 06:19:14.000', N'Order 95 delivery');
INSERT INTO bbpet.dbo.Delivery (id, status, startTime, endTime, reason) VALUES (222, N'SUCCESS', N'2023-07-31 10:15:38.000', N'2023-08-02 02:18:41.000', N'Order 95 delivery');
INSERT INTO bbpet.dbo.Delivery (id, status, startTime, endTime, reason) VALUES (223, N'SUCCESS', N'2023-03-01 08:18:43.000', N'2023-03-03 05:10:14.000', N'Order 96 delivery');
INSERT INTO bbpet.dbo.Delivery (id, status, startTime, endTime, reason) VALUES (224, N'SUCCESS', N'2023-02-28 23:50:54.000', N'2023-03-01 02:46:38.000', N'Order 96 delivery');
INSERT INTO bbpet.dbo.Delivery (id, status, startTime, endTime, reason) VALUES (225, N'SUCCESS', N'2023-03-01 00:50:12.000', N'2023-03-01 11:28:43.000', N'Order 96 delivery');
INSERT INTO bbpet.dbo.Delivery (id, status, startTime, endTime, reason) VALUES (226, N'SUCCESS', N'2023-12-30 16:33:22.000', N'2023-12-31 09:04:19.000', N'Order 97 delivery');
INSERT INTO bbpet.dbo.Delivery (id, status, startTime, endTime, reason) VALUES (227, N'SUCCESS', N'2023-12-31 10:35:41.000', N'2024-01-03 07:50:56.000', N'Order 97 delivery');
INSERT INTO bbpet.dbo.Delivery (id, status, startTime, endTime, reason) VALUES (228, N'SUCCESS', N'2023-12-31 13:54:06.000', N'2023-12-31 18:45:11.000', N'Order 97 delivery');
INSERT INTO bbpet.dbo.Delivery (id, status, startTime, endTime, reason) VALUES (229, N'SUCCESS', N'2022-03-25 13:25:20.000', N'2022-03-27 17:20:49.000', N'Order 98 delivery');
INSERT INTO bbpet.dbo.Delivery (id, status, startTime, endTime, reason) VALUES (230, N'SUCCESS', N'2022-01-07 04:57:50.000', N'2022-01-08 10:20:40.000', N'Order 99 delivery');
INSERT INTO bbpet.dbo.Delivery (id, status, startTime, endTime, reason) VALUES (231, N'SUCCESS', N'2022-01-07 07:22:36.000', N'2022-01-07 14:29:02.000', N'Order 99 delivery');
INSERT INTO bbpet.dbo.Delivery (id, status, startTime, endTime, reason) VALUES (232, N'SUCCESS', N'2022-02-19 00:16:11.000', N'2022-02-20 03:50:01.000', N'Order 100 delivery');
INSERT INTO bbpet.dbo.Delivery (id, status, startTime, endTime, reason) VALUES (233, N'SUCCESS', N'2022-02-19 14:32:35.000', N'2022-02-21 12:33:22.000', N'Order 100 delivery');
INSERT INTO bbpet.dbo.Delivery (id, status, startTime, endTime, reason) VALUES (234, N'SUCCESS', N'2022-04-29 06:17:38.000', N'2022-05-01 21:08:48.000', N'Order 101 delivery');
INSERT INTO bbpet.dbo.Delivery (id, status, startTime, endTime, reason) VALUES (235, N'SUCCESS', N'2022-04-29 06:50:33.000', N'2022-04-30 05:17:39.000', N'Order 101 delivery');
INSERT INTO bbpet.dbo.Delivery (id, status, startTime, endTime, reason) VALUES (236, N'SUCCESS', N'2022-04-28 19:35:38.000', N'2022-04-29 09:27:11.000', N'Order 101 delivery');
INSERT INTO bbpet.dbo.Delivery (id, status, startTime, endTime, reason) VALUES (237, N'SUCCESS', N'2022-04-28 21:27:42.000', N'2022-05-01 10:24:19.000', N'Order 101 delivery');
INSERT INTO bbpet.dbo.Delivery (id, status, startTime, endTime, reason) VALUES (238, N'SUCCESS', N'2022-07-02 21:33:54.000', N'2022-07-05 08:40:31.000', N'Order 102 delivery');
INSERT INTO bbpet.dbo.Delivery (id, status, startTime, endTime, reason) VALUES (239, N'SUCCESS', N'2022-07-02 08:51:50.000', N'2022-07-02 17:16:09.000', N'Order 102 delivery');
INSERT INTO bbpet.dbo.Delivery (id, status, startTime, endTime, reason) VALUES (240, N'SUCCESS', N'2023-08-30 10:34:22.000', N'2023-08-31 13:09:19.000', N'Order 103 delivery');
INSERT INTO bbpet.dbo.Delivery (id, status, startTime, endTime, reason) VALUES (241, N'SUCCESS', N'2023-08-30 12:07:42.000', N'2023-08-31 16:15:25.000', N'Order 103 delivery');
INSERT INTO bbpet.dbo.Delivery (id, status, startTime, endTime, reason) VALUES (242, N'SUCCESS', N'2023-08-30 13:16:36.000', N'2023-09-01 23:22:39.000', N'Order 103 delivery');
SET IDENTITY_INSERT bbpet.dbo.Delivery OFF;



SET IDENTITY_INSERT bbpet.dbo.Shipping ON;
INSERT INTO bbpet.dbo.Shipping (id, deliveryId, status, startTime, endTime, fromAddress, toAddress, provider, trackingCode) VALUES (1, 1, N'DELIVERED', N'2023-06-28 14:13:14.000', N'2023-06-29 18:46:06.000', N'123 Goldenwest St, Westminster, CA 92683', N'123 Main St, Los Angeles, CA 90001', N'USPS', N'USPS-0000000001');
INSERT INTO bbpet.dbo.Shipping (id, deliveryId, status, startTime, endTime, fromAddress, toAddress, provider, trackingCode) VALUES (2, 3, N'DELIVERED', N'2022-03-31 09:17:08.000', N'2022-04-01 10:39:06.000', N'123 Goldenwest St, Westminster, CA 92683', N'123 Main St, Los Angeles, CA 90001', N'USPS', N'USPS-0000000002');
INSERT INTO bbpet.dbo.Shipping (id, deliveryId, status, startTime, endTime, fromAddress, toAddress, provider, trackingCode) VALUES (3, 4, N'DELIVERED', N'2023-11-21 03:09:56.000', N'2023-11-22 22:29:47.000', N'123 Goldenwest St, Westminster, CA 92683', N'123 Main St, Los Angeles, CA 90001', N'USPS', N'USPS-0000000003');
INSERT INTO bbpet.dbo.Shipping (id, deliveryId, status, startTime, endTime, fromAddress, toAddress, provider, trackingCode) VALUES (4, 6, N'DELIVERED', N'2022-04-05 03:14:29.000', N'2022-04-05 08:43:03.000', N'123 Goldenwest St, Westminster, CA 92683', N'123 Main St, Los Angeles, CA 90001', N'USPS', N'USPS-0000000004');
INSERT INTO bbpet.dbo.Shipping (id, deliveryId, status, startTime, endTime, fromAddress, toAddress, provider, trackingCode) VALUES (5, 9, N'PENDING', N'2023-05-12 20:37:45.000', N'2023-05-15 02:38:22.000', N'123 Goldenwest St, Westminster, CA 92683', N'123 Main St, Los Angeles, CA 90001', N'USPS', N'USPS-0000000005');
INSERT INTO bbpet.dbo.Shipping (id, deliveryId, status, startTime, endTime, fromAddress, toAddress, provider, trackingCode) VALUES (6, 13, N'DELIVERED', N'2023-10-19 17:15:31.000', N'2023-10-21 23:25:19.000', N'123 Goldenwest St, Westminster, CA 92683', N'In-store, 123 Goldenwest St, CA 92683', N'USPS', N'USPS-0000000006');
INSERT INTO bbpet.dbo.Shipping (id, deliveryId, status, startTime, endTime, fromAddress, toAddress, provider, trackingCode) VALUES (7, 16, N'DELIVERED', N'2022-05-29 15:00:10.000', N'2022-05-30 04:46:19.000', N'123 Goldenwest St, Westminster, CA 92683', N'In-store, 123 Goldenwest St, CA 92683', N'USPS', N'USPS-0000000007');
INSERT INTO bbpet.dbo.Shipping (id, deliveryId, status, startTime, endTime, fromAddress, toAddress, provider, trackingCode) VALUES (8, 19, N'PENDING', N'2023-11-15 07:51:35.000', N'2023-11-15 22:03:21.000', N'123 Goldenwest St, Westminster, CA 92683', N'In-store, 123 Goldenwest St, CA 92683', N'USPS', N'USPS-0000000008');
INSERT INTO bbpet.dbo.Shipping (id, deliveryId, status, startTime, endTime, fromAddress, toAddress, provider, trackingCode) VALUES (9, 22, N'DELIVERED', N'2023-11-01 19:36:05.000', N'2023-11-02 02:01:34.000', N'123 Goldenwest St, Westminster, CA 92683', N'789 Pine St, Phoenix, AZ 85001', N'USPS', N'USPS-0000000009');
INSERT INTO bbpet.dbo.Shipping (id, deliveryId, status, startTime, endTime, fromAddress, toAddress, provider, trackingCode) VALUES (10, 26, N'DELIVERED', N'2023-05-12 05:52:10.000', N'2023-05-13 19:36:15.000', N'123 Goldenwest St, Westminster, CA 92683', N'789 Pine St, Phoenix, AZ 85001', N'USPS', N'USPS-0000000010');
INSERT INTO bbpet.dbo.Shipping (id, deliveryId, status, startTime, endTime, fromAddress, toAddress, provider, trackingCode) VALUES (11, 29, N'DELIVERED', N'2023-09-08 10:35:14.000', N'2023-09-10 20:33:46.000', N'123 Goldenwest St, Westminster, CA 92683', N'789 Pine St, Phoenix, AZ 85001', N'USPS', N'USPS-0000000011');
INSERT INTO bbpet.dbo.Shipping (id, deliveryId, status, startTime, endTime, fromAddress, toAddress, provider, trackingCode) VALUES (12, 32, N'DELIVERED', N'2023-05-08 01:59:24.000', N'2023-05-10 14:19:34.000', N'123 Goldenwest St, Westminster, CA 92683', N'789 Pine St, Phoenix, AZ 85001', N'USPS', N'USPS-0000000012');
INSERT INTO bbpet.dbo.Shipping (id, deliveryId, status, startTime, endTime, fromAddress, toAddress, provider, trackingCode) VALUES (13, 36, N'DELIVERED', N'2022-04-23 15:07:20.000', N'2022-04-25 04:52:47.000', N'123 Goldenwest St, Westminster, CA 92683', N'321 Elm St, Las Vegas, NV 89101', N'USPS', N'USPS-0000000014');
INSERT INTO bbpet.dbo.Shipping (id, deliveryId, status, startTime, endTime, fromAddress, toAddress, provider, trackingCode) VALUES (14, 39, N'DELIVERED', N'2023-06-17 03:23:03.000', N'2023-06-17 10:31:31.000', N'123 Goldenwest St, Westminster, CA 92683', N'321 Elm St, Las Vegas, NV 89101', N'USPS', N'USPS-0000000015');
INSERT INTO bbpet.dbo.Shipping (id, deliveryId, status, startTime, endTime, fromAddress, toAddress, provider, trackingCode) VALUES (15, 43, N'DELIVERED', N'2022-01-28 18:25:54.000', N'2022-01-29 10:54:53.000', N'123 Goldenwest St, Westminster, CA 92683', N'321 Elm St, Las Vegas, NV 89101', N'USPS', N'USPS-0000000016');
INSERT INTO bbpet.dbo.Shipping (id, deliveryId, status, startTime, endTime, fromAddress, toAddress, provider, trackingCode) VALUES (16, 45, N'DELIVERED', N'2022-05-14 00:23:20.000', N'2022-05-15 16:55:20.000', N'123 Goldenwest St, Westminster, CA 92683', N'321 Elm St, Las Vegas, NV 89101', N'USPS', N'USPS-0000000017');
INSERT INTO bbpet.dbo.Shipping (id, deliveryId, status, startTime, endTime, fromAddress, toAddress, provider, trackingCode) VALUES (17, 47, N'DELIVERED', N'2022-01-19 18:35:29.000', N'2022-01-21 02:30:46.000', N'123 Goldenwest St, Westminster, CA 92683', N'321 Elm St, Las Vegas, NV 89101', N'USPS', N'USPS-0000000018');
INSERT INTO bbpet.dbo.Shipping (id, deliveryId, status, startTime, endTime, fromAddress, toAddress, provider, trackingCode) VALUES (18, 48, N'DELIVERED', N'2022-06-22 05:47:42.000', N'2022-06-22 20:52:39.000', N'123 Goldenwest St, Westminster, CA 92683', N'654 Maple St, San Diego, CA 92101', N'USPS', N'USPS-0000000019');
INSERT INTO bbpet.dbo.Shipping (id, deliveryId, status, startTime, endTime, fromAddress, toAddress, provider, trackingCode) VALUES (19, 50, N'PENDING', N'2023-06-28 00:50:40.000', N'2023-06-30 10:35:48.000', N'123 Goldenwest St, Westminster, CA 92683', N'654 Maple St, San Diego, CA 92101', N'USPS', N'USPS-0000000020');
INSERT INTO bbpet.dbo.Shipping (id, deliveryId, status, startTime, endTime, fromAddress, toAddress, provider, trackingCode) VALUES (20, 51, N'PENDING', N'2022-02-08 13:26:06.000', N'2022-02-09 23:58:39.000', N'123 Goldenwest St, Westminster, CA 92683', N'987 Birch St, Seattle, WA 98101', N'USPS', N'USPS-0000000021');
INSERT INTO bbpet.dbo.Shipping (id, deliveryId, status, startTime, endTime, fromAddress, toAddress, provider, trackingCode) VALUES (21, 53, N'CANCELED', N'2023-12-13 13:04:43.000', N'2023-12-13 20:08:23.000', N'123 Goldenwest St, Westminster, CA 92683', N'987 Birch St, Seattle, WA 98101', N'USPS', N'USPS-0000000022');
INSERT INTO bbpet.dbo.Shipping (id, deliveryId, status, startTime, endTime, fromAddress, toAddress, provider, trackingCode) VALUES (22, 57, N'DELIVERED', N'2022-06-08 00:39:35.000', N'2022-06-08 19:26:19.000', N'123 Goldenwest St, Westminster, CA 92683', N'987 Birch St, Seattle, WA 98101', N'USPS', N'USPS-0000000024');
INSERT INTO bbpet.dbo.Shipping (id, deliveryId, status, startTime, endTime, fromAddress, toAddress, provider, trackingCode) VALUES (23, 59, N'DELIVERED', N'2022-09-28 09:07:47.000', N'2022-09-30 23:13:07.000', N'123 Goldenwest St, Westminster, CA 92683', N'987 Birch St, Seattle, WA 98101', N'USPS', N'USPS-0000000025');
INSERT INTO bbpet.dbo.Shipping (id, deliveryId, status, startTime, endTime, fromAddress, toAddress, provider, trackingCode) VALUES (24, 61, N'DELIVERED', N'2023-05-10 23:32:22.000', N'2023-05-11 22:07:16.000', N'123 Goldenwest St, Westminster, CA 92683', N'987 Birch St, Seattle, WA 98101', N'USPS', N'USPS-0000000026');
INSERT INTO bbpet.dbo.Shipping (id, deliveryId, status, startTime, endTime, fromAddress, toAddress, provider, trackingCode) VALUES (25, 64, N'DELIVERED', N'2023-06-16 00:29:19.000', N'2023-06-18 01:27:54.000', N'123 Goldenwest St, Westminster, CA 92683', N'987 Birch St, Seattle, WA 98101', N'USPS', N'USPS-0000000027');
INSERT INTO bbpet.dbo.Shipping (id, deliveryId, status, startTime, endTime, fromAddress, toAddress, provider, trackingCode) VALUES (26, 66, N'DELIVERED', N'2023-07-07 05:40:51.000', N'2023-07-07 11:53:26.000', N'123 Goldenwest St, Westminster, CA 92683', N'987 Birch St, Seattle, WA 98101', N'USPS', N'USPS-0000000028');
INSERT INTO bbpet.dbo.Shipping (id, deliveryId, status, startTime, endTime, fromAddress, toAddress, provider, trackingCode) VALUES (27, 68, N'DELIVERED', N'2022-01-25 07:07:46.000', N'2022-01-28 02:02:51.000', N'123 Goldenwest St, Westminster, CA 92683', N'987 Birch St, Seattle, WA 98101', N'USPS', N'USPS-0000000029');
INSERT INTO bbpet.dbo.Shipping (id, deliveryId, status, startTime, endTime, fromAddress, toAddress, provider, trackingCode) VALUES (28, 69, N'DELIVERED', N'2023-01-17 16:07:56.000', N'2023-01-18 22:52:24.000', N'123 Goldenwest St, Westminster, CA 92683', N'987 Birch St, Seattle, WA 98101', N'USPS', N'USPS-0000000030');
INSERT INTO bbpet.dbo.Shipping (id, deliveryId, status, startTime, endTime, fromAddress, toAddress, provider, trackingCode) VALUES (29, 72, N'DELIVERED', N'2023-03-21 14:43:04.000', N'2023-03-22 04:06:38.000', N'123 Goldenwest St, Westminster, CA 92683', N'135 Cedar St, San Francisco, CA 94102', N'USPS', N'USPS-0000000031');
INSERT INTO bbpet.dbo.Shipping (id, deliveryId, status, startTime, endTime, fromAddress, toAddress, provider, trackingCode) VALUES (30, 74, N'DELIVERED', N'2023-12-08 05:14:40.000', N'2023-12-10 03:15:09.000', N'123 Goldenwest St, Westminster, CA 92683', N'135 Cedar St, San Francisco, CA 94102', N'USPS', N'USPS-0000000032');
INSERT INTO bbpet.dbo.Shipping (id, deliveryId, status, startTime, endTime, fromAddress, toAddress, provider, trackingCode) VALUES (31, 75, N'DELIVERED', N'2022-07-14 13:00:06.000', N'2022-07-16 07:12:35.000', N'123 Goldenwest St, Westminster, CA 92683', N'135 Cedar St, San Francisco, CA 94102', N'USPS', N'USPS-0000000034');
INSERT INTO bbpet.dbo.Shipping (id, deliveryId, status, startTime, endTime, fromAddress, toAddress, provider, trackingCode) VALUES (32, 78, N'SHIPPED', N'2023-12-19 08:26:23.000', N'2023-12-20 19:31:15.000', N'123 Goldenwest St, Westminster, CA 92683', N'135 Cedar St, San Francisco, CA 94102', N'USPS', N'USPS-0000000035');
INSERT INTO bbpet.dbo.Shipping (id, deliveryId, status, startTime, endTime, fromAddress, toAddress, provider, trackingCode) VALUES (33, 79, N'DELIVERED', N'2023-08-04 03:41:29.000', N'2023-08-04 21:03:36.000', N'123 Goldenwest St, Westminster, CA 92683', N'246 Cherry St, Eugene, OR 97401', N'USPS', N'USPS-0000000036');
INSERT INTO bbpet.dbo.Shipping (id, deliveryId, status, startTime, endTime, fromAddress, toAddress, provider, trackingCode) VALUES (34, 82, N'DELIVERED', N'2023-03-02 14:53:09.000', N'2023-03-03 12:55:24.000', N'123 Goldenwest St, Westminster, CA 92683', N'246 Cherry St, Eugene, OR 97401', N'USPS', N'USPS-0000000037');
INSERT INTO bbpet.dbo.Shipping (id, deliveryId, status, startTime, endTime, fromAddress, toAddress, provider, trackingCode) VALUES (35, 85, N'SHIPPED', N'2023-10-25 12:18:32.000', N'2023-10-26 14:20:53.000', N'123 Goldenwest St, Westminster, CA 92683', N'In-store, 123 Goldenwest St, CA 92683', N'USPS', N'USPS-0000000038');
INSERT INTO bbpet.dbo.Shipping (id, deliveryId, status, startTime, endTime, fromAddress, toAddress, provider, trackingCode) VALUES (36, 87, N'CANCELED', N'2022-01-16 11:20:48.000', N'2022-01-17 21:36:05.000', N'123 Goldenwest St, Westminster, CA 92683', N'In-store, 123 Goldenwest St, CA 92683', N'USPS', N'USPS-0000000039');
INSERT INTO bbpet.dbo.Shipping (id, deliveryId, status, startTime, endTime, fromAddress, toAddress, provider, trackingCode) VALUES (37, 89, N'CANCELED', N'2023-05-02 16:56:10.000', N'2023-05-03 00:38:16.000', N'123 Goldenwest St, Westminster, CA 92683', N'579 Hickory St, Reno, NV 89501', N'USPS', N'USPS-0000000040');
INSERT INTO bbpet.dbo.Shipping (id, deliveryId, status, startTime, endTime, fromAddress, toAddress, provider, trackingCode) VALUES (38, 91, N'DELIVERED', N'2022-08-27 00:00:36.000', N'2022-08-28 08:02:09.000', N'123 Goldenwest St, Westminster, CA 92683', N'579 Hickory St, Reno, NV 89501', N'USPS', N'USPS-0000000041');
INSERT INTO bbpet.dbo.Shipping (id, deliveryId, status, startTime, endTime, fromAddress, toAddress, provider, trackingCode) VALUES (39, 94, N'CANCELED', N'2023-07-17 08:57:10.000', N'2023-07-19 00:28:59.000', N'123 Goldenwest St, Westminster, CA 92683', N'579 Hickory St, Reno, NV 89501', N'USPS', N'USPS-0000000042');
INSERT INTO bbpet.dbo.Shipping (id, deliveryId, status, startTime, endTime, fromAddress, toAddress, provider, trackingCode) VALUES (40, 97, N'DELIVERED', N'2022-04-10 12:50:01.000', N'2022-04-13 04:50:34.000', N'123 Goldenwest St, Westminster, CA 92683', N'579 Hickory St, Reno, NV 89501', N'USPS', N'USPS-0000000043');
INSERT INTO bbpet.dbo.Shipping (id, deliveryId, status, startTime, endTime, fromAddress, toAddress, provider, trackingCode) VALUES (41, 101, N'DELIVERED', N'2023-07-10 20:59:21.000', N'2023-07-11 22:28:32.000', N'123 Goldenwest St, Westminster, CA 92683', N'579 Hickory St, Reno, NV 89501', N'USPS', N'USPS-0000000044');
INSERT INTO bbpet.dbo.Shipping (id, deliveryId, status, startTime, endTime, fromAddress, toAddress, provider, trackingCode) VALUES (42, 104, N'DELIVERED', N'2022-05-07 06:16:44.000', N'2022-05-09 23:49:01.000', N'123 Goldenwest St, Westminster, CA 92683', N'In-store, 123 Goldenwest St, CA 92683', N'USPS', N'USPS-0000000046');
INSERT INTO bbpet.dbo.Shipping (id, deliveryId, status, startTime, endTime, fromAddress, toAddress, provider, trackingCode) VALUES (43, 107, N'DELIVERED', N'2022-09-20 12:47:50.000', N'2022-09-23 02:24:00.000', N'123 Goldenwest St, Westminster, CA 92683', N'In-store, 123 Goldenwest St, CA 92683', N'USPS', N'USPS-0000000047');
INSERT INTO bbpet.dbo.Shipping (id, deliveryId, status, startTime, endTime, fromAddress, toAddress, provider, trackingCode) VALUES (44, 110, N'CANCELED', N'2023-10-17 12:40:07.000', N'2023-10-19 10:24:47.000', N'123 Goldenwest St, Westminster, CA 92683', N'In-store, 123 Goldenwest St, CA 92683', N'USPS', N'USPS-0000000048');
INSERT INTO bbpet.dbo.Shipping (id, deliveryId, status, startTime, endTime, fromAddress, toAddress, provider, trackingCode) VALUES (45, 113, N'DELIVERED', N'2023-06-30 09:43:03.000', N'2023-07-01 16:18:08.000', N'123 Goldenwest St, Westminster, CA 92683', N'In-store, 123 Goldenwest St, CA 92683', N'USPS', N'USPS-0000000049');
INSERT INTO bbpet.dbo.Shipping (id, deliveryId, status, startTime, endTime, fromAddress, toAddress, provider, trackingCode) VALUES (46, 115, N'CANCELED', N'2023-02-11 20:15:33.000', N'2023-02-14 14:47:51.000', N'123 Goldenwest St, Westminster, CA 92683', N'In-store, 123 Goldenwest St, CA 92683', N'USPS', N'USPS-0000000050');
INSERT INTO bbpet.dbo.Shipping (id, deliveryId, status, startTime, endTime, fromAddress, toAddress, provider, trackingCode) VALUES (47, 119, N'DELIVERED', N'2022-09-07 21:05:07.000', N'2022-09-10 16:54:33.000', N'123 Goldenwest St, Westminster, CA 92683', N'In-store, 123 Goldenwest St, CA 92683', N'USPS', N'USPS-0000000051');
INSERT INTO bbpet.dbo.Shipping (id, deliveryId, status, startTime, endTime, fromAddress, toAddress, provider, trackingCode) VALUES (48, 122, N'DELIVERED', N'2023-08-19 11:03:56.000', N'2023-08-20 00:02:45.000', N'123 Goldenwest St, Westminster, CA 92683', N'In-store, 123 Goldenwest St, CA 92683', N'USPS', N'USPS-0000000052');
INSERT INTO bbpet.dbo.Shipping (id, deliveryId, status, startTime, endTime, fromAddress, toAddress, provider, trackingCode) VALUES (49, 124, N'PENDING', N'2022-02-23 21:37:44.000', N'2022-02-25 20:24:05.000', N'123 Goldenwest St, Westminster, CA 92683', N'In-store, 123 Goldenwest St, CA 92683', N'USPS', N'USPS-0000000053');
INSERT INTO bbpet.dbo.Shipping (id, deliveryId, status, startTime, endTime, fromAddress, toAddress, provider, trackingCode) VALUES (50, 126, N'CANCELED', N'2023-04-23 14:00:18.000', N'2023-04-25 09:30:32.000', N'123 Goldenwest St, Westminster, CA 92683', N'In-store, 123 Goldenwest St, CA 92683', N'USPS', N'USPS-0000000054');
INSERT INTO bbpet.dbo.Shipping (id, deliveryId, status, startTime, endTime, fromAddress, toAddress, provider, trackingCode) VALUES (51, 130, N'DELIVERED', N'2023-09-02 23:32:41.000', N'2023-09-04 05:44:59.000', N'123 Goldenwest St, Westminster, CA 92683', N'In-store, 123 Goldenwest St, CA 92683', N'USPS', N'USPS-0000000055');
INSERT INTO bbpet.dbo.Shipping (id, deliveryId, status, startTime, endTime, fromAddress, toAddress, provider, trackingCode) VALUES (52, 133, N'DELIVERED', N'2023-06-15 22:17:56.000', N'2023-06-16 17:42:38.000', N'123 Goldenwest St, Westminster, CA 92683', N'789 Pine St, Flagstaff, AZ 86001', N'USPS', N'USPS-0000000057');
INSERT INTO bbpet.dbo.Shipping (id, deliveryId, status, startTime, endTime, fromAddress, toAddress, provider, trackingCode) VALUES (53, 135, N'DELIVERED', N'2022-02-15 02:43:18.000', N'2022-02-17 05:33:44.000', N'123 Goldenwest St, Westminster, CA 92683', N'789 Pine St, Flagstaff, AZ 86001', N'USPS', N'USPS-0000000058');
INSERT INTO bbpet.dbo.Shipping (id, deliveryId, status, startTime, endTime, fromAddress, toAddress, provider, trackingCode) VALUES (54, 138, N'CANCELED', N'2022-05-10 15:17:06.000', N'2022-05-12 04:47:45.000', N'123 Goldenwest St, Westminster, CA 92683', N'789 Pine St, Flagstaff, AZ 86001', N'USPS', N'USPS-0000000059');
INSERT INTO bbpet.dbo.Shipping (id, deliveryId, status, startTime, endTime, fromAddress, toAddress, provider, trackingCode) VALUES (55, 141, N'DELIVERED', N'2023-12-09 14:53:29.000', N'2023-12-11 10:35:39.000', N'123 Goldenwest St, Westminster, CA 92683', N'789 Pine St, Flagstaff, AZ 86001', N'USPS', N'USPS-0000000060');
INSERT INTO bbpet.dbo.Shipping (id, deliveryId, status, startTime, endTime, fromAddress, toAddress, provider, trackingCode) VALUES (56, 144, N'PENDING', N'2023-10-13 11:50:57.000', N'2023-10-15 15:49:07.000', N'123 Goldenwest St, Westminster, CA 92683', N'789 Pine St, Flagstaff, AZ 86001', N'USPS', N'USPS-0000000061');
INSERT INTO bbpet.dbo.Shipping (id, deliveryId, status, startTime, endTime, fromAddress, toAddress, provider, trackingCode) VALUES (57, 147, N'DELIVERED', N'2022-01-12 22:50:51.000', N'2022-01-13 15:47:12.000', N'123 Goldenwest St, Westminster, CA 92683', N'789 Pine St, Flagstaff, AZ 86001', N'USPS', N'USPS-0000000062');
INSERT INTO bbpet.dbo.Shipping (id, deliveryId, status, startTime, endTime, fromAddress, toAddress, provider, trackingCode) VALUES (58, 148, N'CANCELED', N'2023-04-12 22:37:44.000', N'2023-04-15 19:45:48.000', N'123 Goldenwest St, Westminster, CA 92683', N'789 Pine St, Flagstaff, AZ 86001', N'USPS', N'USPS-0000000063');
INSERT INTO bbpet.dbo.Shipping (id, deliveryId, status, startTime, endTime, fromAddress, toAddress, provider, trackingCode) VALUES (59, 149, N'DELIVERED', N'2022-07-07 06:26:34.000', N'2022-07-07 16:50:39.000', N'123 Goldenwest St, Westminster, CA 92683', N'789 Pine St, Flagstaff, AZ 86001', N'USPS', N'USPS-0000000064');
INSERT INTO bbpet.dbo.Shipping (id, deliveryId, status, startTime, endTime, fromAddress, toAddress, provider, trackingCode) VALUES (60, 151, N'CANCELED', N'2023-02-01 00:34:27.000', N'2023-02-02 13:12:12.000', N'123 Goldenwest St, Westminster, CA 92683', N'789 Pine St, Flagstaff, AZ 86001', N'USPS', N'USPS-0000000065');
INSERT INTO bbpet.dbo.Shipping (id, deliveryId, status, startTime, endTime, fromAddress, toAddress, provider, trackingCode) VALUES (61, 153, N'DELIVERED', N'2023-11-19 10:30:55.000', N'2023-11-21 19:23:47.000', N'123 Goldenwest St, Westminster, CA 92683', N'789 Pine St, Flagstaff, AZ 86001', N'USPS', N'USPS-0000000066');
INSERT INTO bbpet.dbo.Shipping (id, deliveryId, status, startTime, endTime, fromAddress, toAddress, provider, trackingCode) VALUES (62, 155, N'DELIVERED', N'2022-03-20 20:17:15.000', N'2022-03-22 05:30:02.000', N'123 Goldenwest St, Westminster, CA 92683', N'In-store, 123 Goldenwest St, CA 92683', N'USPS', N'USPS-0000000067');
INSERT INTO bbpet.dbo.Shipping (id, deliveryId, status, startTime, endTime, fromAddress, toAddress, provider, trackingCode) VALUES (63, 159, N'DELIVERED', N'2023-07-09 11:56:55.000', N'2023-07-10 10:55:26.000', N'123 Goldenwest St, Westminster, CA 92683', N'In-store, 123 Goldenwest St, CA 92683', N'USPS', N'USPS-0000000068');
INSERT INTO bbpet.dbo.Shipping (id, deliveryId, status, startTime, endTime, fromAddress, toAddress, provider, trackingCode) VALUES (64, 161, N'SHIPPED', N'2022-01-27 01:45:24.000', N'2022-01-27 21:15:44.000', N'123 Goldenwest St, Westminster, CA 92683', N'In-store, 123 Goldenwest St, CA 92683', N'USPS', N'USPS-0000000069');
INSERT INTO bbpet.dbo.Shipping (id, deliveryId, status, startTime, endTime, fromAddress, toAddress, provider, trackingCode) VALUES (65, 162, N'SHIPPED', N'2022-08-12 01:42:56.000', N'2022-08-13 18:14:04.000', N'123 Goldenwest St, Westminster, CA 92683', N'In-store, 123 Goldenwest St, CA 92683', N'USPS', N'USPS-0000000070');
INSERT INTO bbpet.dbo.Shipping (id, deliveryId, status, startTime, endTime, fromAddress, toAddress, provider, trackingCode) VALUES (66, 165, N'DELIVERED', N'2022-11-03 16:32:34.000', N'2022-11-06 11:41:16.000', N'123 Goldenwest St, Westminster, CA 92683', N'In-store, 123 Goldenwest St, CA 92683', N'USPS', N'USPS-0000000072');
INSERT INTO bbpet.dbo.Shipping (id, deliveryId, status, startTime, endTime, fromAddress, toAddress, provider, trackingCode) VALUES (67, 168, N'DELIVERED', N'2022-09-27 15:44:00.000', N'2022-09-30 00:11:35.000', N'123 Goldenwest St, Westminster, CA 92683', N'In-store, 123 Goldenwest St, CA 92683', N'USPS', N'USPS-0000000073');
INSERT INTO bbpet.dbo.Shipping (id, deliveryId, status, startTime, endTime, fromAddress, toAddress, provider, trackingCode) VALUES (68, 169, N'DELIVERED', N'2022-07-21 04:27:56.000', N'2022-07-22 00:59:55.000', N'123 Goldenwest St, Westminster, CA 92683', N'In-store, 123 Goldenwest St, CA 92683', N'USPS', N'USPS-0000000074');
INSERT INTO bbpet.dbo.Shipping (id, deliveryId, status, startTime, endTime, fromAddress, toAddress, provider, trackingCode) VALUES (69, 172, N'CANCELED', N'2023-11-10 02:02:51.000', N'2023-11-11 03:26:18.000', N'123 Goldenwest St, Westminster, CA 92683', N'654 Maple St, Santa Ana, CA 92701', N'USPS', N'USPS-0000000075');
INSERT INTO bbpet.dbo.Shipping (id, deliveryId, status, startTime, endTime, fromAddress, toAddress, provider, trackingCode) VALUES (70, 174, N'DELIVERED', N'2023-01-02 02:07:36.000', N'2023-01-03 19:22:35.000', N'123 Goldenwest St, Westminster, CA 92683', N'654 Maple St, Santa Ana, CA 92701', N'USPS', N'USPS-0000000076');
INSERT INTO bbpet.dbo.Shipping (id, deliveryId, status, startTime, endTime, fromAddress, toAddress, provider, trackingCode) VALUES (71, 177, N'PENDING', N'2023-10-31 20:39:54.000', N'2023-11-01 12:36:55.000', N'123 Goldenwest St, Westminster, CA 92683', N'654 Maple St, Santa Ana, CA 92701', N'USPS', N'USPS-0000000077');
INSERT INTO bbpet.dbo.Shipping (id, deliveryId, status, startTime, endTime, fromAddress, toAddress, provider, trackingCode) VALUES (72, 179, N'CANCELED', N'2022-12-09 18:58:25.000', N'2022-12-12 04:19:57.000', N'123 Goldenwest St, Westminster, CA 92683', N'654 Maple St, Santa Ana, CA 92701', N'USPS', N'USPS-0000000078');
INSERT INTO bbpet.dbo.Shipping (id, deliveryId, status, startTime, endTime, fromAddress, toAddress, provider, trackingCode) VALUES (73, 182, N'DELIVERED', N'2022-10-15 07:50:34.000', N'2022-10-17 01:40:46.000', N'123 Goldenwest St, Westminster, CA 92683', N'654 Maple St, Santa Ana, CA 92701', N'USPS', N'USPS-0000000079');
INSERT INTO bbpet.dbo.Shipping (id, deliveryId, status, startTime, endTime, fromAddress, toAddress, provider, trackingCode) VALUES (74, 185, N'DELIVERED', N'2022-09-02 17:37:48.000', N'2022-09-03 22:50:11.000', N'123 Goldenwest St, Westminster, CA 92683', N'654 Maple St, Santa Ana, CA 92701', N'USPS', N'USPS-0000000080');
INSERT INTO bbpet.dbo.Shipping (id, deliveryId, status, startTime, endTime, fromAddress, toAddress, provider, trackingCode) VALUES (75, 188, N'PENDING', N'2023-11-23 02:41:32.000', N'2023-11-23 02:42:38.000', N'123 Goldenwest St, Westminster, CA 92683', N'654 Maple St, Santa Ana, CA 92701', N'USPS', N'USPS-0000000081');
INSERT INTO bbpet.dbo.Shipping (id, deliveryId, status, startTime, endTime, fromAddress, toAddress, provider, trackingCode) VALUES (76, 190, N'SHIPPED', N'2022-12-30 18:06:42.000', N'2023-01-01 02:41:10.000', N'123 Goldenwest St, Westminster, CA 92683', N'987 Birch St, Salem, OR 97301', N'USPS', N'USPS-0000000082');
INSERT INTO bbpet.dbo.Shipping (id, deliveryId, status, startTime, endTime, fromAddress, toAddress, provider, trackingCode) VALUES (77, 191, N'DELIVERED', N'2023-02-12 21:07:36.000', N'2023-02-15 16:56:59.000', N'123 Goldenwest St, Westminster, CA 92683', N'987 Birch St, Salem, OR 97301', N'USPS', N'USPS-0000000083');
INSERT INTO bbpet.dbo.Shipping (id, deliveryId, status, startTime, endTime, fromAddress, toAddress, provider, trackingCode) VALUES (78, 192, N'DELIVERED', N'2023-02-19 20:42:27.000', N'2023-02-22 10:42:28.000', N'123 Goldenwest St, Westminster, CA 92683', N'987 Birch St, Salem, OR 97301', N'USPS', N'USPS-0000000084');
INSERT INTO bbpet.dbo.Shipping (id, deliveryId, status, startTime, endTime, fromAddress, toAddress, provider, trackingCode) VALUES (79, 195, N'DELIVERED', N'2022-11-25 11:53:08.000', N'2022-11-25 23:18:14.000', N'123 Goldenwest St, Westminster, CA 92683', N'135 Cedar St, Mesa, AZ 85201', N'USPS', N'USPS-0000000085');
INSERT INTO bbpet.dbo.Shipping (id, deliveryId, status, startTime, endTime, fromAddress, toAddress, provider, trackingCode) VALUES (80, 197, N'DELIVERED', N'2022-04-28 23:21:28.000', N'2022-04-29 11:24:17.000', N'123 Goldenwest St, Westminster, CA 92683', N'246 Cherry St, Sparks, NV 89431', N'USPS', N'USPS-0000000087');
INSERT INTO bbpet.dbo.Shipping (id, deliveryId, status, startTime, endTime, fromAddress, toAddress, provider, trackingCode) VALUES (81, 200, N'CANCELED', N'2023-04-28 00:59:39.000', N'2023-04-29 17:31:03.000', N'123 Goldenwest St, Westminster, CA 92683', N'246 Cherry St, Sparks, NV 89431', N'USPS', N'USPS-0000000088');
INSERT INTO bbpet.dbo.Shipping (id, deliveryId, status, startTime, endTime, fromAddress, toAddress, provider, trackingCode) VALUES (82, 202, N'DELIVERED', N'2022-05-14 19:55:50.000', N'2022-05-17 08:48:45.000', N'123 Goldenwest St, Westminster, CA 92683', N'246 Cherry St, Sparks, NV 89431', N'USPS', N'USPS-0000000089');
INSERT INTO bbpet.dbo.Shipping (id, deliveryId, status, startTime, endTime, fromAddress, toAddress, provider, trackingCode) VALUES (83, 206, N'PENDING', N'2023-09-10 00:23:31.000', N'2023-09-12 23:31:49.000', N'123 Goldenwest St, Westminster, CA 92683', N'246 Cherry St, Sparks, NV 89431', N'USPS', N'USPS-0000000090');
INSERT INTO bbpet.dbo.Shipping (id, deliveryId, status, startTime, endTime, fromAddress, toAddress, provider, trackingCode) VALUES (84, 209, N'DELIVERED', N'2023-10-26 04:41:09.000', N'2023-10-27 02:59:04.000', N'123 Goldenwest St, Westminster, CA 92683', N'864 Walnut St, Long Beach, CA 90802', N'USPS', N'USPS-0000000092');
INSERT INTO bbpet.dbo.Shipping (id, deliveryId, status, startTime, endTime, fromAddress, toAddress, provider, trackingCode) VALUES (85, 213, N'DELIVERED', N'2023-04-17 02:07:54.000', N'2023-04-19 10:03:32.000', N'123 Goldenwest St, Westminster, CA 92683', N'864 Walnut St, Long Beach, CA 90802', N'USPS', N'USPS-0000000093');
INSERT INTO bbpet.dbo.Shipping (id, deliveryId, status, startTime, endTime, fromAddress, toAddress, provider, trackingCode) VALUES (86, 216, N'DELIVERED', N'2023-05-08 12:50:36.000', N'2023-05-08 20:34:59.000', N'123 Goldenwest St, Westminster, CA 92683', N'864 Walnut St, Long Beach, CA 90802', N'USPS', N'USPS-0000000094');
INSERT INTO bbpet.dbo.Shipping (id, deliveryId, status, startTime, endTime, fromAddress, toAddress, provider, trackingCode) VALUES (87, 220, N'DELIVERED', N'2023-07-31 01:28:41.000', N'2023-08-02 20:12:46.000', N'123 Goldenwest St, Westminster, CA 92683', N'864 Walnut St, Long Beach, CA 90802', N'USPS', N'USPS-0000000095');
INSERT INTO bbpet.dbo.Shipping (id, deliveryId, status, startTime, endTime, fromAddress, toAddress, provider, trackingCode) VALUES (88, 223, N'DELIVERED', N'2023-03-01 08:18:43.000', N'2023-03-03 05:10:14.000', N'123 Goldenwest St, Westminster, CA 92683', N'864 Walnut St, Long Beach, CA 90802', N'USPS', N'USPS-0000000096');
INSERT INTO bbpet.dbo.Shipping (id, deliveryId, status, startTime, endTime, fromAddress, toAddress, provider, trackingCode) VALUES (89, 226, N'DELIVERED', N'2023-12-30 16:33:22.000', N'2023-12-31 09:04:19.000', N'123 Goldenwest St, Westminster, CA 92683', N'864 Walnut St, Long Beach, CA 90802', N'USPS', N'USPS-0000000097');
INSERT INTO bbpet.dbo.Shipping (id, deliveryId, status, startTime, endTime, fromAddress, toAddress, provider, trackingCode) VALUES (90, 229, N'DELIVERED', N'2022-03-25 13:25:20.000', N'2022-03-27 17:20:49.000', N'123 Goldenwest St, Westminster, CA 92683', N'864 Walnut St, Long Beach, CA 90802', N'USPS', N'USPS-0000000098');
INSERT INTO bbpet.dbo.Shipping (id, deliveryId, status, startTime, endTime, fromAddress, toAddress, provider, trackingCode) VALUES (91, 230, N'DELIVERED', N'2022-01-07 04:57:50.000', N'2022-01-08 10:20:40.000', N'123 Goldenwest St, Westminster, CA 92683', N'579 Hickory St, Bend, OR 97701', N'USPS', N'USPS-0000000099');
INSERT INTO bbpet.dbo.Shipping (id, deliveryId, status, startTime, endTime, fromAddress, toAddress, provider, trackingCode) VALUES (92, 232, N'DELIVERED', N'2022-02-19 00:16:11.000', N'2022-02-20 03:50:01.000', N'123 Goldenwest St, Westminster, CA 92683', N'579 Hickory St, Bend, OR 97701', N'USPS', N'USPS-0000000100');
INSERT INTO bbpet.dbo.Shipping (id, deliveryId, status, startTime, endTime, fromAddress, toAddress, provider, trackingCode) VALUES (93, 234, N'DELIVERED', N'2022-04-29 06:17:38.000', N'2022-05-01 21:08:48.000', N'123 Goldenwest St, Westminster, CA 92683', N'579 Hickory St, Bend, OR 97701', N'USPS', N'USPS-0000000101');
INSERT INTO bbpet.dbo.Shipping (id, deliveryId, status, startTime, endTime, fromAddress, toAddress, provider, trackingCode) VALUES (94, 238, N'DELIVERED', N'2022-07-02 21:33:54.000', N'2022-07-05 08:40:31.000', N'123 Goldenwest St, Westminster, CA 92683', N'579 Hickory St, Bend, OR 97701', N'USPS', N'USPS-0000000102');
INSERT INTO bbpet.dbo.Shipping (id, deliveryId, status, startTime, endTime, fromAddress, toAddress, provider, trackingCode) VALUES (95, 240, N'DELIVERED', N'2023-08-30 10:34:22.000', N'2023-08-31 13:09:19.000', N'123 Goldenwest St, Westminster, CA 92683', N'579 Hickory St, Bend, OR 97701', N'USPS', N'USPS-0000000103');
SET IDENTITY_INSERT bbpet.dbo.Shipping OFF;



SET IDENTITY_INSERT bbpet.dbo.PetServicing ON;
INSERT INTO bbpet.dbo.PetServicing (id, deliveryId, name, status, startTime, endTime, employeeId) VALUES (1, 2, N'PetServicing for Dog Boarding', N'COMPLETED', N'2023-06-28 14:04:07.000', N'2023-06-30 11:15:50.000', 9);
INSERT INTO bbpet.dbo.PetServicing (id, deliveryId, name, status, startTime, endTime, employeeId) VALUES (2, 5, N'PetServicing for Cat Training', N'COMPLETED', N'2023-11-21 01:46:45.000', N'2023-11-23 23:44:22.000', 8);
INSERT INTO bbpet.dbo.PetServicing (id, deliveryId, name, status, startTime, endTime, employeeId) VALUES (3, 7, N'PetServicing for Pet Taxi', N'COMPLETED', N'2022-04-05 06:55:35.000', N'2022-04-07 02:26:45.000', 9);
INSERT INTO bbpet.dbo.PetServicing (id, deliveryId, name, status, startTime, endTime, employeeId) VALUES (4, 8, N'PetServicing for Cat Grooming', N'COMPLETED', N'2022-04-04 20:19:03.000', N'2022-04-07 20:15:12.000', 1);
INSERT INTO bbpet.dbo.PetServicing (id, deliveryId, name, status, startTime, endTime, employeeId) VALUES (5, 10, N'PetServicing for Dog Training', N'IN_PROGRESS', N'2023-05-12 04:27:36.000', N'2023-05-14 16:57:13.000', 8);
INSERT INTO bbpet.dbo.PetServicing (id, deliveryId, name, status, startTime, endTime, employeeId) VALUES (6, 11, N'PetServicing for Dog Walking', N'PENDING', N'2023-05-12 15:36:57.000', N'2023-05-12 20:04:54.000', 2);
INSERT INTO bbpet.dbo.PetServicing (id, deliveryId, name, status, startTime, endTime, employeeId) VALUES (7, 12, N'PetServicing for Veterinary Consultation', N'PENDING', N'2023-05-12 08:42:29.000', N'2023-05-12 10:25:11.000', 5);
INSERT INTO bbpet.dbo.PetServicing (id, deliveryId, name, status, startTime, endTime, employeeId) VALUES (8, 14, N'PetServicing for Cat Boarding', N'COMPLETED', N'2023-10-20 09:05:59.000', N'2023-10-20 23:37:44.000', 9);
INSERT INTO bbpet.dbo.PetServicing (id, deliveryId, name, status, startTime, endTime, employeeId) VALUES (9, 15, N'PetServicing for Cat Grooming', N'COMPLETED', N'2023-10-19 13:42:15.000', N'2023-10-20 16:19:29.000', 3);
INSERT INTO bbpet.dbo.PetServicing (id, deliveryId, name, status, startTime, endTime, employeeId) VALUES (10, 17, N'PetServicing for Pet Taxi', N'COMPLETED', N'2022-05-29 17:36:45.000', N'2022-05-31 04:54:28.000', 2);
INSERT INTO bbpet.dbo.PetServicing (id, deliveryId, name, status, startTime, endTime, employeeId) VALUES (11, 18, N'PetServicing for Dog Boarding', N'COMPLETED', N'2022-05-29 15:54:02.000', N'2022-05-30 12:39:59.000', 7);
INSERT INTO bbpet.dbo.PetServicing (id, deliveryId, name, status, startTime, endTime, employeeId) VALUES (12, 20, N'PetServicing for Cat Training', N'PENDING', N'2023-11-15 09:56:43.000', N'2023-11-18 00:46:24.000', 9);
INSERT INTO bbpet.dbo.PetServicing (id, deliveryId, name, status, startTime, endTime, employeeId) VALUES (13, 21, N'PetServicing for Dog Boarding', N'PENDING', N'2023-11-15 19:04:01.000', N'2023-11-17 01:28:13.000', 9);
INSERT INTO bbpet.dbo.PetServicing (id, deliveryId, name, status, startTime, endTime, employeeId) VALUES (14, 23, N'PetServicing for Dog Training', N'COMPLETED', N'2023-11-02 05:02:27.000', N'2023-11-02 17:13:48.000', 5);
INSERT INTO bbpet.dbo.PetServicing (id, deliveryId, name, status, startTime, endTime, employeeId) VALUES (15, 24, N'PetServicing for Pet Taxi', N'COMPLETED', N'2023-11-02 05:28:59.000', N'2023-11-04 04:55:12.000', 2);
INSERT INTO bbpet.dbo.PetServicing (id, deliveryId, name, status, startTime, endTime, employeeId) VALUES (16, 25, N'PetServicing for Pet Taxi', N'COMPLETED', N'2023-11-02 03:32:44.000', N'2023-11-04 00:49:59.000', 3);
INSERT INTO bbpet.dbo.PetServicing (id, deliveryId, name, status, startTime, endTime, employeeId) VALUES (17, 27, N'PetServicing for Pet Taxi', N'COMPLETED', N'2023-05-12 07:18:38.000', N'2023-05-13 19:54:18.000', 5);
INSERT INTO bbpet.dbo.PetServicing (id, deliveryId, name, status, startTime, endTime, employeeId) VALUES (18, 28, N'PetServicing for Pet Taxi', N'COMPLETED', N'2023-05-12 02:59:28.000', N'2023-05-14 04:38:44.000', 3);
INSERT INTO bbpet.dbo.PetServicing (id, deliveryId, name, status, startTime, endTime, employeeId) VALUES (19, 30, N'PetServicing for Pet Taxi', N'COMPLETED', N'2023-09-08 20:12:31.000', N'2023-09-10 11:28:23.000', 8);
INSERT INTO bbpet.dbo.PetServicing (id, deliveryId, name, status, startTime, endTime, employeeId) VALUES (20, 31, N'PetServicing for Cat Boarding', N'COMPLETED', N'2023-09-08 09:33:36.000', N'2023-09-10 04:16:53.000', 5);
INSERT INTO bbpet.dbo.PetServicing (id, deliveryId, name, status, startTime, endTime, employeeId) VALUES (21, 33, N'PetServicing for Dog Grooming', N'COMPLETED', N'2023-05-07 15:21:07.000', N'2023-05-09 05:13:45.000', 5);
INSERT INTO bbpet.dbo.PetServicing (id, deliveryId, name, status, startTime, endTime, employeeId) VALUES (22, 34, N'PetServicing for Cat Grooming', N'COMPLETED', N'2023-05-08 02:54:06.000', N'2023-05-10 21:23:10.000', 3);
INSERT INTO bbpet.dbo.PetServicing (id, deliveryId, name, status, startTime, endTime, employeeId) VALUES (23, 35, N'PetServicing for Dog Training', N'COMPLETED', N'2023-05-07 14:35:00.000', N'2023-05-09 16:20:44.000', 6);
INSERT INTO bbpet.dbo.PetServicing (id, deliveryId, name, status, startTime, endTime, employeeId) VALUES (24, 37, N'PetServicing for Pet Taxi', N'COMPLETED', N'2022-04-23 05:12:33.000', N'2022-04-24 10:51:54.000', 3);
INSERT INTO bbpet.dbo.PetServicing (id, deliveryId, name, status, startTime, endTime, employeeId) VALUES (25, 38, N'PetServicing for Dog Boarding', N'COMPLETED', N'2022-04-23 15:03:09.000', N'2022-04-26 01:08:51.000', 3);
INSERT INTO bbpet.dbo.PetServicing (id, deliveryId, name, status, startTime, endTime, employeeId) VALUES (26, 40, N'PetServicing for Dog Boarding', N'COMPLETED', N'2023-06-16 15:06:46.000', N'2023-06-18 06:26:58.000', 4);
INSERT INTO bbpet.dbo.PetServicing (id, deliveryId, name, status, startTime, endTime, employeeId) VALUES (27, 41, N'PetServicing for Dog Grooming', N'COMPLETED', N'2023-06-16 17:28:14.000', N'2023-06-19 10:44:27.000', 3);
INSERT INTO bbpet.dbo.PetServicing (id, deliveryId, name, status, startTime, endTime, employeeId) VALUES (28, 42, N'PetServicing for Cat Training', N'COMPLETED', N'2023-06-17 08:27:37.000', N'2023-06-17 20:55:05.000', 4);
INSERT INTO bbpet.dbo.PetServicing (id, deliveryId, name, status, startTime, endTime, employeeId) VALUES (29, 44, N'PetServicing for Cat Training', N'COMPLETED', N'2022-01-29 05:20:10.000', N'2022-01-30 15:07:18.000', 6);
INSERT INTO bbpet.dbo.PetServicing (id, deliveryId, name, status, startTime, endTime, employeeId) VALUES (30, 46, N'PetServicing for Pet Sitting', N'COMPLETED', N'2022-05-14 17:50:25.000', N'2022-05-15 09:30:46.000', 1);
INSERT INTO bbpet.dbo.PetServicing (id, deliveryId, name, status, startTime, endTime, employeeId) VALUES (31, 49, N'PetServicing for Pet Taxi', N'COMPLETED', N'2022-06-21 08:57:14.000', N'2022-06-23 19:38:38.000', 9);
INSERT INTO bbpet.dbo.PetServicing (id, deliveryId, name, status, startTime, endTime, employeeId) VALUES (32, 52, N'PetServicing for Cat Grooming', N'IN_PROGRESS', N'2022-02-08 00:14:17.000', N'2022-02-10 10:49:34.000', 6);
INSERT INTO bbpet.dbo.PetServicing (id, deliveryId, name, status, startTime, endTime, employeeId) VALUES (33, 54, N'PetServicing for Dog Training', N'CANCELED', N'2023-12-13 14:06:18.000', N'2023-12-16 10:59:44.000', 1);
INSERT INTO bbpet.dbo.PetServicing (id, deliveryId, name, status, startTime, endTime, employeeId) VALUES (34, 55, N'PetServicing for Cat Boarding', N'CANCELED', N'2023-12-13 09:33:43.000', N'2023-12-13 10:50:19.000', 6);
INSERT INTO bbpet.dbo.PetServicing (id, deliveryId, name, status, startTime, endTime, employeeId) VALUES (35, 56, N'PetServicing for Dog Boarding', N'CANCELED', N'2023-12-13 07:21:28.000', N'2023-12-14 13:23:14.000', 4);
INSERT INTO bbpet.dbo.PetServicing (id, deliveryId, name, status, startTime, endTime, employeeId) VALUES (36, 58, N'PetServicing for Dog Boarding', N'COMPLETED', N'2022-06-07 21:41:11.000', N'2022-06-10 04:58:16.000', 7);
INSERT INTO bbpet.dbo.PetServicing (id, deliveryId, name, status, startTime, endTime, employeeId) VALUES (37, 60, N'PetServicing for Dog Boarding', N'COMPLETED', N'2022-09-28 16:24:47.000', N'2022-09-29 20:57:40.000', 8);
INSERT INTO bbpet.dbo.PetServicing (id, deliveryId, name, status, startTime, endTime, employeeId) VALUES (38, 62, N'PetServicing for Cat Training', N'COMPLETED', N'2023-05-11 07:51:04.000', N'2023-05-12 21:22:14.000', 5);
INSERT INTO bbpet.dbo.PetServicing (id, deliveryId, name, status, startTime, endTime, employeeId) VALUES (39, 63, N'PetServicing for Dog Boarding', N'COMPLETED', N'2023-05-11 13:38:38.000', N'2023-05-13 03:09:58.000', 7);
INSERT INTO bbpet.dbo.PetServicing (id, deliveryId, name, status, startTime, endTime, employeeId) VALUES (40, 65, N'PetServicing for Dog Boarding', N'COMPLETED', N'2023-06-16 14:10:01.000', N'2023-06-19 11:44:52.000', 3);
INSERT INTO bbpet.dbo.PetServicing (id, deliveryId, name, status, startTime, endTime, employeeId) VALUES (41, 67, N'PetServicing for Cat Boarding', N'COMPLETED', N'2023-07-07 11:19:17.000', N'2023-07-08 13:17:32.000', 5);
INSERT INTO bbpet.dbo.PetServicing (id, deliveryId, name, status, startTime, endTime, employeeId) VALUES (42, 70, N'PetServicing for Dog Walking', N'COMPLETED', N'2023-01-18 08:27:47.000', N'2023-01-20 10:30:16.000', 3);
INSERT INTO bbpet.dbo.PetServicing (id, deliveryId, name, status, startTime, endTime, employeeId) VALUES (43, 71, N'PetServicing for Pet Taxi', N'COMPLETED', N'2023-01-18 02:30:20.000', N'2023-01-20 19:18:35.000', 4);
INSERT INTO bbpet.dbo.PetServicing (id, deliveryId, name, status, startTime, endTime, employeeId) VALUES (44, 73, N'PetServicing for Pet Sitting', N'COMPLETED', N'2023-03-20 20:06:02.000', N'2023-03-23 12:26:17.000', 2);
INSERT INTO bbpet.dbo.PetServicing (id, deliveryId, name, status, startTime, endTime, employeeId) VALUES (45, 76, N'PetServicing for Pet Sitting', N'COMPLETED', N'2022-07-13 22:59:06.000', N'2022-07-15 05:05:55.000', 7);
INSERT INTO bbpet.dbo.PetServicing (id, deliveryId, name, status, startTime, endTime, employeeId) VALUES (46, 77, N'PetServicing for Dog Grooming', N'COMPLETED', N'2022-07-14 05:14:33.000', N'2022-07-15 07:47:50.000', 9);
INSERT INTO bbpet.dbo.PetServicing (id, deliveryId, name, status, startTime, endTime, employeeId) VALUES (47, 80, N'PetServicing for Dog Boarding', N'COMPLETED', N'2023-08-04 13:47:20.000', N'2023-08-04 16:47:25.000', 2);
INSERT INTO bbpet.dbo.PetServicing (id, deliveryId, name, status, startTime, endTime, employeeId) VALUES (48, 81, N'PetServicing for Dog Walking', N'COMPLETED', N'2023-08-03 23:12:22.000', N'2023-08-05 03:07:07.000', 8);
INSERT INTO bbpet.dbo.PetServicing (id, deliveryId, name, status, startTime, endTime, employeeId) VALUES (49, 83, N'PetServicing for Pet Taxi', N'COMPLETED', N'2023-03-03 01:37:43.000', N'2023-03-04 03:45:45.000', 2);
INSERT INTO bbpet.dbo.PetServicing (id, deliveryId, name, status, startTime, endTime, employeeId) VALUES (50, 84, N'PetServicing for Dog Training', N'COMPLETED', N'2023-03-02 21:32:17.000', N'2023-03-04 17:08:50.000', 8);
INSERT INTO bbpet.dbo.PetServicing (id, deliveryId, name, status, startTime, endTime, employeeId) VALUES (51, 86, N'PetServicing for Dog Walking', N'IN_PROGRESS', N'2023-10-25 11:33:27.000', N'2023-10-26 19:08:08.000', 6);
INSERT INTO bbpet.dbo.PetServicing (id, deliveryId, name, status, startTime, endTime, employeeId) VALUES (52, 88, N'PetServicing for Dog Walking', N'CANCELED', N'2022-01-16 05:00:53.000', N'2022-01-16 09:01:48.000', 6);
INSERT INTO bbpet.dbo.PetServicing (id, deliveryId, name, status, startTime, endTime, employeeId) VALUES (53, 90, N'PetServicing for Dog Boarding', N'CANCELED', N'2023-05-03 03:12:21.000', N'2023-05-04 21:44:01.000', 9);
INSERT INTO bbpet.dbo.PetServicing (id, deliveryId, name, status, startTime, endTime, employeeId) VALUES (54, 92, N'PetServicing for Cat Training', N'COMPLETED', N'2022-08-27 04:30:52.000', N'2022-08-29 21:00:24.000', 3);
INSERT INTO bbpet.dbo.PetServicing (id, deliveryId, name, status, startTime, endTime, employeeId) VALUES (55, 93, N'PetServicing for Dog Training', N'COMPLETED', N'2022-08-27 03:24:56.000', N'2022-08-29 02:42:09.000', 2);
INSERT INTO bbpet.dbo.PetServicing (id, deliveryId, name, status, startTime, endTime, employeeId) VALUES (56, 95, N'PetServicing for Dog Grooming', N'CANCELED', N'2023-07-17 15:34:39.000', N'2023-07-17 18:05:33.000', 1);
INSERT INTO bbpet.dbo.PetServicing (id, deliveryId, name, status, startTime, endTime, employeeId) VALUES (57, 96, N'PetServicing for Dog Training', N'CANCELED', N'2023-07-17 21:45:51.000', N'2023-07-20 21:30:59.000', 9);
INSERT INTO bbpet.dbo.PetServicing (id, deliveryId, name, status, startTime, endTime, employeeId) VALUES (58, 98, N'PetServicing for Dog Walking', N'COMPLETED', N'2022-04-09 18:12:24.000', N'2022-04-10 11:42:47.000', 3);
INSERT INTO bbpet.dbo.PetServicing (id, deliveryId, name, status, startTime, endTime, employeeId) VALUES (59, 99, N'PetServicing for Pet Taxi', N'COMPLETED', N'2022-04-09 21:17:40.000', N'2022-04-12 21:09:10.000', 5);
INSERT INTO bbpet.dbo.PetServicing (id, deliveryId, name, status, startTime, endTime, employeeId) VALUES (60, 100, N'PetServicing for Cat Grooming', N'COMPLETED', N'2022-04-10 01:23:51.000', N'2022-04-12 20:28:25.000', 6);
INSERT INTO bbpet.dbo.PetServicing (id, deliveryId, name, status, startTime, endTime, employeeId) VALUES (61, 102, N'PetServicing for Pet Sitting', N'COMPLETED', N'2023-07-10 18:35:08.000', N'2023-07-12 18:39:38.000', 4);
INSERT INTO bbpet.dbo.PetServicing (id, deliveryId, name, status, startTime, endTime, employeeId) VALUES (62, 103, N'PetServicing for Cat Grooming', N'COMPLETED', N'2023-07-10 15:21:14.000', N'2023-07-13 13:02:08.000', 4);
INSERT INTO bbpet.dbo.PetServicing (id, deliveryId, name, status, startTime, endTime, employeeId) VALUES (63, 105, N'PetServicing for Cat Grooming', N'COMPLETED', N'2022-05-07 06:50:32.000', N'2022-05-08 23:37:37.000', 5);
INSERT INTO bbpet.dbo.PetServicing (id, deliveryId, name, status, startTime, endTime, employeeId) VALUES (64, 106, N'PetServicing for Dog Walking', N'COMPLETED', N'2022-05-08 02:41:18.000', N'2022-05-09 20:37:12.000', 5);
INSERT INTO bbpet.dbo.PetServicing (id, deliveryId, name, status, startTime, endTime, employeeId) VALUES (65, 108, N'PetServicing for Cat Grooming', N'COMPLETED', N'2022-09-21 03:38:10.000', N'2022-09-22 13:13:03.000', 3);
INSERT INTO bbpet.dbo.PetServicing (id, deliveryId, name, status, startTime, endTime, employeeId) VALUES (66, 109, N'PetServicing for Cat Boarding', N'COMPLETED', N'2022-09-20 16:31:31.000', N'2022-09-22 07:49:44.000', 9);
INSERT INTO bbpet.dbo.PetServicing (id, deliveryId, name, status, startTime, endTime, employeeId) VALUES (67, 111, N'PetServicing for Cat Grooming', N'CANCELED', N'2023-10-18 05:01:21.000', N'2023-10-19 16:39:54.000', 9);
INSERT INTO bbpet.dbo.PetServicing (id, deliveryId, name, status, startTime, endTime, employeeId) VALUES (68, 112, N'PetServicing for Dog Grooming', N'CANCELED', N'2023-10-17 16:42:31.000', N'2023-10-17 21:22:01.000', 7);
INSERT INTO bbpet.dbo.PetServicing (id, deliveryId, name, status, startTime, endTime, employeeId) VALUES (69, 114, N'PetServicing for Dog Walking', N'COMPLETED', N'2023-06-30 05:25:42.000', N'2023-06-30 20:48:25.000', 6);
INSERT INTO bbpet.dbo.PetServicing (id, deliveryId, name, status, startTime, endTime, employeeId) VALUES (70, 116, N'PetServicing for Dog Training', N'CANCELED', N'2023-02-11 07:18:14.000', N'2023-02-12 21:18:49.000', 4);
INSERT INTO bbpet.dbo.PetServicing (id, deliveryId, name, status, startTime, endTime, employeeId) VALUES (71, 117, N'PetServicing for Cat Training', N'CANCELED', N'2023-02-11 22:48:16.000', N'2023-02-12 03:45:13.000', 3);
INSERT INTO bbpet.dbo.PetServicing (id, deliveryId, name, status, startTime, endTime, employeeId) VALUES (72, 118, N'PetServicing for Dog Grooming', N'CANCELED', N'2023-02-11 23:37:33.000', N'2023-02-14 17:54:32.000', 1);
INSERT INTO bbpet.dbo.PetServicing (id, deliveryId, name, status, startTime, endTime, employeeId) VALUES (73, 120, N'PetServicing for Pet Sitting', N'COMPLETED', N'2022-09-08 06:47:13.000', N'2022-09-08 13:35:17.000', 1);
INSERT INTO bbpet.dbo.PetServicing (id, deliveryId, name, status, startTime, endTime, employeeId) VALUES (74, 121, N'PetServicing for Dog Training', N'COMPLETED', N'2022-09-08 13:04:17.000', N'2022-09-08 15:20:44.000', 2);
INSERT INTO bbpet.dbo.PetServicing (id, deliveryId, name, status, startTime, endTime, employeeId) VALUES (75, 123, N'PetServicing for Dog Grooming', N'COMPLETED', N'2023-08-19 05:23:48.000', N'2023-08-22 00:14:19.000', 8);
INSERT INTO bbpet.dbo.PetServicing (id, deliveryId, name, status, startTime, endTime, employeeId) VALUES (76, 125, N'PetServicing for Cat Grooming', N'PENDING', N'2022-02-24 10:32:28.000', N'2022-02-26 03:51:01.000', 7);
INSERT INTO bbpet.dbo.PetServicing (id, deliveryId, name, status, startTime, endTime, employeeId) VALUES (77, 127, N'PetServicing for Dog Grooming', N'CANCELED', N'2023-04-23 04:40:09.000', N'2023-04-25 20:04:02.000', 3);
INSERT INTO bbpet.dbo.PetServicing (id, deliveryId, name, status, startTime, endTime, employeeId) VALUES (78, 128, N'PetServicing for Cat Grooming', N'CANCELED', N'2023-04-23 12:41:57.000', N'2023-04-26 11:15:30.000', 3);
INSERT INTO bbpet.dbo.PetServicing (id, deliveryId, name, status, startTime, endTime, employeeId) VALUES (79, 129, N'PetServicing for Dog Boarding', N'CANCELED', N'2023-04-22 22:10:02.000', N'2023-04-25 08:59:43.000', 7);
INSERT INTO bbpet.dbo.PetServicing (id, deliveryId, name, status, startTime, endTime, employeeId) VALUES (80, 131, N'PetServicing for Dog Grooming', N'COMPLETED', N'2023-09-03 04:53:47.000', N'2023-09-05 04:38:48.000', 2);
INSERT INTO bbpet.dbo.PetServicing (id, deliveryId, name, status, startTime, endTime, employeeId) VALUES (81, 132, N'PetServicing for Cat Boarding', N'COMPLETED', N'2023-09-02 18:22:16.000', N'2023-09-03 19:47:10.000', 7);
INSERT INTO bbpet.dbo.PetServicing (id, deliveryId, name, status, startTime, endTime, employeeId) VALUES (82, 134, N'PetServicing for Cat Training', N'COMPLETED', N'2023-06-15 23:17:58.000', N'2023-06-17 22:52:47.000', 6);
INSERT INTO bbpet.dbo.PetServicing (id, deliveryId, name, status, startTime, endTime, employeeId) VALUES (83, 136, N'PetServicing for Dog Walking', N'COMPLETED', N'2022-02-14 21:39:12.000', N'2022-02-16 04:46:37.000', 9);
INSERT INTO bbpet.dbo.PetServicing (id, deliveryId, name, status, startTime, endTime, employeeId) VALUES (84, 137, N'PetServicing for Cat Grooming', N'COMPLETED', N'2022-02-15 07:30:31.000', N'2022-02-18 02:52:00.000', 8);
INSERT INTO bbpet.dbo.PetServicing (id, deliveryId, name, status, startTime, endTime, employeeId) VALUES (85, 139, N'PetServicing for Dog Grooming', N'CANCELED', N'2022-05-10 00:56:59.000', N'2022-05-12 07:42:35.000', 5);
INSERT INTO bbpet.dbo.PetServicing (id, deliveryId, name, status, startTime, endTime, employeeId) VALUES (86, 140, N'PetServicing for Dog Training', N'CANCELED', N'2022-05-09 16:46:58.000', N'2022-05-10 14:42:14.000', 8);
INSERT INTO bbpet.dbo.PetServicing (id, deliveryId, name, status, startTime, endTime, employeeId) VALUES (87, 142, N'PetServicing for Cat Boarding', N'COMPLETED', N'2023-12-10 03:04:24.000', N'2023-12-11 09:58:20.000', 3);
INSERT INTO bbpet.dbo.PetServicing (id, deliveryId, name, status, startTime, endTime, employeeId) VALUES (88, 143, N'PetServicing for Pet Sitting', N'COMPLETED', N'2023-12-10 05:18:59.000', N'2023-12-12 09:12:03.000', 8);
INSERT INTO bbpet.dbo.PetServicing (id, deliveryId, name, status, startTime, endTime, employeeId) VALUES (89, 145, N'PetServicing for Cat Training', N'IN_PROGRESS', N'2023-10-13 17:37:20.000', N'2023-10-16 08:16:38.000', 3);
INSERT INTO bbpet.dbo.PetServicing (id, deliveryId, name, status, startTime, endTime, employeeId) VALUES (90, 146, N'PetServicing for Cat Training', N'IN_PROGRESS', N'2023-10-13 14:54:44.000', N'2023-10-15 02:45:58.000', 5);
INSERT INTO bbpet.dbo.PetServicing (id, deliveryId, name, status, startTime, endTime, employeeId) VALUES (91, 150, N'PetServicing for Dog Walking', N'COMPLETED', N'2022-07-07 00:36:46.000', N'2022-07-08 19:49:37.000', 6);
INSERT INTO bbpet.dbo.PetServicing (id, deliveryId, name, status, startTime, endTime, employeeId) VALUES (92, 152, N'PetServicing for Dog Boarding', N'CANCELED', N'2023-01-31 20:39:25.000', N'2023-02-01 06:17:49.000', 3);
INSERT INTO bbpet.dbo.PetServicing (id, deliveryId, name, status, startTime, endTime, employeeId) VALUES (93, 154, N'PetServicing for Dog Boarding', N'COMPLETED', N'2023-11-19 20:50:29.000', N'2023-11-22 07:41:42.000', 7);
INSERT INTO bbpet.dbo.PetServicing (id, deliveryId, name, status, startTime, endTime, employeeId) VALUES (94, 156, N'PetServicing for Cat Training', N'COMPLETED', N'2022-03-21 08:40:23.000', N'2022-03-21 18:06:20.000', 1);
INSERT INTO bbpet.dbo.PetServicing (id, deliveryId, name, status, startTime, endTime, employeeId) VALUES (95, 157, N'PetServicing for Dog Walking', N'COMPLETED', N'2022-03-21 09:12:11.000', N'2022-03-22 17:50:16.000', 2);
INSERT INTO bbpet.dbo.PetServicing (id, deliveryId, name, status, startTime, endTime, employeeId) VALUES (96, 158, N'PetServicing for Cat Boarding', N'COMPLETED', N'2022-03-21 07:26:41.000', N'2022-03-23 19:44:40.000', 6);
INSERT INTO bbpet.dbo.PetServicing (id, deliveryId, name, status, startTime, endTime, employeeId) VALUES (97, 160, N'PetServicing for Pet Sitting', N'COMPLETED', N'2023-07-09 06:54:30.000', N'2023-07-11 10:19:26.000', 10);
INSERT INTO bbpet.dbo.PetServicing (id, deliveryId, name, status, startTime, endTime, employeeId) VALUES (98, 163, N'PetServicing for Dog Grooming', N'IN_PROGRESS', N'2022-08-11 05:03:42.000', N'2022-08-11 17:48:55.000', 5);
INSERT INTO bbpet.dbo.PetServicing (id, deliveryId, name, status, startTime, endTime, employeeId) VALUES (99, 164, N'PetServicing for Veterinary Consultation', N'PENDING', N'2022-08-11 03:53:29.000', N'2022-08-12 15:18:59.000', 5);
INSERT INTO bbpet.dbo.PetServicing (id, deliveryId, name, status, startTime, endTime, employeeId) VALUES (100, 166, N'PetServicing for Cat Training', N'COMPLETED', N'2022-11-03 10:50:28.000', N'2022-11-03 18:23:41.000', 4);
INSERT INTO bbpet.dbo.PetServicing (id, deliveryId, name, status, startTime, endTime, employeeId) VALUES (101, 167, N'PetServicing for Pet Taxi', N'COMPLETED', N'2022-11-03 23:10:00.000', N'2022-11-05 02:52:40.000', 5);
INSERT INTO bbpet.dbo.PetServicing (id, deliveryId, name, status, startTime, endTime, employeeId) VALUES (102, 170, N'PetServicing for Pet Sitting', N'COMPLETED', N'2022-07-21 05:23:01.000', N'2022-07-23 06:45:35.000', 8);
INSERT INTO bbpet.dbo.PetServicing (id, deliveryId, name, status, startTime, endTime, employeeId) VALUES (103, 171, N'PetServicing for Dog Boarding', N'COMPLETED', N'2022-07-21 12:29:16.000', N'2022-07-23 06:59:45.000', 2);
INSERT INTO bbpet.dbo.PetServicing (id, deliveryId, name, status, startTime, endTime, employeeId) VALUES (104, 173, N'PetServicing for Dog Training', N'CANCELED', N'2023-11-10 04:44:37.000', N'2023-11-11 00:43:37.000', 5);
INSERT INTO bbpet.dbo.PetServicing (id, deliveryId, name, status, startTime, endTime, employeeId) VALUES (105, 175, N'PetServicing for Veterinary Consultation', N'COMPLETED', N'2023-01-01 22:40:50.000', N'2023-01-02 19:59:55.000', 7);
INSERT INTO bbpet.dbo.PetServicing (id, deliveryId, name, status, startTime, endTime, employeeId) VALUES (106, 176, N'PetServicing for Veterinary Consultation', N'COMPLETED', N'2023-01-01 08:50:24.000', N'2023-01-03 07:57:16.000', 9);
INSERT INTO bbpet.dbo.PetServicing (id, deliveryId, name, status, startTime, endTime, employeeId) VALUES (107, 178, N'PetServicing for Dog Walking', N'IN_PROGRESS', N'2023-10-31 21:11:20.000', N'2023-11-03 07:59:17.000', 5);
INSERT INTO bbpet.dbo.PetServicing (id, deliveryId, name, status, startTime, endTime, employeeId) VALUES (108, 180, N'PetServicing for Dog Grooming', N'CANCELED', N'2022-12-10 08:28:24.000', N'2022-12-12 05:17:20.000', 3);
INSERT INTO bbpet.dbo.PetServicing (id, deliveryId, name, status, startTime, endTime, employeeId) VALUES (109, 181, N'PetServicing for Cat Boarding', N'CANCELED', N'2022-12-10 04:26:58.000', N'2022-12-10 23:39:32.000', 5);
INSERT INTO bbpet.dbo.PetServicing (id, deliveryId, name, status, startTime, endTime, employeeId) VALUES (110, 183, N'PetServicing for Cat Grooming', N'COMPLETED', N'2022-10-15 15:24:26.000', N'2022-10-17 06:05:28.000', 5);
INSERT INTO bbpet.dbo.PetServicing (id, deliveryId, name, status, startTime, endTime, employeeId) VALUES (111, 184, N'PetServicing for Pet Taxi', N'COMPLETED', N'2022-10-15 08:37:55.000', N'2022-10-17 15:49:30.000', 4);
INSERT INTO bbpet.dbo.PetServicing (id, deliveryId, name, status, startTime, endTime, employeeId) VALUES (112, 186, N'PetServicing for Cat Grooming', N'COMPLETED', N'2022-09-02 14:40:53.000', N'2022-09-05 00:02:49.000', 2);
INSERT INTO bbpet.dbo.PetServicing (id, deliveryId, name, status, startTime, endTime, employeeId) VALUES (113, 187, N'PetServicing for Cat Boarding', N'COMPLETED', N'2022-09-02 20:36:48.000', N'2022-09-03 18:18:35.000', 1);
INSERT INTO bbpet.dbo.PetServicing (id, deliveryId, name, status, startTime, endTime, employeeId) VALUES (114, 189, N'PetServicing for Cat Boarding', N'PENDING', N'2023-11-22 16:55:51.000', N'2023-11-24 10:49:17.000', 3);
INSERT INTO bbpet.dbo.PetServicing (id, deliveryId, name, status, startTime, endTime, employeeId) VALUES (115, 193, N'PetServicing for Dog Training', N'COMPLETED', N'2023-02-19 12:40:44.000', N'2023-02-20 10:01:34.000', 3);
INSERT INTO bbpet.dbo.PetServicing (id, deliveryId, name, status, startTime, endTime, employeeId) VALUES (116, 194, N'PetServicing for Pet Taxi', N'COMPLETED', N'2023-02-19 20:36:04.000', N'2023-02-22 10:02:07.000', 6);
INSERT INTO bbpet.dbo.PetServicing (id, deliveryId, name, status, startTime, endTime, employeeId) VALUES (117, 196, N'PetServicing for Dog Training', N'COMPLETED', N'2022-11-26 00:22:22.000', N'2022-11-28 00:26:07.000', 8);
INSERT INTO bbpet.dbo.PetServicing (id, deliveryId, name, status, startTime, endTime, employeeId) VALUES (118, 198, N'PetServicing for Dog Boarding', N'COMPLETED', N'2022-04-28 23:53:53.000', N'2022-04-30 18:37:39.000', 8);
INSERT INTO bbpet.dbo.PetServicing (id, deliveryId, name, status, startTime, endTime, employeeId) VALUES (119, 199, N'PetServicing for Cat Grooming', N'COMPLETED', N'2022-04-28 14:03:27.000', N'2022-04-30 05:15:00.000', 5);
INSERT INTO bbpet.dbo.PetServicing (id, deliveryId, name, status, startTime, endTime, employeeId) VALUES (120, 201, N'PetServicing for Cat Training', N'CANCELED', N'2023-04-27 23:06:16.000', N'2023-04-29 03:44:49.000', 10);
INSERT INTO bbpet.dbo.PetServicing (id, deliveryId, name, status, startTime, endTime, employeeId) VALUES (121, 203, N'PetServicing for Dog Walking', N'COMPLETED', N'2022-05-14 08:01:09.000', N'2022-05-14 08:07:32.000', 6);
INSERT INTO bbpet.dbo.PetServicing (id, deliveryId, name, status, startTime, endTime, employeeId) VALUES (122, 204, N'PetServicing for Dog Boarding', N'COMPLETED', N'2022-05-14 10:41:07.000', N'2022-05-16 02:22:25.000', 5);
INSERT INTO bbpet.dbo.PetServicing (id, deliveryId, name, status, startTime, endTime, employeeId) VALUES (123, 205, N'PetServicing for Dog Training', N'COMPLETED', N'2022-05-14 05:09:12.000', N'2022-05-15 02:20:49.000', 9);
INSERT INTO bbpet.dbo.PetServicing (id, deliveryId, name, status, startTime, endTime, employeeId) VALUES (124, 207, N'PetServicing for Dog Boarding', N'PENDING', N'2023-09-09 19:35:24.000', N'2023-09-09 23:04:06.000', 9);
INSERT INTO bbpet.dbo.PetServicing (id, deliveryId, name, status, startTime, endTime, employeeId) VALUES (125, 208, N'PetServicing for Cat Boarding', N'PENDING', N'2023-09-09 11:54:06.000', N'2023-09-11 20:25:02.000', 7);
INSERT INTO bbpet.dbo.PetServicing (id, deliveryId, name, status, startTime, endTime, employeeId) VALUES (126, 210, N'PetServicing for Dog Walking', N'COMPLETED', N'2023-10-26 16:22:42.000', N'2023-10-28 22:05:26.000', 9);
INSERT INTO bbpet.dbo.PetServicing (id, deliveryId, name, status, startTime, endTime, employeeId) VALUES (127, 211, N'PetServicing for Pet Taxi', N'COMPLETED', N'2023-10-26 04:09:53.000', N'2023-10-27 17:21:25.000', 9);
INSERT INTO bbpet.dbo.PetServicing (id, deliveryId, name, status, startTime, endTime, employeeId) VALUES (128, 212, N'PetServicing for Pet Taxi', N'COMPLETED', N'2023-10-26 04:19:16.000', N'2023-10-27 01:14:07.000', 9);
INSERT INTO bbpet.dbo.PetServicing (id, deliveryId, name, status, startTime, endTime, employeeId) VALUES (129, 214, N'PetServicing for Veterinary Consultation', N'COMPLETED', N'2023-04-16 20:35:43.000', N'2023-04-19 04:02:45.000', 4);
INSERT INTO bbpet.dbo.PetServicing (id, deliveryId, name, status, startTime, endTime, employeeId) VALUES (130, 215, N'PetServicing for Pet Taxi', N'COMPLETED', N'2023-04-17 04:37:59.000', N'2023-04-20 02:37:33.000', 5);
INSERT INTO bbpet.dbo.PetServicing (id, deliveryId, name, status, startTime, endTime, employeeId) VALUES (131, 217, N'PetServicing for Cat Boarding', N'COMPLETED', N'2023-05-08 15:17:15.000', N'2023-05-10 04:31:54.000', 5);
INSERT INTO bbpet.dbo.PetServicing (id, deliveryId, name, status, startTime, endTime, employeeId) VALUES (132, 218, N'PetServicing for Dog Boarding', N'COMPLETED', N'2023-05-08 00:29:50.000', N'2023-05-09 08:28:54.000', 6);
INSERT INTO bbpet.dbo.PetServicing (id, deliveryId, name, status, startTime, endTime, employeeId) VALUES (133, 219, N'PetServicing for Cat Grooming', N'COMPLETED', N'2023-05-07 22:26:52.000', N'2023-05-09 05:42:48.000', 6);
INSERT INTO bbpet.dbo.PetServicing (id, deliveryId, name, status, startTime, endTime, employeeId) VALUES (134, 221, N'PetServicing for Pet Sitting', N'COMPLETED', N'2023-07-30 20:20:10.000', N'2023-07-31 06:19:14.000', 8);
INSERT INTO bbpet.dbo.PetServicing (id, deliveryId, name, status, startTime, endTime, employeeId) VALUES (135, 222, N'PetServicing for Cat Boarding', N'COMPLETED', N'2023-07-31 10:15:38.000', N'2023-08-02 02:18:41.000', 6);
INSERT INTO bbpet.dbo.PetServicing (id, deliveryId, name, status, startTime, endTime, employeeId) VALUES (136, 224, N'PetServicing for Cat Boarding', N'COMPLETED', N'2023-02-28 23:50:54.000', N'2023-03-01 02:46:38.000', 3);
INSERT INTO bbpet.dbo.PetServicing (id, deliveryId, name, status, startTime, endTime, employeeId) VALUES (137, 225, N'PetServicing for Veterinary Consultation', N'COMPLETED', N'2023-03-01 00:50:12.000', N'2023-03-01 11:28:43.000', 1);
INSERT INTO bbpet.dbo.PetServicing (id, deliveryId, name, status, startTime, endTime, employeeId) VALUES (138, 227, N'PetServicing for Dog Boarding', N'COMPLETED', N'2023-12-31 10:35:41.000', N'2024-01-03 07:50:56.000', 9);
INSERT INTO bbpet.dbo.PetServicing (id, deliveryId, name, status, startTime, endTime, employeeId) VALUES (139, 228, N'PetServicing for Cat Boarding', N'COMPLETED', N'2023-12-31 13:54:06.000', N'2023-12-31 18:45:11.000', 7);
INSERT INTO bbpet.dbo.PetServicing (id, deliveryId, name, status, startTime, endTime, employeeId) VALUES (140, 231, N'PetServicing for Pet Sitting', N'COMPLETED', N'2022-01-07 07:22:36.000', N'2022-01-07 14:29:02.000', 3);
INSERT INTO bbpet.dbo.PetServicing (id, deliveryId, name, status, startTime, endTime, employeeId) VALUES (141, 233, N'PetServicing for Cat Boarding', N'COMPLETED', N'2022-02-19 14:32:35.000', N'2022-02-21 12:33:22.000', 7);
INSERT INTO bbpet.dbo.PetServicing (id, deliveryId, name, status, startTime, endTime, employeeId) VALUES (142, 235, N'PetServicing for Cat Training', N'COMPLETED', N'2022-04-29 06:50:33.000', N'2022-04-30 05:17:39.000', 8);
INSERT INTO bbpet.dbo.PetServicing (id, deliveryId, name, status, startTime, endTime, employeeId) VALUES (143, 236, N'PetServicing for Dog Boarding', N'COMPLETED', N'2022-04-28 19:35:38.000', N'2022-04-29 09:27:11.000', 10);
INSERT INTO bbpet.dbo.PetServicing (id, deliveryId, name, status, startTime, endTime, employeeId) VALUES (144, 237, N'PetServicing for Dog Grooming', N'COMPLETED', N'2022-04-28 21:27:42.000', N'2022-05-01 10:24:19.000', 9);
INSERT INTO bbpet.dbo.PetServicing (id, deliveryId, name, status, startTime, endTime, employeeId) VALUES (145, 239, N'PetServicing for Veterinary Consultation', N'COMPLETED', N'2022-07-02 08:51:50.000', N'2022-07-02 17:16:09.000', 9);
INSERT INTO bbpet.dbo.PetServicing (id, deliveryId, name, status, startTime, endTime, employeeId) VALUES (146, 241, N'PetServicing for Pet Taxi', N'COMPLETED', N'2023-08-30 12:07:42.000', N'2023-08-31 16:15:25.000', 9);
INSERT INTO bbpet.dbo.PetServicing (id, deliveryId, name, status, startTime, endTime, employeeId) VALUES (147, 242, N'PetServicing for Dog Training', N'COMPLETED', N'2023-08-30 13:16:36.000', N'2023-09-01 23:22:39.000', 9);
SET IDENTITY_INSERT bbpet.dbo.PetServicing OFF;




SET IDENTITY_INSERT bbpet.dbo.OrderItem ON;
INSERT INTO bbpet.dbo.OrderItem (id, orderId, shopItemId, type, priceEach, quantity, discount, sourcingId, deliveryId) VALUES (1, 1, 21, N'PRODUCT', 15.00, 9, 0.03, 1, 1);
INSERT INTO bbpet.dbo.OrderItem (id, orderId, shopItemId, type, priceEach, quantity, discount, sourcingId, deliveryId) VALUES (2, 1, 5, N'SERVICE', 30.00, 5, 0.15, 2, 2);
INSERT INTO bbpet.dbo.OrderItem (id, orderId, shopItemId, type, priceEach, quantity, discount, sourcingId, deliveryId) VALUES (3, 2, 12, N'PRODUCT', 15.00, 3, 0.12, 3, 3);
INSERT INTO bbpet.dbo.OrderItem (id, orderId, shopItemId, type, priceEach, quantity, discount, sourcingId, deliveryId) VALUES (4, 2, 20, N'PRODUCT', 25.00, 8, 0.07, 4, 3);
INSERT INTO bbpet.dbo.OrderItem (id, orderId, shopItemId, type, priceEach, quantity, discount, sourcingId, deliveryId) VALUES (5, 2, 16, N'PRODUCT', 8.00, 7, 0.15, 5, 3);
INSERT INTO bbpet.dbo.OrderItem (id, orderId, shopItemId, type, priceEach, quantity, discount, sourcingId, deliveryId) VALUES (6, 2, 14, N'PRODUCT', 5.00, 4, 0.05, 6, 3);
INSERT INTO bbpet.dbo.OrderItem (id, orderId, shopItemId, type, priceEach, quantity, discount, sourcingId, deliveryId) VALUES (7, 3, 22, N'PRODUCT', 10.00, 10, 0.13, 7, 4);
INSERT INTO bbpet.dbo.OrderItem (id, orderId, shopItemId, type, priceEach, quantity, discount, sourcingId, deliveryId) VALUES (8, 3, 28, N'PRODUCT', 3.00, 8, 0.16, 8, 4);
INSERT INTO bbpet.dbo.OrderItem (id, orderId, shopItemId, type, priceEach, quantity, discount, sourcingId, deliveryId) VALUES (9, 3, 14, N'PRODUCT', 5.00, 4, 0.05, 9, 4);
INSERT INTO bbpet.dbo.OrderItem (id, orderId, shopItemId, type, priceEach, quantity, discount, sourcingId, deliveryId) VALUES (10, 3, 4, N'SERVICE', 40.00, 2, 0.00, 10, 5);
INSERT INTO bbpet.dbo.OrderItem (id, orderId, shopItemId, type, priceEach, quantity, discount, sourcingId, deliveryId) VALUES (11, 4, 29, N'PRODUCT', 12.00, 5, 0.13, 11, 6);
INSERT INTO bbpet.dbo.OrderItem (id, orderId, shopItemId, type, priceEach, quantity, discount, sourcingId, deliveryId) VALUES (12, 4, 15, N'PRODUCT', 10.00, 10, 0.09, 12, 6);
INSERT INTO bbpet.dbo.OrderItem (id, orderId, shopItemId, type, priceEach, quantity, discount, sourcingId, deliveryId) VALUES (13, 4, 19, N'PRODUCT', 30.00, 10, 0.01, 13, 6);
INSERT INTO bbpet.dbo.OrderItem (id, orderId, shopItemId, type, priceEach, quantity, discount, sourcingId, deliveryId) VALUES (14, 4, 9, N'SERVICE', 25.00, 3, 0.17, 14, 7);
INSERT INTO bbpet.dbo.OrderItem (id, orderId, shopItemId, type, priceEach, quantity, discount, sourcingId, deliveryId) VALUES (15, 4, 2, N'SERVICE', 25.00, 2, 0.14, 15, 8);
INSERT INTO bbpet.dbo.OrderItem (id, orderId, shopItemId, type, priceEach, quantity, discount, sourcingId, deliveryId) VALUES (16, 5, 29, N'PRODUCT', 12.00, 5, 0.18, 13, 9);
INSERT INTO bbpet.dbo.OrderItem (id, orderId, shopItemId, type, priceEach, quantity, discount, sourcingId, deliveryId) VALUES (17, 5, 26, N'PRODUCT', 8.00, 6, 0.09, 13, 9);
INSERT INTO bbpet.dbo.OrderItem (id, orderId, shopItemId, type, priceEach, quantity, discount, sourcingId, deliveryId) VALUES (18, 5, 14, N'PRODUCT', 5.00, 9, 0.05, 13, 9);
INSERT INTO bbpet.dbo.OrderItem (id, orderId, shopItemId, type, priceEach, quantity, discount, sourcingId, deliveryId) VALUES (19, 5, 3, N'SERVICE', 50.00, 1, 0.11, 16, 10);
INSERT INTO bbpet.dbo.OrderItem (id, orderId, shopItemId, type, priceEach, quantity, discount, sourcingId, deliveryId) VALUES (20, 5, 7, N'SERVICE', 15.00, 4, 0.06, 17, 11);
INSERT INTO bbpet.dbo.OrderItem (id, orderId, shopItemId, type, priceEach, quantity, discount, sourcingId, deliveryId) VALUES (21, 5, 10, N'SERVICE', 50.00, 4, 0.09, 18, 12);
INSERT INTO bbpet.dbo.OrderItem (id, orderId, shopItemId, type, priceEach, quantity, discount, sourcingId, deliveryId) VALUES (22, 6, 25, N'PRODUCT', 10.00, 6, 0.06, 19, 13);
INSERT INTO bbpet.dbo.OrderItem (id, orderId, shopItemId, type, priceEach, quantity, discount, sourcingId, deliveryId) VALUES (23, 6, 27, N'PRODUCT', 5.00, 3, 0.06, 20, 13);
INSERT INTO bbpet.dbo.OrderItem (id, orderId, shopItemId, type, priceEach, quantity, discount, sourcingId, deliveryId) VALUES (24, 6, 6, N'SERVICE', 25.00, 5, 0.15, 21, 14);
INSERT INTO bbpet.dbo.OrderItem (id, orderId, shopItemId, type, priceEach, quantity, discount, sourcingId, deliveryId) VALUES (25, 6, 2, N'SERVICE', 25.00, 2, 0.12, 22, 15);
INSERT INTO bbpet.dbo.OrderItem (id, orderId, shopItemId, type, priceEach, quantity, discount, sourcingId, deliveryId) VALUES (26, 7, 29, N'PRODUCT', 12.00, 6, 0.08, 23, 16);
INSERT INTO bbpet.dbo.OrderItem (id, orderId, shopItemId, type, priceEach, quantity, discount, sourcingId, deliveryId) VALUES (27, 7, 24, N'PRODUCT', 20.00, 6, 0.07, 24, 16);
INSERT INTO bbpet.dbo.OrderItem (id, orderId, shopItemId, type, priceEach, quantity, discount, sourcingId, deliveryId) VALUES (28, 7, 18, N'PRODUCT', 100.00, 4, 0.10, 25, 16);
INSERT INTO bbpet.dbo.OrderItem (id, orderId, shopItemId, type, priceEach, quantity, discount, sourcingId, deliveryId) VALUES (29, 7, 9, N'SERVICE', 25.00, 3, 0.03, 26, 17);
INSERT INTO bbpet.dbo.OrderItem (id, orderId, shopItemId, type, priceEach, quantity, discount, sourcingId, deliveryId) VALUES (30, 7, 5, N'SERVICE', 30.00, 2, 0.18, 27, 18);
INSERT INTO bbpet.dbo.OrderItem (id, orderId, shopItemId, type, priceEach, quantity, discount, sourcingId, deliveryId) VALUES (31, 8, 19, N'PRODUCT', 30.00, 10, 0.08, 25, 19);
INSERT INTO bbpet.dbo.OrderItem (id, orderId, shopItemId, type, priceEach, quantity, discount, sourcingId, deliveryId) VALUES (32, 8, 30, N'PRODUCT', 10.00, 6, 0.01, 25, 19);
INSERT INTO bbpet.dbo.OrderItem (id, orderId, shopItemId, type, priceEach, quantity, discount, sourcingId, deliveryId) VALUES (33, 8, 24, N'PRODUCT', 20.00, 9, 0.14, 25, 19);
INSERT INTO bbpet.dbo.OrderItem (id, orderId, shopItemId, type, priceEach, quantity, discount, sourcingId, deliveryId) VALUES (34, 8, 20, N'PRODUCT', 25.00, 7, 0.18, 25, 19);
INSERT INTO bbpet.dbo.OrderItem (id, orderId, shopItemId, type, priceEach, quantity, discount, sourcingId, deliveryId) VALUES (35, 8, 4, N'SERVICE', 40.00, 4, 0.16, 28, 20);
INSERT INTO bbpet.dbo.OrderItem (id, orderId, shopItemId, type, priceEach, quantity, discount, sourcingId, deliveryId) VALUES (36, 8, 5, N'SERVICE', 30.00, 3, 0.00, 29, 21);
INSERT INTO bbpet.dbo.OrderItem (id, orderId, shopItemId, type, priceEach, quantity, discount, sourcingId, deliveryId) VALUES (37, 9, 24, N'PRODUCT', 20.00, 4, 0.15, 30, 22);
INSERT INTO bbpet.dbo.OrderItem (id, orderId, shopItemId, type, priceEach, quantity, discount, sourcingId, deliveryId) VALUES (38, 9, 16, N'PRODUCT', 8.00, 3, 0.15, 31, 22);
INSERT INTO bbpet.dbo.OrderItem (id, orderId, shopItemId, type, priceEach, quantity, discount, sourcingId, deliveryId) VALUES (39, 9, 17, N'PRODUCT', 50.00, 3, 0.09, 32, 22);
INSERT INTO bbpet.dbo.OrderItem (id, orderId, shopItemId, type, priceEach, quantity, discount, sourcingId, deliveryId) VALUES (40, 9, 17, N'PRODUCT', 50.00, 3, 0.03, 33, 22);
INSERT INTO bbpet.dbo.OrderItem (id, orderId, shopItemId, type, priceEach, quantity, discount, sourcingId, deliveryId) VALUES (41, 9, 3, N'SERVICE', 50.00, 3, 0.18, 34, 23);
INSERT INTO bbpet.dbo.OrderItem (id, orderId, shopItemId, type, priceEach, quantity, discount, sourcingId, deliveryId) VALUES (42, 9, 9, N'SERVICE', 25.00, 1, 0.03, 35, 24);
INSERT INTO bbpet.dbo.OrderItem (id, orderId, shopItemId, type, priceEach, quantity, discount, sourcingId, deliveryId) VALUES (43, 9, 9, N'SERVICE', 25.00, 1, 0.11, 36, 25);
INSERT INTO bbpet.dbo.OrderItem (id, orderId, shopItemId, type, priceEach, quantity, discount, sourcingId, deliveryId) VALUES (44, 10, 21, N'PRODUCT', 15.00, 5, 0.13, 37, 26);
INSERT INTO bbpet.dbo.OrderItem (id, orderId, shopItemId, type, priceEach, quantity, discount, sourcingId, deliveryId) VALUES (45, 10, 22, N'PRODUCT', 10.00, 4, 0.06, 38, 26);
INSERT INTO bbpet.dbo.OrderItem (id, orderId, shopItemId, type, priceEach, quantity, discount, sourcingId, deliveryId) VALUES (46, 10, 22, N'PRODUCT', 10.00, 10, 0.16, 39, 26);
INSERT INTO bbpet.dbo.OrderItem (id, orderId, shopItemId, type, priceEach, quantity, discount, sourcingId, deliveryId) VALUES (47, 10, 30, N'PRODUCT', 10.00, 1, 0.02, 40, 26);
INSERT INTO bbpet.dbo.OrderItem (id, orderId, shopItemId, type, priceEach, quantity, discount, sourcingId, deliveryId) VALUES (48, 10, 9, N'SERVICE', 25.00, 4, 0.03, 41, 27);
INSERT INTO bbpet.dbo.OrderItem (id, orderId, shopItemId, type, priceEach, quantity, discount, sourcingId, deliveryId) VALUES (49, 10, 9, N'SERVICE', 25.00, 1, 0.06, 42, 28);
INSERT INTO bbpet.dbo.OrderItem (id, orderId, shopItemId, type, priceEach, quantity, discount, sourcingId, deliveryId) VALUES (50, 11, 30, N'PRODUCT', 10.00, 7, 0.10, 43, 29);
INSERT INTO bbpet.dbo.OrderItem (id, orderId, shopItemId, type, priceEach, quantity, discount, sourcingId, deliveryId) VALUES (51, 11, 28, N'PRODUCT', 3.00, 2, 0.01, 44, 29);
INSERT INTO bbpet.dbo.OrderItem (id, orderId, shopItemId, type, priceEach, quantity, discount, sourcingId, deliveryId) VALUES (52, 11, 14, N'PRODUCT', 5.00, 5, 0.14, 45, 29);
INSERT INTO bbpet.dbo.OrderItem (id, orderId, shopItemId, type, priceEach, quantity, discount, sourcingId, deliveryId) VALUES (53, 11, 9, N'SERVICE', 25.00, 5, 0.07, 46, 30);
INSERT INTO bbpet.dbo.OrderItem (id, orderId, shopItemId, type, priceEach, quantity, discount, sourcingId, deliveryId) VALUES (54, 11, 6, N'SERVICE', 25.00, 3, 0.18, 47, 31);
INSERT INTO bbpet.dbo.OrderItem (id, orderId, shopItemId, type, priceEach, quantity, discount, sourcingId, deliveryId) VALUES (55, 12, 24, N'PRODUCT', 20.00, 8, 0.19, 48, 32);
INSERT INTO bbpet.dbo.OrderItem (id, orderId, shopItemId, type, priceEach, quantity, discount, sourcingId, deliveryId) VALUES (56, 12, 28, N'PRODUCT', 3.00, 2, 0.01, 49, 32);
INSERT INTO bbpet.dbo.OrderItem (id, orderId, shopItemId, type, priceEach, quantity, discount, sourcingId, deliveryId) VALUES (57, 12, 1, N'SERVICE', 30.00, 4, 0.15, 50, 33);
INSERT INTO bbpet.dbo.OrderItem (id, orderId, shopItemId, type, priceEach, quantity, discount, sourcingId, deliveryId) VALUES (58, 12, 2, N'SERVICE', 25.00, 4, 0.16, 51, 34);
INSERT INTO bbpet.dbo.OrderItem (id, orderId, shopItemId, type, priceEach, quantity, discount, sourcingId, deliveryId) VALUES (59, 12, 3, N'SERVICE', 50.00, 4, 0.15, 52, 35);
INSERT INTO bbpet.dbo.OrderItem (id, orderId, shopItemId, type, priceEach, quantity, discount, sourcingId, deliveryId) VALUES (60, 13, 18, N'PRODUCT', 100.00, 10, 0.00, 53, 32);
INSERT INTO bbpet.dbo.OrderItem (id, orderId, shopItemId, type, priceEach, quantity, discount, sourcingId, deliveryId) VALUES (61, 13, 18, N'PRODUCT', 100.00, 9, 0.18, 54, 32);
INSERT INTO bbpet.dbo.OrderItem (id, orderId, shopItemId, type, priceEach, quantity, discount, sourcingId, deliveryId) VALUES (62, 13, 12, N'PRODUCT', 15.00, 2, 0.13, 55, 32);
INSERT INTO bbpet.dbo.OrderItem (id, orderId, shopItemId, type, priceEach, quantity, discount, sourcingId, deliveryId) VALUES (63, 13, 22, N'PRODUCT', 10.00, 4, 0.16, 56, 32);
INSERT INTO bbpet.dbo.OrderItem (id, orderId, shopItemId, type, priceEach, quantity, discount, sourcingId, deliveryId) VALUES (64, 13, 10, N'SERVICE', 50.00, 4, 0.04, 57, 35);
INSERT INTO bbpet.dbo.OrderItem (id, orderId, shopItemId, type, priceEach, quantity, discount, sourcingId, deliveryId) VALUES (65, 13, 10, N'SERVICE', 50.00, 4, 0.18, 58, 35);
INSERT INTO bbpet.dbo.OrderItem (id, orderId, shopItemId, type, priceEach, quantity, discount, sourcingId, deliveryId) VALUES (66, 14, 14, N'PRODUCT', 5.00, 8, 0.19, 59, 36);
INSERT INTO bbpet.dbo.OrderItem (id, orderId, shopItemId, type, priceEach, quantity, discount, sourcingId, deliveryId) VALUES (67, 14, 24, N'PRODUCT', 20.00, 2, 0.09, 60, 36);
INSERT INTO bbpet.dbo.OrderItem (id, orderId, shopItemId, type, priceEach, quantity, discount, sourcingId, deliveryId) VALUES (68, 14, 26, N'PRODUCT', 8.00, 9, 0.01, 61, 36);
INSERT INTO bbpet.dbo.OrderItem (id, orderId, shopItemId, type, priceEach, quantity, discount, sourcingId, deliveryId) VALUES (69, 14, 13, N'PRODUCT', 10.00, 7, 0.16, 62, 36);
INSERT INTO bbpet.dbo.OrderItem (id, orderId, shopItemId, type, priceEach, quantity, discount, sourcingId, deliveryId) VALUES (70, 14, 9, N'SERVICE', 25.00, 4, 0.20, 63, 37);
INSERT INTO bbpet.dbo.OrderItem (id, orderId, shopItemId, type, priceEach, quantity, discount, sourcingId, deliveryId) VALUES (71, 14, 5, N'SERVICE', 30.00, 3, 0.07, 64, 38);
INSERT INTO bbpet.dbo.OrderItem (id, orderId, shopItemId, type, priceEach, quantity, discount, sourcingId, deliveryId) VALUES (72, 15, 28, N'PRODUCT', 3.00, 5, 0.09, 65, 39);
INSERT INTO bbpet.dbo.OrderItem (id, orderId, shopItemId, type, priceEach, quantity, discount, sourcingId, deliveryId) VALUES (73, 15, 12, N'PRODUCT', 15.00, 7, 0.18, 66, 39);
INSERT INTO bbpet.dbo.OrderItem (id, orderId, shopItemId, type, priceEach, quantity, discount, sourcingId, deliveryId) VALUES (74, 15, 5, N'SERVICE', 30.00, 4, 0.18, 67, 40);
INSERT INTO bbpet.dbo.OrderItem (id, orderId, shopItemId, type, priceEach, quantity, discount, sourcingId, deliveryId) VALUES (75, 15, 1, N'SERVICE', 30.00, 3, 0.00, 68, 41);
INSERT INTO bbpet.dbo.OrderItem (id, orderId, shopItemId, type, priceEach, quantity, discount, sourcingId, deliveryId) VALUES (76, 15, 4, N'SERVICE', 40.00, 4, 0.10, 69, 42);
INSERT INTO bbpet.dbo.OrderItem (id, orderId, shopItemId, type, priceEach, quantity, discount, sourcingId, deliveryId) VALUES (77, 16, 22, N'PRODUCT', 10.00, 1, 0.13, 70, 43);
INSERT INTO bbpet.dbo.OrderItem (id, orderId, shopItemId, type, priceEach, quantity, discount, sourcingId, deliveryId) VALUES (78, 16, 17, N'PRODUCT', 50.00, 6, 0.11, 71, 43);
INSERT INTO bbpet.dbo.OrderItem (id, orderId, shopItemId, type, priceEach, quantity, discount, sourcingId, deliveryId) VALUES (79, 16, 22, N'PRODUCT', 10.00, 9, 0.02, 72, 43);
INSERT INTO bbpet.dbo.OrderItem (id, orderId, shopItemId, type, priceEach, quantity, discount, sourcingId, deliveryId) VALUES (80, 16, 4, N'SERVICE', 40.00, 5, 0.02, 73, 44);
INSERT INTO bbpet.dbo.OrderItem (id, orderId, shopItemId, type, priceEach, quantity, discount, sourcingId, deliveryId) VALUES (81, 17, 21, N'PRODUCT', 15.00, 5, 0.13, 74, 45);
INSERT INTO bbpet.dbo.OrderItem (id, orderId, shopItemId, type, priceEach, quantity, discount, sourcingId, deliveryId) VALUES (82, 17, 20, N'PRODUCT', 25.00, 4, 0.12, 75, 45);
INSERT INTO bbpet.dbo.OrderItem (id, orderId, shopItemId, type, priceEach, quantity, discount, sourcingId, deliveryId) VALUES (83, 17, 8, N'SERVICE', 20.00, 2, 0.14, 76, 46);
INSERT INTO bbpet.dbo.OrderItem (id, orderId, shopItemId, type, priceEach, quantity, discount, sourcingId, deliveryId) VALUES (84, 18, 18, N'PRODUCT', 100.00, 2, 0.17, 77, 47);
INSERT INTO bbpet.dbo.OrderItem (id, orderId, shopItemId, type, priceEach, quantity, discount, sourcingId, deliveryId) VALUES (85, 18, 21, N'PRODUCT', 15.00, 5, 0.09, 78, 47);
INSERT INTO bbpet.dbo.OrderItem (id, orderId, shopItemId, type, priceEach, quantity, discount, sourcingId, deliveryId) VALUES (86, 18, 16, N'PRODUCT', 8.00, 9, 0.04, 79, 47);
INSERT INTO bbpet.dbo.OrderItem (id, orderId, shopItemId, type, priceEach, quantity, discount, sourcingId, deliveryId) VALUES (87, 18, 22, N'PRODUCT', 10.00, 8, 0.10, 80, 47);
INSERT INTO bbpet.dbo.OrderItem (id, orderId, shopItemId, type, priceEach, quantity, discount, sourcingId, deliveryId) VALUES (88, 19, 15, N'PRODUCT', 10.00, 1, 0.15, 81, 48);
INSERT INTO bbpet.dbo.OrderItem (id, orderId, shopItemId, type, priceEach, quantity, discount, sourcingId, deliveryId) VALUES (89, 19, 12, N'PRODUCT', 15.00, 9, 0.01, 82, 48);
INSERT INTO bbpet.dbo.OrderItem (id, orderId, shopItemId, type, priceEach, quantity, discount, sourcingId, deliveryId) VALUES (90, 19, 25, N'PRODUCT', 10.00, 9, 0.14, 83, 48);
INSERT INTO bbpet.dbo.OrderItem (id, orderId, shopItemId, type, priceEach, quantity, discount, sourcingId, deliveryId) VALUES (91, 19, 13, N'PRODUCT', 10.00, 1, 0.09, 84, 48);
INSERT INTO bbpet.dbo.OrderItem (id, orderId, shopItemId, type, priceEach, quantity, discount, sourcingId, deliveryId) VALUES (92, 19, 9, N'SERVICE', 25.00, 4, 0.08, 85, 49);
INSERT INTO bbpet.dbo.OrderItem (id, orderId, shopItemId, type, priceEach, quantity, discount, sourcingId, deliveryId) VALUES (93, 20, 22, N'PRODUCT', 10.00, 1, 0.10, 84, 50);
INSERT INTO bbpet.dbo.OrderItem (id, orderId, shopItemId, type, priceEach, quantity, discount, sourcingId, deliveryId) VALUES (94, 21, 26, N'PRODUCT', 8.00, 10, 0.16, 84, 51);
INSERT INTO bbpet.dbo.OrderItem (id, orderId, shopItemId, type, priceEach, quantity, discount, sourcingId, deliveryId) VALUES (95, 21, 21, N'PRODUCT', 15.00, 7, 0.07, 84, 51);
INSERT INTO bbpet.dbo.OrderItem (id, orderId, shopItemId, type, priceEach, quantity, discount, sourcingId, deliveryId) VALUES (96, 21, 28, N'PRODUCT', 3.00, 9, 0.17, 84, 51);
INSERT INTO bbpet.dbo.OrderItem (id, orderId, shopItemId, type, priceEach, quantity, discount, sourcingId, deliveryId) VALUES (97, 21, 2, N'SERVICE', 25.00, 3, 0.13, 86, 52);
INSERT INTO bbpet.dbo.OrderItem (id, orderId, shopItemId, type, priceEach, quantity, discount, sourcingId, deliveryId) VALUES (98, 22, 15, N'PRODUCT', 10.00, 4, 0.05, 87, 53);
INSERT INTO bbpet.dbo.OrderItem (id, orderId, shopItemId, type, priceEach, quantity, discount, sourcingId, deliveryId) VALUES (99, 22, 30, N'PRODUCT', 10.00, 9, 0.13, 88, 53);
INSERT INTO bbpet.dbo.OrderItem (id, orderId, shopItemId, type, priceEach, quantity, discount, sourcingId, deliveryId) VALUES (100, 22, 29, N'PRODUCT', 12.00, 9, 0.07, 89, 53);
INSERT INTO bbpet.dbo.OrderItem (id, orderId, shopItemId, type, priceEach, quantity, discount, sourcingId, deliveryId) VALUES (101, 22, 3, N'SERVICE', 50.00, 4, 0.02, 90, 54);
INSERT INTO bbpet.dbo.OrderItem (id, orderId, shopItemId, type, priceEach, quantity, discount, sourcingId, deliveryId) VALUES (102, 22, 6, N'SERVICE', 25.00, 4, 0.10, 91, 55);
INSERT INTO bbpet.dbo.OrderItem (id, orderId, shopItemId, type, priceEach, quantity, discount, sourcingId, deliveryId) VALUES (103, 22, 5, N'SERVICE', 30.00, 5, 0.07, 92, 56);
INSERT INTO bbpet.dbo.OrderItem (id, orderId, shopItemId, type, priceEach, quantity, discount, sourcingId, deliveryId) VALUES (104, 23, 14, N'PRODUCT', 5.00, 9, 0.08, 93, 53);
INSERT INTO bbpet.dbo.OrderItem (id, orderId, shopItemId, type, priceEach, quantity, discount, sourcingId, deliveryId) VALUES (105, 23, 16, N'PRODUCT', 8.00, 9, 0.09, 94, 53);
INSERT INTO bbpet.dbo.OrderItem (id, orderId, shopItemId, type, priceEach, quantity, discount, sourcingId, deliveryId) VALUES (106, 23, 27, N'PRODUCT', 5.00, 5, 0.04, 95, 53);
INSERT INTO bbpet.dbo.OrderItem (id, orderId, shopItemId, type, priceEach, quantity, discount, sourcingId, deliveryId) VALUES (107, 23, 4, N'SERVICE', 40.00, 5, 0.13, 96, 56);
INSERT INTO bbpet.dbo.OrderItem (id, orderId, shopItemId, type, priceEach, quantity, discount, sourcingId, deliveryId) VALUES (108, 24, 27, N'PRODUCT', 5.00, 10, 0.07, 97, 57);
INSERT INTO bbpet.dbo.OrderItem (id, orderId, shopItemId, type, priceEach, quantity, discount, sourcingId, deliveryId) VALUES (109, 24, 27, N'PRODUCT', 5.00, 9, 0.14, 98, 57);
INSERT INTO bbpet.dbo.OrderItem (id, orderId, shopItemId, type, priceEach, quantity, discount, sourcingId, deliveryId) VALUES (110, 24, 11, N'PRODUCT', 20.00, 4, 0.17, 99, 57);
INSERT INTO bbpet.dbo.OrderItem (id, orderId, shopItemId, type, priceEach, quantity, discount, sourcingId, deliveryId) VALUES (111, 24, 5, N'SERVICE', 30.00, 5, 0.08, 100, 58);
INSERT INTO bbpet.dbo.OrderItem (id, orderId, shopItemId, type, priceEach, quantity, discount, sourcingId, deliveryId) VALUES (112, 25, 15, N'PRODUCT', 10.00, 8, 0.12, 101, 59);
INSERT INTO bbpet.dbo.OrderItem (id, orderId, shopItemId, type, priceEach, quantity, discount, sourcingId, deliveryId) VALUES (113, 25, 16, N'PRODUCT', 8.00, 2, 0.18, 102, 59);
INSERT INTO bbpet.dbo.OrderItem (id, orderId, shopItemId, type, priceEach, quantity, discount, sourcingId, deliveryId) VALUES (114, 25, 5, N'SERVICE', 30.00, 4, 0.01, 103, 60);
INSERT INTO bbpet.dbo.OrderItem (id, orderId, shopItemId, type, priceEach, quantity, discount, sourcingId, deliveryId) VALUES (115, 26, 12, N'PRODUCT', 15.00, 8, 0.17, 104, 61);
INSERT INTO bbpet.dbo.OrderItem (id, orderId, shopItemId, type, priceEach, quantity, discount, sourcingId, deliveryId) VALUES (116, 26, 22, N'PRODUCT', 10.00, 3, 0.08, 105, 61);
INSERT INTO bbpet.dbo.OrderItem (id, orderId, shopItemId, type, priceEach, quantity, discount, sourcingId, deliveryId) VALUES (117, 26, 4, N'SERVICE', 40.00, 4, 0.14, 106, 62);
INSERT INTO bbpet.dbo.OrderItem (id, orderId, shopItemId, type, priceEach, quantity, discount, sourcingId, deliveryId) VALUES (118, 26, 5, N'SERVICE', 30.00, 2, 0.07, 107, 63);
INSERT INTO bbpet.dbo.OrderItem (id, orderId, shopItemId, type, priceEach, quantity, discount, sourcingId, deliveryId) VALUES (119, 27, 21, N'PRODUCT', 15.00, 3, 0.01, 108, 64);
INSERT INTO bbpet.dbo.OrderItem (id, orderId, shopItemId, type, priceEach, quantity, discount, sourcingId, deliveryId) VALUES (120, 27, 5, N'SERVICE', 30.00, 3, 0.06, 109, 65);
INSERT INTO bbpet.dbo.OrderItem (id, orderId, shopItemId, type, priceEach, quantity, discount, sourcingId, deliveryId) VALUES (121, 28, 16, N'PRODUCT', 8.00, 5, 0.06, 110, 66);
INSERT INTO bbpet.dbo.OrderItem (id, orderId, shopItemId, type, priceEach, quantity, discount, sourcingId, deliveryId) VALUES (122, 28, 17, N'PRODUCT', 50.00, 7, 0.17, 111, 66);
INSERT INTO bbpet.dbo.OrderItem (id, orderId, shopItemId, type, priceEach, quantity, discount, sourcingId, deliveryId) VALUES (123, 28, 27, N'PRODUCT', 5.00, 5, 0.01, 112, 66);
INSERT INTO bbpet.dbo.OrderItem (id, orderId, shopItemId, type, priceEach, quantity, discount, sourcingId, deliveryId) VALUES (124, 28, 14, N'PRODUCT', 5.00, 1, 0.16, 113, 66);
INSERT INTO bbpet.dbo.OrderItem (id, orderId, shopItemId, type, priceEach, quantity, discount, sourcingId, deliveryId) VALUES (125, 28, 6, N'SERVICE', 25.00, 5, 0.19, 114, 67);
INSERT INTO bbpet.dbo.OrderItem (id, orderId, shopItemId, type, priceEach, quantity, discount, sourcingId, deliveryId) VALUES (126, 29, 29, N'PRODUCT', 12.00, 7, 0.11, 115, 68);
INSERT INTO bbpet.dbo.OrderItem (id, orderId, shopItemId, type, priceEach, quantity, discount, sourcingId, deliveryId) VALUES (127, 29, 21, N'PRODUCT', 15.00, 2, 0.05, 116, 68);
INSERT INTO bbpet.dbo.OrderItem (id, orderId, shopItemId, type, priceEach, quantity, discount, sourcingId, deliveryId) VALUES (128, 29, 14, N'PRODUCT', 5.00, 7, 0.06, 117, 68);
INSERT INTO bbpet.dbo.OrderItem (id, orderId, shopItemId, type, priceEach, quantity, discount, sourcingId, deliveryId) VALUES (129, 29, 18, N'PRODUCT', 100.00, 5, 0.14, 118, 68);
INSERT INTO bbpet.dbo.OrderItem (id, orderId, shopItemId, type, priceEach, quantity, discount, sourcingId, deliveryId) VALUES (130, 30, 15, N'PRODUCT', 10.00, 5, 0.00, 119, 69);
INSERT INTO bbpet.dbo.OrderItem (id, orderId, shopItemId, type, priceEach, quantity, discount, sourcingId, deliveryId) VALUES (131, 30, 18, N'PRODUCT', 100.00, 5, 0.16, 120, 69);
INSERT INTO bbpet.dbo.OrderItem (id, orderId, shopItemId, type, priceEach, quantity, discount, sourcingId, deliveryId) VALUES (132, 30, 18, N'PRODUCT', 100.00, 7, 0.19, 121, 69);
INSERT INTO bbpet.dbo.OrderItem (id, orderId, shopItemId, type, priceEach, quantity, discount, sourcingId, deliveryId) VALUES (133, 30, 7, N'SERVICE', 15.00, 2, 0.15, 122, 70);
INSERT INTO bbpet.dbo.OrderItem (id, orderId, shopItemId, type, priceEach, quantity, discount, sourcingId, deliveryId) VALUES (134, 30, 9, N'SERVICE', 25.00, 1, 0.11, 123, 71);
INSERT INTO bbpet.dbo.OrderItem (id, orderId, shopItemId, type, priceEach, quantity, discount, sourcingId, deliveryId) VALUES (135, 31, 29, N'PRODUCT', 12.00, 1, 0.08, 124, 72);
INSERT INTO bbpet.dbo.OrderItem (id, orderId, shopItemId, type, priceEach, quantity, discount, sourcingId, deliveryId) VALUES (136, 31, 16, N'PRODUCT', 8.00, 8, 0.04, 125, 72);
INSERT INTO bbpet.dbo.OrderItem (id, orderId, shopItemId, type, priceEach, quantity, discount, sourcingId, deliveryId) VALUES (137, 31, 29, N'PRODUCT', 12.00, 4, 0.10, 126, 72);
INSERT INTO bbpet.dbo.OrderItem (id, orderId, shopItemId, type, priceEach, quantity, discount, sourcingId, deliveryId) VALUES (138, 31, 8, N'SERVICE', 20.00, 3, 0.16, 127, 73);
INSERT INTO bbpet.dbo.OrderItem (id, orderId, shopItemId, type, priceEach, quantity, discount, sourcingId, deliveryId) VALUES (139, 32, 24, N'PRODUCT', 20.00, 2, 0.05, 128, 74);
INSERT INTO bbpet.dbo.OrderItem (id, orderId, shopItemId, type, priceEach, quantity, discount, sourcingId, deliveryId) VALUES (140, 32, 13, N'PRODUCT', 10.00, 4, 0.04, 129, 74);
INSERT INTO bbpet.dbo.OrderItem (id, orderId, shopItemId, type, priceEach, quantity, discount, sourcingId, deliveryId) VALUES (141, 32, 30, N'PRODUCT', 10.00, 8, 0.11, 130, 74);
INSERT INTO bbpet.dbo.OrderItem (id, orderId, shopItemId, type, priceEach, quantity, discount, sourcingId, deliveryId) VALUES (142, 32, 17, N'PRODUCT', 50.00, 4, 0.13, 131, 74);
INSERT INTO bbpet.dbo.OrderItem (id, orderId, shopItemId, type, priceEach, quantity, discount, sourcingId, deliveryId) VALUES (143, 33, 27, N'PRODUCT', 5.00, 4, 0.19, 132, 74);
INSERT INTO bbpet.dbo.OrderItem (id, orderId, shopItemId, type, priceEach, quantity, discount, sourcingId, deliveryId) VALUES (144, 33, 22, N'PRODUCT', 10.00, 2, 0.07, 133, 74);
INSERT INTO bbpet.dbo.OrderItem (id, orderId, shopItemId, type, priceEach, quantity, discount, sourcingId, deliveryId) VALUES (145, 33, 14, N'PRODUCT', 5.00, 4, 0.14, 134, 74);
INSERT INTO bbpet.dbo.OrderItem (id, orderId, shopItemId, type, priceEach, quantity, discount, sourcingId, deliveryId) VALUES (146, 33, 5, N'SERVICE', 30.00, 3, 0.01, 135, 73);
INSERT INTO bbpet.dbo.OrderItem (id, orderId, shopItemId, type, priceEach, quantity, discount, sourcingId, deliveryId) VALUES (147, 33, 10, N'SERVICE', 50.00, 3, 0.12, 136, 73);
INSERT INTO bbpet.dbo.OrderItem (id, orderId, shopItemId, type, priceEach, quantity, discount, sourcingId, deliveryId) VALUES (148, 34, 15, N'PRODUCT', 10.00, 2, 0.04, 137, 75);
INSERT INTO bbpet.dbo.OrderItem (id, orderId, shopItemId, type, priceEach, quantity, discount, sourcingId, deliveryId) VALUES (149, 34, 26, N'PRODUCT', 8.00, 9, 0.17, 138, 75);
INSERT INTO bbpet.dbo.OrderItem (id, orderId, shopItemId, type, priceEach, quantity, discount, sourcingId, deliveryId) VALUES (150, 34, 25, N'PRODUCT', 10.00, 10, 0.07, 139, 75);
INSERT INTO bbpet.dbo.OrderItem (id, orderId, shopItemId, type, priceEach, quantity, discount, sourcingId, deliveryId) VALUES (151, 34, 29, N'PRODUCT', 12.00, 2, 0.18, 140, 75);
INSERT INTO bbpet.dbo.OrderItem (id, orderId, shopItemId, type, priceEach, quantity, discount, sourcingId, deliveryId) VALUES (152, 34, 8, N'SERVICE', 20.00, 2, 0.19, 141, 76);
INSERT INTO bbpet.dbo.OrderItem (id, orderId, shopItemId, type, priceEach, quantity, discount, sourcingId, deliveryId) VALUES (153, 34, 1, N'SERVICE', 30.00, 1, 0.12, 142, 77);
INSERT INTO bbpet.dbo.OrderItem (id, orderId, shopItemId, type, priceEach, quantity, discount, sourcingId, deliveryId) VALUES (154, 35, 27, N'PRODUCT', 5.00, 7, 0.19, 140, 78);
INSERT INTO bbpet.dbo.OrderItem (id, orderId, shopItemId, type, priceEach, quantity, discount, sourcingId, deliveryId) VALUES (155, 35, 19, N'PRODUCT', 30.00, 7, 0.10, 140, 78);
INSERT INTO bbpet.dbo.OrderItem (id, orderId, shopItemId, type, priceEach, quantity, discount, sourcingId, deliveryId) VALUES (156, 35, 19, N'PRODUCT', 30.00, 7, 0.13, 140, 78);
INSERT INTO bbpet.dbo.OrderItem (id, orderId, shopItemId, type, priceEach, quantity, discount, sourcingId, deliveryId) VALUES (157, 36, 14, N'PRODUCT', 5.00, 7, 0.05, 143, 79);
INSERT INTO bbpet.dbo.OrderItem (id, orderId, shopItemId, type, priceEach, quantity, discount, sourcingId, deliveryId) VALUES (158, 36, 5, N'SERVICE', 30.00, 2, 0.20, 144, 80);
INSERT INTO bbpet.dbo.OrderItem (id, orderId, shopItemId, type, priceEach, quantity, discount, sourcingId, deliveryId) VALUES (159, 36, 7, N'SERVICE', 15.00, 2, 0.03, 145, 81);
INSERT INTO bbpet.dbo.OrderItem (id, orderId, shopItemId, type, priceEach, quantity, discount, sourcingId, deliveryId) VALUES (160, 37, 14, N'PRODUCT', 5.00, 2, 0.03, 146, 82);
INSERT INTO bbpet.dbo.OrderItem (id, orderId, shopItemId, type, priceEach, quantity, discount, sourcingId, deliveryId) VALUES (161, 37, 29, N'PRODUCT', 12.00, 5, 0.18, 147, 82);
INSERT INTO bbpet.dbo.OrderItem (id, orderId, shopItemId, type, priceEach, quantity, discount, sourcingId, deliveryId) VALUES (162, 37, 9, N'SERVICE', 25.00, 4, 0.03, 148, 83);
INSERT INTO bbpet.dbo.OrderItem (id, orderId, shopItemId, type, priceEach, quantity, discount, sourcingId, deliveryId) VALUES (163, 37, 3, N'SERVICE', 50.00, 2, 0.13, 149, 84);
INSERT INTO bbpet.dbo.OrderItem (id, orderId, shopItemId, type, priceEach, quantity, discount, sourcingId, deliveryId) VALUES (164, 38, 18, N'PRODUCT', 100.00, 6, 0.16, 147, 85);
INSERT INTO bbpet.dbo.OrderItem (id, orderId, shopItemId, type, priceEach, quantity, discount, sourcingId, deliveryId) VALUES (165, 38, 29, N'PRODUCT', 12.00, 2, 0.11, 147, 85);
INSERT INTO bbpet.dbo.OrderItem (id, orderId, shopItemId, type, priceEach, quantity, discount, sourcingId, deliveryId) VALUES (166, 38, 19, N'PRODUCT', 30.00, 7, 0.12, 147, 85);
INSERT INTO bbpet.dbo.OrderItem (id, orderId, shopItemId, type, priceEach, quantity, discount, sourcingId, deliveryId) VALUES (167, 38, 7, N'SERVICE', 15.00, 3, 0.19, 150, 86);
INSERT INTO bbpet.dbo.OrderItem (id, orderId, shopItemId, type, priceEach, quantity, discount, sourcingId, deliveryId) VALUES (168, 39, 21, N'PRODUCT', 15.00, 7, 0.13, 151, 87);
INSERT INTO bbpet.dbo.OrderItem (id, orderId, shopItemId, type, priceEach, quantity, discount, sourcingId, deliveryId) VALUES (169, 39, 7, N'SERVICE', 15.00, 2, 0.06, 152, 88);
INSERT INTO bbpet.dbo.OrderItem (id, orderId, shopItemId, type, priceEach, quantity, discount, sourcingId, deliveryId) VALUES (170, 40, 26, N'PRODUCT', 8.00, 5, 0.16, 153, 89);
INSERT INTO bbpet.dbo.OrderItem (id, orderId, shopItemId, type, priceEach, quantity, discount, sourcingId, deliveryId) VALUES (171, 40, 20, N'PRODUCT', 25.00, 5, 0.11, 154, 89);
INSERT INTO bbpet.dbo.OrderItem (id, orderId, shopItemId, type, priceEach, quantity, discount, sourcingId, deliveryId) VALUES (172, 40, 22, N'PRODUCT', 10.00, 5, 0.03, 155, 89);
INSERT INTO bbpet.dbo.OrderItem (id, orderId, shopItemId, type, priceEach, quantity, discount, sourcingId, deliveryId) VALUES (173, 40, 28, N'PRODUCT', 3.00, 1, 0.12, 156, 89);
INSERT INTO bbpet.dbo.OrderItem (id, orderId, shopItemId, type, priceEach, quantity, discount, sourcingId, deliveryId) VALUES (174, 40, 5, N'SERVICE', 30.00, 2, 0.16, 157, 90);
INSERT INTO bbpet.dbo.OrderItem (id, orderId, shopItemId, type, priceEach, quantity, discount, sourcingId, deliveryId) VALUES (175, 41, 11, N'PRODUCT', 20.00, 2, 0.02, 158, 91);
INSERT INTO bbpet.dbo.OrderItem (id, orderId, shopItemId, type, priceEach, quantity, discount, sourcingId, deliveryId) VALUES (176, 41, 14, N'PRODUCT', 5.00, 2, 0.09, 159, 91);
INSERT INTO bbpet.dbo.OrderItem (id, orderId, shopItemId, type, priceEach, quantity, discount, sourcingId, deliveryId) VALUES (177, 41, 28, N'PRODUCT', 3.00, 3, 0.08, 160, 91);
INSERT INTO bbpet.dbo.OrderItem (id, orderId, shopItemId, type, priceEach, quantity, discount, sourcingId, deliveryId) VALUES (178, 41, 4, N'SERVICE', 40.00, 3, 0.15, 161, 92);
INSERT INTO bbpet.dbo.OrderItem (id, orderId, shopItemId, type, priceEach, quantity, discount, sourcingId, deliveryId) VALUES (179, 41, 3, N'SERVICE', 50.00, 4, 0.05, 162, 93);
INSERT INTO bbpet.dbo.OrderItem (id, orderId, shopItemId, type, priceEach, quantity, discount, sourcingId, deliveryId) VALUES (180, 42, 23, N'PRODUCT', 12.00, 3, 0.11, 163, 94);
INSERT INTO bbpet.dbo.OrderItem (id, orderId, shopItemId, type, priceEach, quantity, discount, sourcingId, deliveryId) VALUES (181, 42, 1, N'SERVICE', 30.00, 3, 0.14, 164, 95);
INSERT INTO bbpet.dbo.OrderItem (id, orderId, shopItemId, type, priceEach, quantity, discount, sourcingId, deliveryId) VALUES (182, 42, 3, N'SERVICE', 50.00, 3, 0.13, 165, 96);
INSERT INTO bbpet.dbo.OrderItem (id, orderId, shopItemId, type, priceEach, quantity, discount, sourcingId, deliveryId) VALUES (183, 43, 18, N'PRODUCT', 100.00, 10, 0.14, 166, 97);
INSERT INTO bbpet.dbo.OrderItem (id, orderId, shopItemId, type, priceEach, quantity, discount, sourcingId, deliveryId) VALUES (184, 43, 28, N'PRODUCT', 3.00, 5, 0.07, 167, 97);
INSERT INTO bbpet.dbo.OrderItem (id, orderId, shopItemId, type, priceEach, quantity, discount, sourcingId, deliveryId) VALUES (185, 43, 22, N'PRODUCT', 10.00, 5, 0.05, 168, 97);
INSERT INTO bbpet.dbo.OrderItem (id, orderId, shopItemId, type, priceEach, quantity, discount, sourcingId, deliveryId) VALUES (186, 43, 7, N'SERVICE', 15.00, 4, 0.10, 169, 98);
INSERT INTO bbpet.dbo.OrderItem (id, orderId, shopItemId, type, priceEach, quantity, discount, sourcingId, deliveryId) VALUES (187, 43, 9, N'SERVICE', 25.00, 5, 0.04, 170, 99);
INSERT INTO bbpet.dbo.OrderItem (id, orderId, shopItemId, type, priceEach, quantity, discount, sourcingId, deliveryId) VALUES (188, 43, 2, N'SERVICE', 25.00, 2, 0.13, 171, 100);
INSERT INTO bbpet.dbo.OrderItem (id, orderId, shopItemId, type, priceEach, quantity, discount, sourcingId, deliveryId) VALUES (189, 44, 19, N'PRODUCT', 30.00, 4, 0.14, 172, 101);
INSERT INTO bbpet.dbo.OrderItem (id, orderId, shopItemId, type, priceEach, quantity, discount, sourcingId, deliveryId) VALUES (190, 44, 8, N'SERVICE', 20.00, 5, 0.01, 173, 102);
INSERT INTO bbpet.dbo.OrderItem (id, orderId, shopItemId, type, priceEach, quantity, discount, sourcingId, deliveryId) VALUES (191, 44, 2, N'SERVICE', 25.00, 1, 0.09, 174, 103);
INSERT INTO bbpet.dbo.OrderItem (id, orderId, shopItemId, type, priceEach, quantity, discount, sourcingId, deliveryId) VALUES (192, 45, 28, N'PRODUCT', 3.00, 6, 0.15, 172, 101);
INSERT INTO bbpet.dbo.OrderItem (id, orderId, shopItemId, type, priceEach, quantity, discount, sourcingId, deliveryId) VALUES (193, 45, 28, N'PRODUCT', 3.00, 4, 0.16, 172, 101);
INSERT INTO bbpet.dbo.OrderItem (id, orderId, shopItemId, type, priceEach, quantity, discount, sourcingId, deliveryId) VALUES (194, 45, 3, N'SERVICE', 50.00, 4, 0.07, 175, 103);
INSERT INTO bbpet.dbo.OrderItem (id, orderId, shopItemId, type, priceEach, quantity, discount, sourcingId, deliveryId) VALUES (195, 45, 10, N'SERVICE', 50.00, 5, 0.11, 176, 103);
INSERT INTO bbpet.dbo.OrderItem (id, orderId, shopItemId, type, priceEach, quantity, discount, sourcingId, deliveryId) VALUES (196, 46, 28, N'PRODUCT', 3.00, 7, 0.07, 177, 104);
INSERT INTO bbpet.dbo.OrderItem (id, orderId, shopItemId, type, priceEach, quantity, discount, sourcingId, deliveryId) VALUES (197, 46, 25, N'PRODUCT', 10.00, 5, 0.16, 178, 104);
INSERT INTO bbpet.dbo.OrderItem (id, orderId, shopItemId, type, priceEach, quantity, discount, sourcingId, deliveryId) VALUES (198, 46, 15, N'PRODUCT', 10.00, 4, 0.14, 179, 104);
INSERT INTO bbpet.dbo.OrderItem (id, orderId, shopItemId, type, priceEach, quantity, discount, sourcingId, deliveryId) VALUES (199, 46, 2, N'SERVICE', 25.00, 4, 0.15, 180, 105);
INSERT INTO bbpet.dbo.OrderItem (id, orderId, shopItemId, type, priceEach, quantity, discount, sourcingId, deliveryId) VALUES (200, 46, 7, N'SERVICE', 15.00, 5, 0.16, 181, 106);
INSERT INTO bbpet.dbo.OrderItem (id, orderId, shopItemId, type, priceEach, quantity, discount, sourcingId, deliveryId) VALUES (201, 47, 25, N'PRODUCT', 10.00, 7, 0.20, 182, 107);
INSERT INTO bbpet.dbo.OrderItem (id, orderId, shopItemId, type, priceEach, quantity, discount, sourcingId, deliveryId) VALUES (202, 47, 17, N'PRODUCT', 50.00, 3, 0.15, 183, 107);
INSERT INTO bbpet.dbo.OrderItem (id, orderId, shopItemId, type, priceEach, quantity, discount, sourcingId, deliveryId) VALUES (203, 47, 29, N'PRODUCT', 12.00, 8, 0.19, 184, 107);
INSERT INTO bbpet.dbo.OrderItem (id, orderId, shopItemId, type, priceEach, quantity, discount, sourcingId, deliveryId) VALUES (204, 47, 11, N'PRODUCT', 20.00, 2, 0.08, 185, 107);
INSERT INTO bbpet.dbo.OrderItem (id, orderId, shopItemId, type, priceEach, quantity, discount, sourcingId, deliveryId) VALUES (205, 47, 2, N'SERVICE', 25.00, 2, 0.12, 186, 108);
INSERT INTO bbpet.dbo.OrderItem (id, orderId, shopItemId, type, priceEach, quantity, discount, sourcingId, deliveryId) VALUES (206, 47, 6, N'SERVICE', 25.00, 2, 0.11, 187, 109);
INSERT INTO bbpet.dbo.OrderItem (id, orderId, shopItemId, type, priceEach, quantity, discount, sourcingId, deliveryId) VALUES (207, 48, 22, N'PRODUCT', 10.00, 9, 0.03, 188, 110);
INSERT INTO bbpet.dbo.OrderItem (id, orderId, shopItemId, type, priceEach, quantity, discount, sourcingId, deliveryId) VALUES (208, 48, 26, N'PRODUCT', 8.00, 10, 0.15, 189, 110);
INSERT INTO bbpet.dbo.OrderItem (id, orderId, shopItemId, type, priceEach, quantity, discount, sourcingId, deliveryId) VALUES (209, 48, 23, N'PRODUCT', 12.00, 6, 0.19, 190, 110);
INSERT INTO bbpet.dbo.OrderItem (id, orderId, shopItemId, type, priceEach, quantity, discount, sourcingId, deliveryId) VALUES (210, 48, 11, N'PRODUCT', 20.00, 9, 0.04, 191, 110);
INSERT INTO bbpet.dbo.OrderItem (id, orderId, shopItemId, type, priceEach, quantity, discount, sourcingId, deliveryId) VALUES (211, 48, 2, N'SERVICE', 25.00, 2, 0.14, 192, 111);
INSERT INTO bbpet.dbo.OrderItem (id, orderId, shopItemId, type, priceEach, quantity, discount, sourcingId, deliveryId) VALUES (212, 48, 1, N'SERVICE', 30.00, 1, 0.01, 193, 112);
INSERT INTO bbpet.dbo.OrderItem (id, orderId, shopItemId, type, priceEach, quantity, discount, sourcingId, deliveryId) VALUES (213, 49, 29, N'PRODUCT', 12.00, 8, 0.04, 194, 113);
INSERT INTO bbpet.dbo.OrderItem (id, orderId, shopItemId, type, priceEach, quantity, discount, sourcingId, deliveryId) VALUES (214, 49, 19, N'PRODUCT', 30.00, 9, 0.07, 195, 113);
INSERT INTO bbpet.dbo.OrderItem (id, orderId, shopItemId, type, priceEach, quantity, discount, sourcingId, deliveryId) VALUES (215, 49, 26, N'PRODUCT', 8.00, 9, 0.02, 196, 113);
INSERT INTO bbpet.dbo.OrderItem (id, orderId, shopItemId, type, priceEach, quantity, discount, sourcingId, deliveryId) VALUES (216, 49, 18, N'PRODUCT', 100.00, 1, 0.06, 197, 113);
INSERT INTO bbpet.dbo.OrderItem (id, orderId, shopItemId, type, priceEach, quantity, discount, sourcingId, deliveryId) VALUES (217, 49, 7, N'SERVICE', 15.00, 3, 0.15, 198, 114);
INSERT INTO bbpet.dbo.OrderItem (id, orderId, shopItemId, type, priceEach, quantity, discount, sourcingId, deliveryId) VALUES (218, 50, 12, N'PRODUCT', 15.00, 10, 0.01, 199, 115);
INSERT INTO bbpet.dbo.OrderItem (id, orderId, shopItemId, type, priceEach, quantity, discount, sourcingId, deliveryId) VALUES (219, 50, 18, N'PRODUCT', 100.00, 7, 0.09, 200, 115);
INSERT INTO bbpet.dbo.OrderItem (id, orderId, shopItemId, type, priceEach, quantity, discount, sourcingId, deliveryId) VALUES (220, 50, 3, N'SERVICE', 50.00, 1, 0.07, 201, 116);
INSERT INTO bbpet.dbo.OrderItem (id, orderId, shopItemId, type, priceEach, quantity, discount, sourcingId, deliveryId) VALUES (221, 50, 4, N'SERVICE', 40.00, 2, 0.08, 202, 117);
INSERT INTO bbpet.dbo.OrderItem (id, orderId, shopItemId, type, priceEach, quantity, discount, sourcingId, deliveryId) VALUES (222, 50, 1, N'SERVICE', 30.00, 2, 0.00, 203, 118);
INSERT INTO bbpet.dbo.OrderItem (id, orderId, shopItemId, type, priceEach, quantity, discount, sourcingId, deliveryId) VALUES (223, 51, 24, N'PRODUCT', 20.00, 2, 0.20, 204, 119);
INSERT INTO bbpet.dbo.OrderItem (id, orderId, shopItemId, type, priceEach, quantity, discount, sourcingId, deliveryId) VALUES (224, 51, 30, N'PRODUCT', 10.00, 5, 0.16, 205, 119);
INSERT INTO bbpet.dbo.OrderItem (id, orderId, shopItemId, type, priceEach, quantity, discount, sourcingId, deliveryId) VALUES (225, 51, 22, N'PRODUCT', 10.00, 4, 0.11, 206, 119);
INSERT INTO bbpet.dbo.OrderItem (id, orderId, shopItemId, type, priceEach, quantity, discount, sourcingId, deliveryId) VALUES (226, 51, 8, N'SERVICE', 20.00, 5, 0.11, 207, 120);
INSERT INTO bbpet.dbo.OrderItem (id, orderId, shopItemId, type, priceEach, quantity, discount, sourcingId, deliveryId) VALUES (227, 51, 3, N'SERVICE', 50.00, 4, 0.09, 208, 121);
INSERT INTO bbpet.dbo.OrderItem (id, orderId, shopItemId, type, priceEach, quantity, discount, sourcingId, deliveryId) VALUES (228, 52, 24, N'PRODUCT', 20.00, 6, 0.07, 209, 122);
INSERT INTO bbpet.dbo.OrderItem (id, orderId, shopItemId, type, priceEach, quantity, discount, sourcingId, deliveryId) VALUES (229, 52, 25, N'PRODUCT', 10.00, 3, 0.10, 210, 122);
INSERT INTO bbpet.dbo.OrderItem (id, orderId, shopItemId, type, priceEach, quantity, discount, sourcingId, deliveryId) VALUES (230, 52, 16, N'PRODUCT', 8.00, 10, 0.08, 211, 122);
INSERT INTO bbpet.dbo.OrderItem (id, orderId, shopItemId, type, priceEach, quantity, discount, sourcingId, deliveryId) VALUES (231, 52, 19, N'PRODUCT', 30.00, 8, 0.19, 212, 122);
INSERT INTO bbpet.dbo.OrderItem (id, orderId, shopItemId, type, priceEach, quantity, discount, sourcingId, deliveryId) VALUES (232, 52, 1, N'SERVICE', 30.00, 3, 0.13, 213, 123);
INSERT INTO bbpet.dbo.OrderItem (id, orderId, shopItemId, type, priceEach, quantity, discount, sourcingId, deliveryId) VALUES (233, 53, 22, N'PRODUCT', 10.00, 1, 0.03, 212, 124);
INSERT INTO bbpet.dbo.OrderItem (id, orderId, shopItemId, type, priceEach, quantity, discount, sourcingId, deliveryId) VALUES (234, 53, 17, N'PRODUCT', 50.00, 2, 0.01, 212, 124);
INSERT INTO bbpet.dbo.OrderItem (id, orderId, shopItemId, type, priceEach, quantity, discount, sourcingId, deliveryId) VALUES (235, 53, 13, N'PRODUCT', 10.00, 5, 0.05, 212, 124);
INSERT INTO bbpet.dbo.OrderItem (id, orderId, shopItemId, type, priceEach, quantity, discount, sourcingId, deliveryId) VALUES (236, 53, 23, N'PRODUCT', 12.00, 2, 0.09, 212, 124);
INSERT INTO bbpet.dbo.OrderItem (id, orderId, shopItemId, type, priceEach, quantity, discount, sourcingId, deliveryId) VALUES (237, 53, 2, N'SERVICE', 25.00, 4, 0.19, 214, 125);
INSERT INTO bbpet.dbo.OrderItem (id, orderId, shopItemId, type, priceEach, quantity, discount, sourcingId, deliveryId) VALUES (238, 54, 20, N'PRODUCT', 25.00, 9, 0.15, 215, 126);
INSERT INTO bbpet.dbo.OrderItem (id, orderId, shopItemId, type, priceEach, quantity, discount, sourcingId, deliveryId) VALUES (239, 54, 25, N'PRODUCT', 10.00, 5, 0.02, 216, 126);
INSERT INTO bbpet.dbo.OrderItem (id, orderId, shopItemId, type, priceEach, quantity, discount, sourcingId, deliveryId) VALUES (240, 54, 1, N'SERVICE', 30.00, 4, 0.07, 217, 127);
INSERT INTO bbpet.dbo.OrderItem (id, orderId, shopItemId, type, priceEach, quantity, discount, sourcingId, deliveryId) VALUES (241, 54, 2, N'SERVICE', 25.00, 2, 0.17, 218, 128);
INSERT INTO bbpet.dbo.OrderItem (id, orderId, shopItemId, type, priceEach, quantity, discount, sourcingId, deliveryId) VALUES (242, 54, 5, N'SERVICE', 30.00, 5, 0.04, 219, 129);
INSERT INTO bbpet.dbo.OrderItem (id, orderId, shopItemId, type, priceEach, quantity, discount, sourcingId, deliveryId) VALUES (243, 55, 27, N'PRODUCT', 5.00, 4, 0.15, 220, 130);
INSERT INTO bbpet.dbo.OrderItem (id, orderId, shopItemId, type, priceEach, quantity, discount, sourcingId, deliveryId) VALUES (244, 55, 28, N'PRODUCT', 3.00, 9, 0.05, 221, 130);
INSERT INTO bbpet.dbo.OrderItem (id, orderId, shopItemId, type, priceEach, quantity, discount, sourcingId, deliveryId) VALUES (245, 55, 17, N'PRODUCT', 50.00, 4, 0.12, 222, 130);
INSERT INTO bbpet.dbo.OrderItem (id, orderId, shopItemId, type, priceEach, quantity, discount, sourcingId, deliveryId) VALUES (246, 55, 26, N'PRODUCT', 8.00, 8, 0.19, 223, 130);
INSERT INTO bbpet.dbo.OrderItem (id, orderId, shopItemId, type, priceEach, quantity, discount, sourcingId, deliveryId) VALUES (247, 55, 1, N'SERVICE', 30.00, 4, 0.08, 224, 131);
INSERT INTO bbpet.dbo.OrderItem (id, orderId, shopItemId, type, priceEach, quantity, discount, sourcingId, deliveryId) VALUES (248, 55, 6, N'SERVICE', 25.00, 2, 0.00, 225, 132);
INSERT INTO bbpet.dbo.OrderItem (id, orderId, shopItemId, type, priceEach, quantity, discount, sourcingId, deliveryId) VALUES (249, 56, 17, N'PRODUCT', 50.00, 6, 0.05, 226, 130);
INSERT INTO bbpet.dbo.OrderItem (id, orderId, shopItemId, type, priceEach, quantity, discount, sourcingId, deliveryId) VALUES (250, 56, 15, N'PRODUCT', 10.00, 1, 0.07, 227, 130);
INSERT INTO bbpet.dbo.OrderItem (id, orderId, shopItemId, type, priceEach, quantity, discount, sourcingId, deliveryId) VALUES (251, 56, 12, N'PRODUCT', 15.00, 6, 0.04, 228, 130);
INSERT INTO bbpet.dbo.OrderItem (id, orderId, shopItemId, type, priceEach, quantity, discount, sourcingId, deliveryId) VALUES (252, 57, 17, N'PRODUCT', 50.00, 5, 0.13, 229, 133);
INSERT INTO bbpet.dbo.OrderItem (id, orderId, shopItemId, type, priceEach, quantity, discount, sourcingId, deliveryId) VALUES (253, 57, 28, N'PRODUCT', 3.00, 3, 0.00, 230, 133);
INSERT INTO bbpet.dbo.OrderItem (id, orderId, shopItemId, type, priceEach, quantity, discount, sourcingId, deliveryId) VALUES (254, 57, 4, N'SERVICE', 40.00, 4, 0.16, 231, 134);
INSERT INTO bbpet.dbo.OrderItem (id, orderId, shopItemId, type, priceEach, quantity, discount, sourcingId, deliveryId) VALUES (255, 58, 30, N'PRODUCT', 10.00, 3, 0.04, 232, 135);
INSERT INTO bbpet.dbo.OrderItem (id, orderId, shopItemId, type, priceEach, quantity, discount, sourcingId, deliveryId) VALUES (256, 58, 21, N'PRODUCT', 15.00, 4, 0.05, 233, 135);
INSERT INTO bbpet.dbo.OrderItem (id, orderId, shopItemId, type, priceEach, quantity, discount, sourcingId, deliveryId) VALUES (257, 58, 24, N'PRODUCT', 20.00, 6, 0.01, 234, 135);
INSERT INTO bbpet.dbo.OrderItem (id, orderId, shopItemId, type, priceEach, quantity, discount, sourcingId, deliveryId) VALUES (258, 58, 7, N'SERVICE', 15.00, 4, 0.15, 235, 136);
INSERT INTO bbpet.dbo.OrderItem (id, orderId, shopItemId, type, priceEach, quantity, discount, sourcingId, deliveryId) VALUES (259, 58, 2, N'SERVICE', 25.00, 4, 0.14, 236, 137);
INSERT INTO bbpet.dbo.OrderItem (id, orderId, shopItemId, type, priceEach, quantity, discount, sourcingId, deliveryId) VALUES (260, 59, 28, N'PRODUCT', 3.00, 2, 0.18, 237, 138);
INSERT INTO bbpet.dbo.OrderItem (id, orderId, shopItemId, type, priceEach, quantity, discount, sourcingId, deliveryId) VALUES (261, 59, 27, N'PRODUCT', 5.00, 4, 0.17, 238, 138);
INSERT INTO bbpet.dbo.OrderItem (id, orderId, shopItemId, type, priceEach, quantity, discount, sourcingId, deliveryId) VALUES (262, 59, 29, N'PRODUCT', 12.00, 8, 0.18, 239, 138);
INSERT INTO bbpet.dbo.OrderItem (id, orderId, shopItemId, type, priceEach, quantity, discount, sourcingId, deliveryId) VALUES (263, 59, 15, N'PRODUCT', 10.00, 9, 0.14, 240, 138);
INSERT INTO bbpet.dbo.OrderItem (id, orderId, shopItemId, type, priceEach, quantity, discount, sourcingId, deliveryId) VALUES (264, 59, 1, N'SERVICE', 30.00, 2, 0.01, 241, 139);
INSERT INTO bbpet.dbo.OrderItem (id, orderId, shopItemId, type, priceEach, quantity, discount, sourcingId, deliveryId) VALUES (265, 59, 3, N'SERVICE', 50.00, 3, 0.12, 242, 140);
INSERT INTO bbpet.dbo.OrderItem (id, orderId, shopItemId, type, priceEach, quantity, discount, sourcingId, deliveryId) VALUES (266, 60, 16, N'PRODUCT', 8.00, 9, 0.11, 243, 141);
INSERT INTO bbpet.dbo.OrderItem (id, orderId, shopItemId, type, priceEach, quantity, discount, sourcingId, deliveryId) VALUES (267, 60, 19, N'PRODUCT', 30.00, 6, 0.02, 244, 141);
INSERT INTO bbpet.dbo.OrderItem (id, orderId, shopItemId, type, priceEach, quantity, discount, sourcingId, deliveryId) VALUES (268, 60, 14, N'PRODUCT', 5.00, 6, 0.09, 245, 141);
INSERT INTO bbpet.dbo.OrderItem (id, orderId, shopItemId, type, priceEach, quantity, discount, sourcingId, deliveryId) VALUES (269, 60, 21, N'PRODUCT', 15.00, 3, 0.16, 246, 141);
INSERT INTO bbpet.dbo.OrderItem (id, orderId, shopItemId, type, priceEach, quantity, discount, sourcingId, deliveryId) VALUES (270, 60, 6, N'SERVICE', 25.00, 4, 0.06, 247, 142);
INSERT INTO bbpet.dbo.OrderItem (id, orderId, shopItemId, type, priceEach, quantity, discount, sourcingId, deliveryId) VALUES (271, 60, 8, N'SERVICE', 20.00, 3, 0.13, 248, 143);
INSERT INTO bbpet.dbo.OrderItem (id, orderId, shopItemId, type, priceEach, quantity, discount, sourcingId, deliveryId) VALUES (272, 61, 12, N'PRODUCT', 15.00, 10, 0.07, 246, 144);
INSERT INTO bbpet.dbo.OrderItem (id, orderId, shopItemId, type, priceEach, quantity, discount, sourcingId, deliveryId) VALUES (273, 61, 21, N'PRODUCT', 15.00, 4, 0.07, 246, 144);
INSERT INTO bbpet.dbo.OrderItem (id, orderId, shopItemId, type, priceEach, quantity, discount, sourcingId, deliveryId) VALUES (274, 61, 4, N'SERVICE', 40.00, 2, 0.03, 249, 145);
INSERT INTO bbpet.dbo.OrderItem (id, orderId, shopItemId, type, priceEach, quantity, discount, sourcingId, deliveryId) VALUES (275, 61, 4, N'SERVICE', 40.00, 3, 0.18, 250, 146);
INSERT INTO bbpet.dbo.OrderItem (id, orderId, shopItemId, type, priceEach, quantity, discount, sourcingId, deliveryId) VALUES (276, 62, 21, N'PRODUCT', 15.00, 9, 0.17, 251, 147);
INSERT INTO bbpet.dbo.OrderItem (id, orderId, shopItemId, type, priceEach, quantity, discount, sourcingId, deliveryId) VALUES (277, 62, 23, N'PRODUCT', 12.00, 6, 0.08, 252, 147);
INSERT INTO bbpet.dbo.OrderItem (id, orderId, shopItemId, type, priceEach, quantity, discount, sourcingId, deliveryId) VALUES (278, 62, 16, N'PRODUCT', 8.00, 9, 0.19, 253, 147);
INSERT INTO bbpet.dbo.OrderItem (id, orderId, shopItemId, type, priceEach, quantity, discount, sourcingId, deliveryId) VALUES (279, 63, 20, N'PRODUCT', 25.00, 7, 0.15, 254, 148);
INSERT INTO bbpet.dbo.OrderItem (id, orderId, shopItemId, type, priceEach, quantity, discount, sourcingId, deliveryId) VALUES (280, 63, 27, N'PRODUCT', 5.00, 6, 0.07, 255, 148);
INSERT INTO bbpet.dbo.OrderItem (id, orderId, shopItemId, type, priceEach, quantity, discount, sourcingId, deliveryId) VALUES (281, 63, 12, N'PRODUCT', 15.00, 7, 0.16, 256, 148);
INSERT INTO bbpet.dbo.OrderItem (id, orderId, shopItemId, type, priceEach, quantity, discount, sourcingId, deliveryId) VALUES (282, 64, 18, N'PRODUCT', 100.00, 8, 0.17, 257, 149);
INSERT INTO bbpet.dbo.OrderItem (id, orderId, shopItemId, type, priceEach, quantity, discount, sourcingId, deliveryId) VALUES (283, 64, 7, N'SERVICE', 15.00, 3, 0.08, 258, 150);
INSERT INTO bbpet.dbo.OrderItem (id, orderId, shopItemId, type, priceEach, quantity, discount, sourcingId, deliveryId) VALUES (284, 65, 20, N'PRODUCT', 25.00, 10, 0.07, 259, 151);
INSERT INTO bbpet.dbo.OrderItem (id, orderId, shopItemId, type, priceEach, quantity, discount, sourcingId, deliveryId) VALUES (285, 65, 5, N'SERVICE', 30.00, 3, 0.16, 260, 152);
INSERT INTO bbpet.dbo.OrderItem (id, orderId, shopItemId, type, priceEach, quantity, discount, sourcingId, deliveryId) VALUES (286, 66, 24, N'PRODUCT', 20.00, 9, 0.01, 261, 153);
INSERT INTO bbpet.dbo.OrderItem (id, orderId, shopItemId, type, priceEach, quantity, discount, sourcingId, deliveryId) VALUES (287, 66, 16, N'PRODUCT', 8.00, 6, 0.09, 262, 153);
INSERT INTO bbpet.dbo.OrderItem (id, orderId, shopItemId, type, priceEach, quantity, discount, sourcingId, deliveryId) VALUES (288, 66, 18, N'PRODUCT', 100.00, 2, 0.08, 263, 153);
INSERT INTO bbpet.dbo.OrderItem (id, orderId, shopItemId, type, priceEach, quantity, discount, sourcingId, deliveryId) VALUES (289, 66, 5, N'SERVICE', 30.00, 4, 0.07, 264, 154);
INSERT INTO bbpet.dbo.OrderItem (id, orderId, shopItemId, type, priceEach, quantity, discount, sourcingId, deliveryId) VALUES (290, 67, 12, N'PRODUCT', 15.00, 2, 0.19, 265, 155);
INSERT INTO bbpet.dbo.OrderItem (id, orderId, shopItemId, type, priceEach, quantity, discount, sourcingId, deliveryId) VALUES (291, 67, 22, N'PRODUCT', 10.00, 7, 0.10, 266, 155);
INSERT INTO bbpet.dbo.OrderItem (id, orderId, shopItemId, type, priceEach, quantity, discount, sourcingId, deliveryId) VALUES (292, 67, 4, N'SERVICE', 40.00, 3, 0.02, 267, 156);
INSERT INTO bbpet.dbo.OrderItem (id, orderId, shopItemId, type, priceEach, quantity, discount, sourcingId, deliveryId) VALUES (293, 67, 7, N'SERVICE', 15.00, 2, 0.18, 268, 157);
INSERT INTO bbpet.dbo.OrderItem (id, orderId, shopItemId, type, priceEach, quantity, discount, sourcingId, deliveryId) VALUES (294, 67, 6, N'SERVICE', 25.00, 5, 0.18, 269, 158);
INSERT INTO bbpet.dbo.OrderItem (id, orderId, shopItemId, type, priceEach, quantity, discount, sourcingId, deliveryId) VALUES (295, 68, 23, N'PRODUCT', 12.00, 9, 0.15, 270, 159);
INSERT INTO bbpet.dbo.OrderItem (id, orderId, shopItemId, type, priceEach, quantity, discount, sourcingId, deliveryId) VALUES (296, 68, 8, N'SERVICE', 20.00, 2, 0.16, 271, 160);
INSERT INTO bbpet.dbo.OrderItem (id, orderId, shopItemId, type, priceEach, quantity, discount, sourcingId, deliveryId) VALUES (297, 69, 21, N'PRODUCT', 15.00, 4, 0.04, 270, 161);
INSERT INTO bbpet.dbo.OrderItem (id, orderId, shopItemId, type, priceEach, quantity, discount, sourcingId, deliveryId) VALUES (298, 70, 20, N'PRODUCT', 25.00, 8, 0.09, 270, 162);
INSERT INTO bbpet.dbo.OrderItem (id, orderId, shopItemId, type, priceEach, quantity, discount, sourcingId, deliveryId) VALUES (299, 70, 25, N'PRODUCT', 10.00, 9, 0.10, 270, 162);
INSERT INTO bbpet.dbo.OrderItem (id, orderId, shopItemId, type, priceEach, quantity, discount, sourcingId, deliveryId) VALUES (300, 70, 19, N'PRODUCT', 30.00, 10, 0.11, 270, 162);
INSERT INTO bbpet.dbo.OrderItem (id, orderId, shopItemId, type, priceEach, quantity, discount, sourcingId, deliveryId) VALUES (301, 70, 1, N'SERVICE', 30.00, 3, 0.08, 272, 163);
INSERT INTO bbpet.dbo.OrderItem (id, orderId, shopItemId, type, priceEach, quantity, discount, sourcingId, deliveryId) VALUES (302, 70, 10, N'SERVICE', 50.00, 4, 0.00, 273, 164);
INSERT INTO bbpet.dbo.OrderItem (id, orderId, shopItemId, type, priceEach, quantity, discount, sourcingId, deliveryId) VALUES (303, 71, 14, N'PRODUCT', 5.00, 1, 0.07, 270, 162);
INSERT INTO bbpet.dbo.OrderItem (id, orderId, shopItemId, type, priceEach, quantity, discount, sourcingId, deliveryId) VALUES (304, 71, 1, N'SERVICE', 30.00, 3, 0.19, 274, 164);
INSERT INTO bbpet.dbo.OrderItem (id, orderId, shopItemId, type, priceEach, quantity, discount, sourcingId, deliveryId) VALUES (305, 72, 26, N'PRODUCT', 8.00, 3, 0.04, 275, 165);
INSERT INTO bbpet.dbo.OrderItem (id, orderId, shopItemId, type, priceEach, quantity, discount, sourcingId, deliveryId) VALUES (306, 72, 12, N'PRODUCT', 15.00, 1, 0.08, 276, 165);
INSERT INTO bbpet.dbo.OrderItem (id, orderId, shopItemId, type, priceEach, quantity, discount, sourcingId, deliveryId) VALUES (307, 72, 4, N'SERVICE', 40.00, 4, 0.11, 277, 166);
INSERT INTO bbpet.dbo.OrderItem (id, orderId, shopItemId, type, priceEach, quantity, discount, sourcingId, deliveryId) VALUES (308, 72, 9, N'SERVICE', 25.00, 2, 0.18, 278, 167);
INSERT INTO bbpet.dbo.OrderItem (id, orderId, shopItemId, type, priceEach, quantity, discount, sourcingId, deliveryId) VALUES (309, 73, 19, N'PRODUCT', 30.00, 2, 0.15, 279, 168);
INSERT INTO bbpet.dbo.OrderItem (id, orderId, shopItemId, type, priceEach, quantity, discount, sourcingId, deliveryId) VALUES (310, 73, 13, N'PRODUCT', 10.00, 2, 0.13, 280, 168);
INSERT INTO bbpet.dbo.OrderItem (id, orderId, shopItemId, type, priceEach, quantity, discount, sourcingId, deliveryId) VALUES (311, 73, 23, N'PRODUCT', 12.00, 4, 0.00, 281, 168);
INSERT INTO bbpet.dbo.OrderItem (id, orderId, shopItemId, type, priceEach, quantity, discount, sourcingId, deliveryId) VALUES (312, 74, 18, N'PRODUCT', 100.00, 7, 0.03, 282, 169);
INSERT INTO bbpet.dbo.OrderItem (id, orderId, shopItemId, type, priceEach, quantity, discount, sourcingId, deliveryId) VALUES (313, 74, 19, N'PRODUCT', 30.00, 6, 0.02, 283, 169);
INSERT INTO bbpet.dbo.OrderItem (id, orderId, shopItemId, type, priceEach, quantity, discount, sourcingId, deliveryId) VALUES (314, 74, 8, N'SERVICE', 20.00, 3, 0.06, 284, 170);
INSERT INTO bbpet.dbo.OrderItem (id, orderId, shopItemId, type, priceEach, quantity, discount, sourcingId, deliveryId) VALUES (315, 74, 5, N'SERVICE', 30.00, 4, 0.01, 285, 171);
INSERT INTO bbpet.dbo.OrderItem (id, orderId, shopItemId, type, priceEach, quantity, discount, sourcingId, deliveryId) VALUES (316, 75, 11, N'PRODUCT', 20.00, 2, 0.09, 286, 172);
INSERT INTO bbpet.dbo.OrderItem (id, orderId, shopItemId, type, priceEach, quantity, discount, sourcingId, deliveryId) VALUES (317, 75, 27, N'PRODUCT', 5.00, 10, 0.16, 287, 172);
INSERT INTO bbpet.dbo.OrderItem (id, orderId, shopItemId, type, priceEach, quantity, discount, sourcingId, deliveryId) VALUES (318, 75, 3, N'SERVICE', 50.00, 4, 0.09, 288, 173);
INSERT INTO bbpet.dbo.OrderItem (id, orderId, shopItemId, type, priceEach, quantity, discount, sourcingId, deliveryId) VALUES (319, 76, 22, N'PRODUCT', 10.00, 2, 0.09, 289, 174);
INSERT INTO bbpet.dbo.OrderItem (id, orderId, shopItemId, type, priceEach, quantity, discount, sourcingId, deliveryId) VALUES (320, 76, 21, N'PRODUCT', 15.00, 3, 0.15, 290, 174);
INSERT INTO bbpet.dbo.OrderItem (id, orderId, shopItemId, type, priceEach, quantity, discount, sourcingId, deliveryId) VALUES (321, 76, 10, N'SERVICE', 50.00, 2, 0.16, 291, 175);
INSERT INTO bbpet.dbo.OrderItem (id, orderId, shopItemId, type, priceEach, quantity, discount, sourcingId, deliveryId) VALUES (322, 76, 10, N'SERVICE', 50.00, 1, 0.13, 292, 176);
INSERT INTO bbpet.dbo.OrderItem (id, orderId, shopItemId, type, priceEach, quantity, discount, sourcingId, deliveryId) VALUES (323, 77, 25, N'PRODUCT', 10.00, 2, 0.14, 290, 177);
INSERT INTO bbpet.dbo.OrderItem (id, orderId, shopItemId, type, priceEach, quantity, discount, sourcingId, deliveryId) VALUES (324, 77, 25, N'PRODUCT', 10.00, 9, 0.06, 290, 177);
INSERT INTO bbpet.dbo.OrderItem (id, orderId, shopItemId, type, priceEach, quantity, discount, sourcingId, deliveryId) VALUES (325, 77, 26, N'PRODUCT', 8.00, 5, 0.18, 290, 177);
INSERT INTO bbpet.dbo.OrderItem (id, orderId, shopItemId, type, priceEach, quantity, discount, sourcingId, deliveryId) VALUES (326, 77, 7, N'SERVICE', 15.00, 1, 0.01, 293, 178);
INSERT INTO bbpet.dbo.OrderItem (id, orderId, shopItemId, type, priceEach, quantity, discount, sourcingId, deliveryId) VALUES (327, 78, 29, N'PRODUCT', 12.00, 4, 0.20, 294, 179);
INSERT INTO bbpet.dbo.OrderItem (id, orderId, shopItemId, type, priceEach, quantity, discount, sourcingId, deliveryId) VALUES (328, 78, 29, N'PRODUCT', 12.00, 7, 0.09, 295, 179);
INSERT INTO bbpet.dbo.OrderItem (id, orderId, shopItemId, type, priceEach, quantity, discount, sourcingId, deliveryId) VALUES (329, 78, 24, N'PRODUCT', 20.00, 3, 0.14, 296, 179);
INSERT INTO bbpet.dbo.OrderItem (id, orderId, shopItemId, type, priceEach, quantity, discount, sourcingId, deliveryId) VALUES (330, 78, 1, N'SERVICE', 30.00, 4, 0.18, 297, 180);
INSERT INTO bbpet.dbo.OrderItem (id, orderId, shopItemId, type, priceEach, quantity, discount, sourcingId, deliveryId) VALUES (331, 78, 6, N'SERVICE', 25.00, 5, 0.13, 298, 181);
INSERT INTO bbpet.dbo.OrderItem (id, orderId, shopItemId, type, priceEach, quantity, discount, sourcingId, deliveryId) VALUES (332, 79, 18, N'PRODUCT', 100.00, 2, 0.10, 299, 182);
INSERT INTO bbpet.dbo.OrderItem (id, orderId, shopItemId, type, priceEach, quantity, discount, sourcingId, deliveryId) VALUES (333, 79, 27, N'PRODUCT', 5.00, 9, 0.12, 300, 182);
INSERT INTO bbpet.dbo.OrderItem (id, orderId, shopItemId, type, priceEach, quantity, discount, sourcingId, deliveryId) VALUES (334, 79, 23, N'PRODUCT', 12.00, 3, 0.20, 301, 182);
INSERT INTO bbpet.dbo.OrderItem (id, orderId, shopItemId, type, priceEach, quantity, discount, sourcingId, deliveryId) VALUES (335, 79, 2, N'SERVICE', 25.00, 1, 0.02, 302, 183);
INSERT INTO bbpet.dbo.OrderItem (id, orderId, shopItemId, type, priceEach, quantity, discount, sourcingId, deliveryId) VALUES (336, 79, 9, N'SERVICE', 25.00, 2, 0.05, 303, 184);
INSERT INTO bbpet.dbo.OrderItem (id, orderId, shopItemId, type, priceEach, quantity, discount, sourcingId, deliveryId) VALUES (337, 80, 21, N'PRODUCT', 15.00, 9, 0.09, 304, 185);
INSERT INTO bbpet.dbo.OrderItem (id, orderId, shopItemId, type, priceEach, quantity, discount, sourcingId, deliveryId) VALUES (338, 80, 28, N'PRODUCT', 3.00, 2, 0.04, 305, 185);
INSERT INTO bbpet.dbo.OrderItem (id, orderId, shopItemId, type, priceEach, quantity, discount, sourcingId, deliveryId) VALUES (339, 80, 19, N'PRODUCT', 30.00, 6, 0.17, 306, 185);
INSERT INTO bbpet.dbo.OrderItem (id, orderId, shopItemId, type, priceEach, quantity, discount, sourcingId, deliveryId) VALUES (340, 80, 23, N'PRODUCT', 12.00, 2, 0.11, 307, 185);
INSERT INTO bbpet.dbo.OrderItem (id, orderId, shopItemId, type, priceEach, quantity, discount, sourcingId, deliveryId) VALUES (341, 80, 2, N'SERVICE', 25.00, 1, 0.17, 308, 186);
INSERT INTO bbpet.dbo.OrderItem (id, orderId, shopItemId, type, priceEach, quantity, discount, sourcingId, deliveryId) VALUES (342, 80, 6, N'SERVICE', 25.00, 4, 0.09, 309, 187);
INSERT INTO bbpet.dbo.OrderItem (id, orderId, shopItemId, type, priceEach, quantity, discount, sourcingId, deliveryId) VALUES (343, 81, 22, N'PRODUCT', 10.00, 3, 0.06, 307, 188);
INSERT INTO bbpet.dbo.OrderItem (id, orderId, shopItemId, type, priceEach, quantity, discount, sourcingId, deliveryId) VALUES (344, 81, 15, N'PRODUCT', 10.00, 2, 0.07, 307, 188);
INSERT INTO bbpet.dbo.OrderItem (id, orderId, shopItemId, type, priceEach, quantity, discount, sourcingId, deliveryId) VALUES (345, 81, 23, N'PRODUCT', 12.00, 4, 0.06, 307, 188);
INSERT INTO bbpet.dbo.OrderItem (id, orderId, shopItemId, type, priceEach, quantity, discount, sourcingId, deliveryId) VALUES (346, 81, 6, N'SERVICE', 25.00, 2, 0.17, 310, 189);
INSERT INTO bbpet.dbo.OrderItem (id, orderId, shopItemId, type, priceEach, quantity, discount, sourcingId, deliveryId) VALUES (347, 82, 15, N'PRODUCT', 10.00, 7, 0.18, 307, 190);
INSERT INTO bbpet.dbo.OrderItem (id, orderId, shopItemId, type, priceEach, quantity, discount, sourcingId, deliveryId) VALUES (348, 82, 30, N'PRODUCT', 10.00, 4, 0.12, 307, 190);
INSERT INTO bbpet.dbo.OrderItem (id, orderId, shopItemId, type, priceEach, quantity, discount, sourcingId, deliveryId) VALUES (349, 82, 15, N'PRODUCT', 10.00, 5, 0.15, 307, 190);
INSERT INTO bbpet.dbo.OrderItem (id, orderId, shopItemId, type, priceEach, quantity, discount, sourcingId, deliveryId) VALUES (350, 83, 27, N'PRODUCT', 5.00, 10, 0.08, 311, 191);
INSERT INTO bbpet.dbo.OrderItem (id, orderId, shopItemId, type, priceEach, quantity, discount, sourcingId, deliveryId) VALUES (351, 83, 22, N'PRODUCT', 10.00, 4, 0.12, 312, 191);
INSERT INTO bbpet.dbo.OrderItem (id, orderId, shopItemId, type, priceEach, quantity, discount, sourcingId, deliveryId) VALUES (352, 84, 17, N'PRODUCT', 50.00, 6, 0.07, 313, 192);
INSERT INTO bbpet.dbo.OrderItem (id, orderId, shopItemId, type, priceEach, quantity, discount, sourcingId, deliveryId) VALUES (353, 84, 28, N'PRODUCT', 3.00, 2, 0.07, 314, 192);
INSERT INTO bbpet.dbo.OrderItem (id, orderId, shopItemId, type, priceEach, quantity, discount, sourcingId, deliveryId) VALUES (354, 84, 13, N'PRODUCT', 10.00, 4, 0.12, 315, 192);
INSERT INTO bbpet.dbo.OrderItem (id, orderId, shopItemId, type, priceEach, quantity, discount, sourcingId, deliveryId) VALUES (355, 84, 3, N'SERVICE', 50.00, 1, 0.17, 316, 193);
INSERT INTO bbpet.dbo.OrderItem (id, orderId, shopItemId, type, priceEach, quantity, discount, sourcingId, deliveryId) VALUES (356, 84, 9, N'SERVICE', 25.00, 3, 0.16, 317, 194);
INSERT INTO bbpet.dbo.OrderItem (id, orderId, shopItemId, type, priceEach, quantity, discount, sourcingId, deliveryId) VALUES (357, 85, 12, N'PRODUCT', 15.00, 5, 0.14, 318, 195);
INSERT INTO bbpet.dbo.OrderItem (id, orderId, shopItemId, type, priceEach, quantity, discount, sourcingId, deliveryId) VALUES (358, 85, 17, N'PRODUCT', 50.00, 9, 0.02, 319, 195);
INSERT INTO bbpet.dbo.OrderItem (id, orderId, shopItemId, type, priceEach, quantity, discount, sourcingId, deliveryId) VALUES (359, 85, 16, N'PRODUCT', 8.00, 8, 0.07, 320, 195);
INSERT INTO bbpet.dbo.OrderItem (id, orderId, shopItemId, type, priceEach, quantity, discount, sourcingId, deliveryId) VALUES (360, 85, 3, N'SERVICE', 50.00, 2, 0.18, 321, 196);
INSERT INTO bbpet.dbo.OrderItem (id, orderId, shopItemId, type, priceEach, quantity, discount, sourcingId, deliveryId) VALUES (361, 86, 13, N'PRODUCT', 10.00, 3, 0.13, 320, 195);
INSERT INTO bbpet.dbo.OrderItem (id, orderId, shopItemId, type, priceEach, quantity, discount, sourcingId, deliveryId) VALUES (362, 86, 29, N'PRODUCT', 12.00, 4, 0.01, 320, 195);
INSERT INTO bbpet.dbo.OrderItem (id, orderId, shopItemId, type, priceEach, quantity, discount, sourcingId, deliveryId) VALUES (363, 86, 12, N'PRODUCT', 15.00, 2, 0.13, 320, 195);
INSERT INTO bbpet.dbo.OrderItem (id, orderId, shopItemId, type, priceEach, quantity, discount, sourcingId, deliveryId) VALUES (364, 86, 22, N'PRODUCT', 10.00, 4, 0.00, 320, 195);
INSERT INTO bbpet.dbo.OrderItem (id, orderId, shopItemId, type, priceEach, quantity, discount, sourcingId, deliveryId) VALUES (365, 87, 29, N'PRODUCT', 12.00, 3, 0.14, 322, 197);
INSERT INTO bbpet.dbo.OrderItem (id, orderId, shopItemId, type, priceEach, quantity, discount, sourcingId, deliveryId) VALUES (366, 87, 13, N'PRODUCT', 10.00, 7, 0.18, 323, 197);
INSERT INTO bbpet.dbo.OrderItem (id, orderId, shopItemId, type, priceEach, quantity, discount, sourcingId, deliveryId) VALUES (367, 87, 22, N'PRODUCT', 10.00, 9, 0.20, 324, 197);
INSERT INTO bbpet.dbo.OrderItem (id, orderId, shopItemId, type, priceEach, quantity, discount, sourcingId, deliveryId) VALUES (368, 87, 19, N'PRODUCT', 30.00, 5, 0.06, 325, 197);
INSERT INTO bbpet.dbo.OrderItem (id, orderId, shopItemId, type, priceEach, quantity, discount, sourcingId, deliveryId) VALUES (369, 87, 5, N'SERVICE', 30.00, 4, 0.09, 326, 198);
INSERT INTO bbpet.dbo.OrderItem (id, orderId, shopItemId, type, priceEach, quantity, discount, sourcingId, deliveryId) VALUES (370, 87, 2, N'SERVICE', 25.00, 2, 0.16, 327, 199);
INSERT INTO bbpet.dbo.OrderItem (id, orderId, shopItemId, type, priceEach, quantity, discount, sourcingId, deliveryId) VALUES (371, 88, 22, N'PRODUCT', 10.00, 9, 0.06, 328, 200);
INSERT INTO bbpet.dbo.OrderItem (id, orderId, shopItemId, type, priceEach, quantity, discount, sourcingId, deliveryId) VALUES (372, 88, 14, N'PRODUCT', 5.00, 4, 0.17, 329, 200);
INSERT INTO bbpet.dbo.OrderItem (id, orderId, shopItemId, type, priceEach, quantity, discount, sourcingId, deliveryId) VALUES (373, 88, 18, N'PRODUCT', 100.00, 8, 0.04, 330, 200);
INSERT INTO bbpet.dbo.OrderItem (id, orderId, shopItemId, type, priceEach, quantity, discount, sourcingId, deliveryId) VALUES (374, 88, 26, N'PRODUCT', 8.00, 7, 0.12, 331, 200);
INSERT INTO bbpet.dbo.OrderItem (id, orderId, shopItemId, type, priceEach, quantity, discount, sourcingId, deliveryId) VALUES (375, 88, 4, N'SERVICE', 40.00, 2, 0.20, 332, 201);
INSERT INTO bbpet.dbo.OrderItem (id, orderId, shopItemId, type, priceEach, quantity, discount, sourcingId, deliveryId) VALUES (376, 89, 30, N'PRODUCT', 10.00, 9, 0.06, 333, 202);
INSERT INTO bbpet.dbo.OrderItem (id, orderId, shopItemId, type, priceEach, quantity, discount, sourcingId, deliveryId) VALUES (377, 89, 23, N'PRODUCT', 12.00, 5, 0.10, 334, 202);
INSERT INTO bbpet.dbo.OrderItem (id, orderId, shopItemId, type, priceEach, quantity, discount, sourcingId, deliveryId) VALUES (378, 89, 7, N'SERVICE', 15.00, 5, 0.04, 335, 203);
INSERT INTO bbpet.dbo.OrderItem (id, orderId, shopItemId, type, priceEach, quantity, discount, sourcingId, deliveryId) VALUES (379, 89, 5, N'SERVICE', 30.00, 2, 0.09, 336, 204);
INSERT INTO bbpet.dbo.OrderItem (id, orderId, shopItemId, type, priceEach, quantity, discount, sourcingId, deliveryId) VALUES (380, 89, 3, N'SERVICE', 50.00, 4, 0.17, 337, 205);
INSERT INTO bbpet.dbo.OrderItem (id, orderId, shopItemId, type, priceEach, quantity, discount, sourcingId, deliveryId) VALUES (381, 90, 17, N'PRODUCT', 50.00, 7, 0.06, 334, 206);
INSERT INTO bbpet.dbo.OrderItem (id, orderId, shopItemId, type, priceEach, quantity, discount, sourcingId, deliveryId) VALUES (382, 90, 23, N'PRODUCT', 12.00, 5, 0.12, 334, 206);
INSERT INTO bbpet.dbo.OrderItem (id, orderId, shopItemId, type, priceEach, quantity, discount, sourcingId, deliveryId) VALUES (383, 90, 25, N'PRODUCT', 10.00, 5, 0.09, 334, 206);
INSERT INTO bbpet.dbo.OrderItem (id, orderId, shopItemId, type, priceEach, quantity, discount, sourcingId, deliveryId) VALUES (384, 90, 17, N'PRODUCT', 50.00, 6, 0.15, 334, 206);
INSERT INTO bbpet.dbo.OrderItem (id, orderId, shopItemId, type, priceEach, quantity, discount, sourcingId, deliveryId) VALUES (385, 90, 5, N'SERVICE', 30.00, 2, 0.19, 338, 207);
INSERT INTO bbpet.dbo.OrderItem (id, orderId, shopItemId, type, priceEach, quantity, discount, sourcingId, deliveryId) VALUES (386, 90, 6, N'SERVICE', 25.00, 4, 0.12, 339, 208);
INSERT INTO bbpet.dbo.OrderItem (id, orderId, shopItemId, type, priceEach, quantity, discount, sourcingId, deliveryId) VALUES (387, 91, 21, N'PRODUCT', 15.00, 10, 0.20, 334, 206);
INSERT INTO bbpet.dbo.OrderItem (id, orderId, shopItemId, type, priceEach, quantity, discount, sourcingId, deliveryId) VALUES (388, 91, 17, N'PRODUCT', 50.00, 10, 0.06, 334, 206);
INSERT INTO bbpet.dbo.OrderItem (id, orderId, shopItemId, type, priceEach, quantity, discount, sourcingId, deliveryId) VALUES (389, 91, 14, N'PRODUCT', 5.00, 9, 0.18, 334, 206);
INSERT INTO bbpet.dbo.OrderItem (id, orderId, shopItemId, type, priceEach, quantity, discount, sourcingId, deliveryId) VALUES (390, 92, 18, N'PRODUCT', 100.00, 9, 0.08, 340, 209);
INSERT INTO bbpet.dbo.OrderItem (id, orderId, shopItemId, type, priceEach, quantity, discount, sourcingId, deliveryId) VALUES (391, 92, 19, N'PRODUCT', 30.00, 6, 0.02, 341, 209);
INSERT INTO bbpet.dbo.OrderItem (id, orderId, shopItemId, type, priceEach, quantity, discount, sourcingId, deliveryId) VALUES (392, 92, 30, N'PRODUCT', 10.00, 9, 0.19, 342, 209);
INSERT INTO bbpet.dbo.OrderItem (id, orderId, shopItemId, type, priceEach, quantity, discount, sourcingId, deliveryId) VALUES (393, 92, 7, N'SERVICE', 15.00, 4, 0.12, 343, 210);
INSERT INTO bbpet.dbo.OrderItem (id, orderId, shopItemId, type, priceEach, quantity, discount, sourcingId, deliveryId) VALUES (394, 92, 9, N'SERVICE', 25.00, 4, 0.11, 344, 211);
INSERT INTO bbpet.dbo.OrderItem (id, orderId, shopItemId, type, priceEach, quantity, discount, sourcingId, deliveryId) VALUES (395, 92, 9, N'SERVICE', 25.00, 1, 0.09, 345, 212);
INSERT INTO bbpet.dbo.OrderItem (id, orderId, shopItemId, type, priceEach, quantity, discount, sourcingId, deliveryId) VALUES (396, 93, 16, N'PRODUCT', 8.00, 5, 0.11, 346, 213);
INSERT INTO bbpet.dbo.OrderItem (id, orderId, shopItemId, type, priceEach, quantity, discount, sourcingId, deliveryId) VALUES (397, 93, 24, N'PRODUCT', 20.00, 4, 0.17, 347, 213);
INSERT INTO bbpet.dbo.OrderItem (id, orderId, shopItemId, type, priceEach, quantity, discount, sourcingId, deliveryId) VALUES (398, 93, 16, N'PRODUCT', 8.00, 4, 0.09, 348, 213);
INSERT INTO bbpet.dbo.OrderItem (id, orderId, shopItemId, type, priceEach, quantity, discount, sourcingId, deliveryId) VALUES (399, 93, 29, N'PRODUCT', 12.00, 4, 0.12, 349, 213);
INSERT INTO bbpet.dbo.OrderItem (id, orderId, shopItemId, type, priceEach, quantity, discount, sourcingId, deliveryId) VALUES (400, 93, 10, N'SERVICE', 50.00, 3, 0.02, 350, 214);
INSERT INTO bbpet.dbo.OrderItem (id, orderId, shopItemId, type, priceEach, quantity, discount, sourcingId, deliveryId) VALUES (401, 93, 9, N'SERVICE', 25.00, 4, 0.08, 351, 215);
INSERT INTO bbpet.dbo.OrderItem (id, orderId, shopItemId, type, priceEach, quantity, discount, sourcingId, deliveryId) VALUES (402, 94, 24, N'PRODUCT', 20.00, 5, 0.11, 352, 216);
INSERT INTO bbpet.dbo.OrderItem (id, orderId, shopItemId, type, priceEach, quantity, discount, sourcingId, deliveryId) VALUES (403, 94, 29, N'PRODUCT', 12.00, 6, 0.20, 353, 216);
INSERT INTO bbpet.dbo.OrderItem (id, orderId, shopItemId, type, priceEach, quantity, discount, sourcingId, deliveryId) VALUES (404, 94, 6, N'SERVICE', 25.00, 2, 0.10, 354, 217);
INSERT INTO bbpet.dbo.OrderItem (id, orderId, shopItemId, type, priceEach, quantity, discount, sourcingId, deliveryId) VALUES (405, 94, 5, N'SERVICE', 30.00, 1, 0.00, 355, 218);
INSERT INTO bbpet.dbo.OrderItem (id, orderId, shopItemId, type, priceEach, quantity, discount, sourcingId, deliveryId) VALUES (406, 94, 2, N'SERVICE', 25.00, 4, 0.13, 356, 219);
INSERT INTO bbpet.dbo.OrderItem (id, orderId, shopItemId, type, priceEach, quantity, discount, sourcingId, deliveryId) VALUES (407, 95, 18, N'PRODUCT', 100.00, 7, 0.04, 357, 220);
INSERT INTO bbpet.dbo.OrderItem (id, orderId, shopItemId, type, priceEach, quantity, discount, sourcingId, deliveryId) VALUES (408, 95, 8, N'SERVICE', 20.00, 4, 0.02, 358, 221);
INSERT INTO bbpet.dbo.OrderItem (id, orderId, shopItemId, type, priceEach, quantity, discount, sourcingId, deliveryId) VALUES (409, 95, 6, N'SERVICE', 25.00, 3, 0.01, 359, 222);
INSERT INTO bbpet.dbo.OrderItem (id, orderId, shopItemId, type, priceEach, quantity, discount, sourcingId, deliveryId) VALUES (410, 96, 20, N'PRODUCT', 25.00, 10, 0.01, 360, 223);
INSERT INTO bbpet.dbo.OrderItem (id, orderId, shopItemId, type, priceEach, quantity, discount, sourcingId, deliveryId) VALUES (411, 96, 6, N'SERVICE', 25.00, 4, 0.13, 361, 224);
INSERT INTO bbpet.dbo.OrderItem (id, orderId, shopItemId, type, priceEach, quantity, discount, sourcingId, deliveryId) VALUES (412, 96, 10, N'SERVICE', 50.00, 2, 0.12, 362, 225);
INSERT INTO bbpet.dbo.OrderItem (id, orderId, shopItemId, type, priceEach, quantity, discount, sourcingId, deliveryId) VALUES (413, 97, 16, N'PRODUCT', 8.00, 2, 0.11, 363, 226);
INSERT INTO bbpet.dbo.OrderItem (id, orderId, shopItemId, type, priceEach, quantity, discount, sourcingId, deliveryId) VALUES (414, 97, 15, N'PRODUCT', 10.00, 6, 0.19, 364, 226);
INSERT INTO bbpet.dbo.OrderItem (id, orderId, shopItemId, type, priceEach, quantity, discount, sourcingId, deliveryId) VALUES (415, 97, 29, N'PRODUCT', 12.00, 9, 0.19, 365, 226);
INSERT INTO bbpet.dbo.OrderItem (id, orderId, shopItemId, type, priceEach, quantity, discount, sourcingId, deliveryId) VALUES (416, 97, 22, N'PRODUCT', 10.00, 2, 0.05, 366, 226);
INSERT INTO bbpet.dbo.OrderItem (id, orderId, shopItemId, type, priceEach, quantity, discount, sourcingId, deliveryId) VALUES (417, 97, 5, N'SERVICE', 30.00, 5, 0.12, 367, 227);
INSERT INTO bbpet.dbo.OrderItem (id, orderId, shopItemId, type, priceEach, quantity, discount, sourcingId, deliveryId) VALUES (418, 97, 6, N'SERVICE', 25.00, 3, 0.12, 368, 228);
INSERT INTO bbpet.dbo.OrderItem (id, orderId, shopItemId, type, priceEach, quantity, discount, sourcingId, deliveryId) VALUES (419, 98, 18, N'PRODUCT', 100.00, 9, 0.17, 369, 229);
INSERT INTO bbpet.dbo.OrderItem (id, orderId, shopItemId, type, priceEach, quantity, discount, sourcingId, deliveryId) VALUES (420, 98, 18, N'PRODUCT', 100.00, 9, 0.02, 370, 229);
INSERT INTO bbpet.dbo.OrderItem (id, orderId, shopItemId, type, priceEach, quantity, discount, sourcingId, deliveryId) VALUES (421, 98, 17, N'PRODUCT', 50.00, 9, 0.08, 371, 229);
INSERT INTO bbpet.dbo.OrderItem (id, orderId, shopItemId, type, priceEach, quantity, discount, sourcingId, deliveryId) VALUES (422, 99, 22, N'PRODUCT', 10.00, 2, 0.12, 372, 230);
INSERT INTO bbpet.dbo.OrderItem (id, orderId, shopItemId, type, priceEach, quantity, discount, sourcingId, deliveryId) VALUES (423, 99, 16, N'PRODUCT', 8.00, 9, 0.17, 373, 230);
INSERT INTO bbpet.dbo.OrderItem (id, orderId, shopItemId, type, priceEach, quantity, discount, sourcingId, deliveryId) VALUES (424, 99, 25, N'PRODUCT', 10.00, 4, 0.13, 374, 230);
INSERT INTO bbpet.dbo.OrderItem (id, orderId, shopItemId, type, priceEach, quantity, discount, sourcingId, deliveryId) VALUES (425, 99, 29, N'PRODUCT', 12.00, 10, 0.10, 375, 230);
INSERT INTO bbpet.dbo.OrderItem (id, orderId, shopItemId, type, priceEach, quantity, discount, sourcingId, deliveryId) VALUES (426, 99, 8, N'SERVICE', 20.00, 4, 0.14, 376, 231);
INSERT INTO bbpet.dbo.OrderItem (id, orderId, shopItemId, type, priceEach, quantity, discount, sourcingId, deliveryId) VALUES (427, 100, 29, N'PRODUCT', 12.00, 4, 0.08, 377, 232);
INSERT INTO bbpet.dbo.OrderItem (id, orderId, shopItemId, type, priceEach, quantity, discount, sourcingId, deliveryId) VALUES (428, 100, 27, N'PRODUCT', 5.00, 9, 0.08, 378, 232);
INSERT INTO bbpet.dbo.OrderItem (id, orderId, shopItemId, type, priceEach, quantity, discount, sourcingId, deliveryId) VALUES (429, 100, 13, N'PRODUCT', 10.00, 6, 0.01, 379, 232);
INSERT INTO bbpet.dbo.OrderItem (id, orderId, shopItemId, type, priceEach, quantity, discount, sourcingId, deliveryId) VALUES (430, 100, 6, N'SERVICE', 25.00, 4, 0.05, 380, 233);
INSERT INTO bbpet.dbo.OrderItem (id, orderId, shopItemId, type, priceEach, quantity, discount, sourcingId, deliveryId) VALUES (431, 101, 17, N'PRODUCT', 50.00, 2, 0.03, 381, 234);
INSERT INTO bbpet.dbo.OrderItem (id, orderId, shopItemId, type, priceEach, quantity, discount, sourcingId, deliveryId) VALUES (432, 101, 30, N'PRODUCT', 10.00, 4, 0.02, 382, 234);
INSERT INTO bbpet.dbo.OrderItem (id, orderId, shopItemId, type, priceEach, quantity, discount, sourcingId, deliveryId) VALUES (433, 101, 4, N'SERVICE', 40.00, 4, 0.11, 383, 235);
INSERT INTO bbpet.dbo.OrderItem (id, orderId, shopItemId, type, priceEach, quantity, discount, sourcingId, deliveryId) VALUES (434, 101, 5, N'SERVICE', 30.00, 2, 0.18, 384, 236);
INSERT INTO bbpet.dbo.OrderItem (id, orderId, shopItemId, type, priceEach, quantity, discount, sourcingId, deliveryId) VALUES (435, 101, 1, N'SERVICE', 30.00, 3, 0.01, 385, 237);
INSERT INTO bbpet.dbo.OrderItem (id, orderId, shopItemId, type, priceEach, quantity, discount, sourcingId, deliveryId) VALUES (436, 102, 16, N'PRODUCT', 8.00, 8, 0.02, 386, 238);
INSERT INTO bbpet.dbo.OrderItem (id, orderId, shopItemId, type, priceEach, quantity, discount, sourcingId, deliveryId) VALUES (437, 102, 14, N'PRODUCT', 5.00, 5, 0.20, 387, 238);
INSERT INTO bbpet.dbo.OrderItem (id, orderId, shopItemId, type, priceEach, quantity, discount, sourcingId, deliveryId) VALUES (438, 102, 29, N'PRODUCT', 12.00, 10, 0.16, 388, 238);
INSERT INTO bbpet.dbo.OrderItem (id, orderId, shopItemId, type, priceEach, quantity, discount, sourcingId, deliveryId) VALUES (439, 102, 10, N'SERVICE', 50.00, 4, 0.08, 389, 239);
INSERT INTO bbpet.dbo.OrderItem (id, orderId, shopItemId, type, priceEach, quantity, discount, sourcingId, deliveryId) VALUES (440, 103, 17, N'PRODUCT', 50.00, 4, 0.01, 390, 240);
INSERT INTO bbpet.dbo.OrderItem (id, orderId, shopItemId, type, priceEach, quantity, discount, sourcingId, deliveryId) VALUES (441, 103, 29, N'PRODUCT', 12.00, 3, 0.10, 391, 240);
INSERT INTO bbpet.dbo.OrderItem (id, orderId, shopItemId, type, priceEach, quantity, discount, sourcingId, deliveryId) VALUES (442, 103, 13, N'PRODUCT', 10.00, 8, 0.03, 392, 240);
INSERT INTO bbpet.dbo.OrderItem (id, orderId, shopItemId, type, priceEach, quantity, discount, sourcingId, deliveryId) VALUES (443, 103, 9, N'SERVICE', 25.00, 3, 0.09, 393, 241);
INSERT INTO bbpet.dbo.OrderItem (id, orderId, shopItemId, type, priceEach, quantity, discount, sourcingId, deliveryId) VALUES (444, 103, 3, N'SERVICE', 50.00, 5, 0.14, 394, 242);
SET IDENTITY_INSERT bbpet.dbo.OrderItem OFF;



